# generated: model=plummer N=4096 seed=2026 G=1.0 Mtot=1.0 Rscale=2.0
-1.1675377592e+00 -1.6580912510e-01 -5.1704344052e-01    2.0707353397e-01 -2.6846208570e-02 -1.3274639500e-01    2.4414062500e-04
-2.4745681230e+00 -4.8899930263e-01  2.2184395377e+00   -7.7633317819e-02 -2.4454858436e-02  5.0496905470e-02    2.4414062500e-04
 1.0624807904e+00  2.1890562341e+00 -7.5300309688e-01    9.0426902507e-03 -3.1956543600e-02  2.5259176370e-02    2.4414062500e-04
 2.5691504453e-01  7.8625305091e-01  1.9588219465e+00    3.1348336134e-02  9.8166672826e-02  3.7885367991e-03    2.4414062500e-04
-1.3021059501e+00  1.1829015226e-01 -1.4448110693e+00    3.7289816931e-01  9.6763418706e-02 -2.5515161269e-01    2.4414062500e-04
 1.0239931196e+00 -3.6967729285e+00 -2.8627959416e+00    1.3204091843e-01  4.3914341588e-02 -1.7905570687e-01    2.4414062500e-04
 2.4999760830e-01 -7.2504866140e+00  2.1277443434e+00    2.0910156874e-01  5.5249371631e-02 -1.5623982653e-01    2.4414062500e-04
-3.8600001637e-01 -1.1423753480e+00 -3.5442380145e-01    7.6358647931e-02 -2.1853185253e-01 -5.1991005568e-01    2.4414062500e-04
 3.0023257732e+00  1.1587164470e+00  1.5566396964e+00   -1.8158503876e-02 -5.2552845843e-02  1.0650434491e-02    2.4414062500e-04
-1.6692167783e+00 -2.4357193291e-01  3.9671412190e-01    1.8949980653e-01  3.3138434039e-01  2.4781168705e-01    2.4414062500e-04
-3.5016912530e+00  1.0998723200e+01  6.7195796385e+00   -3.1306090237e-02  1.8481907434e-01 -1.0714712093e-02    2.4414062500e-04
-2.4200400599e+00  4.3913810192e+00  6.7462106673e+00    5.7796738723e-02 -4.4239379787e-03 -6.2924388892e-02    2.4414062500e-04
 1.7057820254e+00  1.4872937861e+00 -2.5537270695e+00    3.8785427748e-01  1.8543269736e-02 -2.1353472185e-01    2.4414062500e-04
 7.2459827018e-01  1.2532397693e+00 -4.1400151395e+00   -2.5861631602e-02 -1.7010170526e-01  3.3279915426e-02    2.4414062500e-04
-5.7213887611e-01 -1.1535976617e+00  2.3229008794e+00    5.0358742008e-02 -1.2280295610e-01  4.8551247971e-01    2.4414062500e-04
-5.2485328643e+00  1.1744033386e+00 -2.1254966216e-01   -1.0269601856e-01  1.3665402748e-01  6.2369879203e-02    2.4414062500e-04
 1.2773391829e+00 -3.3336100005e-02 -2.0109372316e+00    2.3999256651e-01 -2.3998441962e-01 -2.2509121950e-01    2.4414062500e-04
 2.9400904272e-01  1.9602236733e+00  4.7818284215e-01   -1.0541233355e-01  2.8231220487e-01 -2.5042046546e-01    2.4414062500e-04
 7.4187857388e-01 -9.6677850423e-01  1.2100559797e+00   -8.6464482917e-02  3.1687353334e-01  1.4839898735e-01    2.4414062500e-04
 1.3801568502e+00 -3.7859131403e-02  8.0310402601e-01    3.4690428683e-01 -2.5201933780e-01 -5.1926242068e-01    2.4414062500e-04
 2.3666166687e+00  2.2054002938e-03 -1.4350214879e+00    3.0707909180e-02 -7.3044248321e-02  1.4581021162e-01    2.4414062500e-04
 1.9575590437e+00 -4.7063057149e-01  1.2106829351e+00   -7.0416924108e-02  1.3151138291e-01 -1.5259739433e-02    2.4414062500e-04
-6.4005028900e-01 -3.2542698290e+00 -1.0088522548e+00    1.1929512651e-01 -2.3447868422e-01 -4.5374389676e-01    2.4414062500e-04
 1.8273294213e-01 -1.7923876027e-01  4.1241442637e-01    1.6787527905e-01 -4.9654160883e-02 -4.4634698529e-02    2.4414062500e-04
-2.1021059653e+00 -8.6544854775e-01  3.0724890894e-01    4.7057674966e-01  2.2439401025e-01  1.2337577990e-03    2.4414062500e-04
 5.1400373205e-01  2.0362351193e+00  4.2230336120e-01   -2.9072247321e-01  5.1784368270e-01  2.1808025118e-01    2.4414062500e-04
 1.3460127612e+00 -2.9830218433e-01  5.0394586889e-01   -1.0719928759e-01  5.6962218187e-02  3.0533323445e-01    2.4414062500e-04
-1.4711905707e+00  2.7507725621e+00 -4.3138927276e-01    2.8317006617e-01  1.3371014736e-01  2.0760259285e-02    2.4414062500e-04
-6.7257014754e-01  6.7460083746e-02 -2.1774088279e+00    1.1901970649e-01 -5.9427926034e-02  9.5062645315e-02    2.4414062500e-04
-3.4761809433e-01 -1.6421353158e+00 -2.9959089705e-01   -8.7444300819e-02  1.7140848725e-01  1.7000740210e-01    2.4414062500e-04
-7.6628743690e-02  1.3144653710e+00 -7.7471310858e-01   -2.4634222276e-01  3.3753315330e-01 -3.0143774749e-01    2.4414062500e-04
-5.8722907195e+00 -1.1452998413e-01 -2.7307144425e+00   -2.2441592033e-04 -6.0390132415e-02  4.5557426702e-02    2.4414062500e-04
-2.2470648519e+00  4.4290698976e+00 -5.7164941179e-01    2.4096190549e-01 -9.9642280276e-02 -4.7945172211e-02    2.4414062500e-04
 3.0244992668e+00 -2.8689612902e-01 -1.0588391282e+00   -2.9707460010e-02 -1.2173144467e-01 -7.6594219566e-02    2.4414062500e-04
-3.6634516063e-01 -1.3343486468e+00  1.3260929474e+00    6.1454579368e-02  1.5283371476e-01 -2.1505548627e-01    2.4414062500e-04
-5.4204049056e+00  4.6127882982e-01  8.8400915587e+00   -1.3234260174e-01 -3.3223333846e-02 -1.0822726191e-01    2.4414062500e-04
-3.6522793640e-01  1.0768813643e+00 -2.6953285058e+00    2.7082379146e-03  1.3738036631e-01 -4.2164232438e-01    2.4414062500e-04
 1.1823609152e+00  2.0919543103e+00 -1.9318696700e-01    5.7791306022e-02  9.2339333527e-03  3.3577128788e-02    2.4414062500e-04
-3.4582923466e+00  6.3303237475e-01  6.5529717818e+00   -2.9252515526e-02 -6.7319153871e-02  5.1174974411e-02    2.4414062500e-04
-1.2476936476e-01  1.7108093087e+00 -8.7992775955e-01   -9.3388443037e-03  6.0534538555e-01  2.1197245344e-01    2.4414062500e-04
-4.0594423130e-01  3.7276947035e+00  1.0944715636e+00    2.5424304282e-01 -5.0786289816e-02 -2.4744190906e-02    2.4414062500e-04
-3.5356310025e-01  1.8893331012e+00  3.1043308886e-02    6.6668664066e-01  3.2082124530e-02  1.6030036141e-01    2.4414062500e-04
 3.7839374591e-01 -3.3089305664e-01 -1.5512115615e+00    1.9448942434e-01  2.9450365011e-01  5.6698090890e-02    2.4414062500e-04
 7.0921980403e-01  3.8873071052e+00 -2.1938140100e-01   -3.4864142546e-02 -1.0325523248e-01  1.9337480653e-01    2.4414062500e-04
 1.3388404583e+00 -7.4170298433e-01  2.7294625977e-01   -2.2876425450e-01  1.3608124857e-01  3.1490315520e-02    2.4414062500e-04
 2.0514137786e+00  1.6617025554e+00 -3.9285551226e-01    6.1091358059e-02  6.6960100888e-05 -2.0740382731e-01    2.4414062500e-04
-2.6514001401e+00 -8.2872088530e-02  1.3576182810e+00   -1.9891312612e-02 -2.0342171526e-02  7.0165426191e-02    2.4414062500e-04
 6.6287459242e-01  1.5717201201e-02  1.2901722441e+00    2.3896668962e-02  1.6760823926e-01 -2.1115552237e-01    2.4414062500e-04
-2.0570529846e+00  1.0050322945e+00  3.4797537034e+00    1.5506379424e-01  1.1283063952e-01 -3.3349785300e-01    2.4414062500e-04
 1.6754251757e+00  2.0954962301e+00 -1.1791133813e+00    2.5224780825e-01 -3.6781903848e-01 -4.8100278177e-01    2.4414062500e-04
-1.2292246325e+00  7.4696431920e-01  2.9645214387e+00   -4.8007186737e-02 -8.4950389867e-02  1.6584148685e-01    2.4414062500e-04
-1.6012520261e+00  5.5310205505e-01 -1.1181457945e+00   -3.0168248133e-02 -2.7269162223e-01  7.5232979102e-02    2.4414062500e-04
-3.8799181918e-02 -1.9998323538e+00  9.0212937705e-01    3.5958161102e-01  2.2467867956e-01  1.4690470927e-01    2.4414062500e-04
-2.0742172977e+00  5.5945629271e-01 -1.3541437598e+00   -1.7324365225e-01 -2.5783129667e-01  1.7526147048e-01    2.4414062500e-04
-1.7726835422e+00  1.5500978017e+00  8.0862793367e-01    2.8463575341e-02  1.0427395006e-01  6.1180749673e-02    2.4414062500e-04
-1.6146575564e+00 -3.1588079528e+00  3.1427135438e-01    1.5581968733e-01  3.2837075348e-01  9.2337000751e-03    2.4414062500e-04
 3.4232929832e-01 -1.8285494768e+00  2.3310582025e+00    5.5396187649e-02 -6.5176851755e-02  4.5559621826e-02    2.4414062500e-04
 1.0841107200e+00 -1.6200361247e+00  1.0703986208e+00    2.2448098023e-02 -1.1474440403e-01  2.8489609438e-01    2.4414062500e-04
-6.4949805937e-02  2.2727687058e-01  1.8358630922e-01    2.9764495829e-01 -4.2908229091e-01  1.5342287050e-01    2.4414062500e-04
 4.0268815249e+00 -2.7008791077e+00 -7.2358155900e-01    2.8357903188e-01  2.5400733512e-01 -1.2332099320e-01    2.4414062500e-04
-1.2577443654e+00 -9.1183930601e-01  2.1687886355e+00    1.2701629516e-01 -1.3491049595e-01 -2.7090546418e-01    2.4414062500e-04
 9.3657164580e-01 -1.2610377109e+00 -9.8642857393e-01   -3.8943923314e-01  2.4827730780e-02 -3.3987121941e-01    2.4414062500e-04
-1.8655786562e+00 -1.1687405641e+00  1.2695170622e+00   -1.5569781261e-02  2.3118830840e-03  1.0771408028e-02    2.4414062500e-04
-5.3365284223e-01 -6.6549671518e-01 -3.2816353546e-01    2.5587737144e-01  3.8378982614e-01  4.7802242325e-01    2.4414062500e-04
 1.6587700323e+00 -2.2525798637e+00 -7.0371203772e+00   -1.2762892486e-01 -2.5764720243e-01 -3.8446928726e-02    2.4414062500e-04
-1.4230188998e+01  1.5798801545e+01 -1.1304843642e+01   -9.0230187867e-02 -1.6229298429e-01 -6.4190647457e-02    2.4414062500e-04
-1.8429437331e-01 -7.1891462251e-01 -7.2625593171e-02   -2.9427425460e-01 -9.5735564005e-02 -8.9514099363e-02    2.4414062500e-04
 6.2523741640e-01 -1.8416951594e+00  2.3968253609e-01   -1.1153653721e-01  1.1392719652e-01  2.1708271513e-01    2.4414062500e-04
 3.0480688900e+00  2.2649369640e-01 -2.8319541601e+00    7.6814958081e-02  1.0863012129e-01 -1.4149279663e-02    2.4414062500e-04
 1.1460881488e+00  1.1907589882e+00 -9.8534774466e-01   -5.3007845512e-04  9.5465923187e-03  7.8133940467e-03    2.4414062500e-04
 7.0483293699e-01  4.1003382983e-01 -2.8314581081e+00   -5.0523028724e-02  3.7502313428e-01  4.6569070554e-01    2.4414062500e-04
 5.8606913804e-01 -2.0996581639e+00  7.5664705700e-02    6.5397485151e-02  7.5030985422e-02 -1.5693365131e-04    2.4414062500e-04
-2.3623418078e+00  9.3595257234e-01  3.8902785895e+00   -3.7078669663e-02 -2.5915616199e-01  7.8498484878e-02    2.4414062500e-04
-3.7224275817e+00 -5.5856977331e+00 -9.6164349502e+00    5.3050829627e-02  6.5894025139e-02  1.4484200565e-01    2.4414062500e-04
-4.8610609400e+00  5.0314479900e+00  2.3722187174e-01    8.8601071360e-02 -1.4187488124e-01  2.7108398886e-01    2.4414062500e-04
-3.1020747407e+00 -3.6725092517e-01 -6.8439888805e-01    8.3024229655e-02  2.0949307287e-01  2.1310377879e-01    2.4414062500e-04
 9.4623583984e-01 -6.5661401897e-01  6.0969484129e-01    2.8720886700e-01  1.0805797269e-01  2.9792981464e-01    2.4414062500e-04
-5.0763850130e-01 -8.7599511470e+00 -5.4315218386e+00    1.5936491541e-02  1.0228944258e-01 -1.6780013406e-01    2.4414062500e-04
 6.3077018451e-01  2.3909806594e-01  1.0937632019e-01    1.8206326657e-01  2.8148755106e-01  2.3426704243e-02    2.4414062500e-04
 3.4456020680e-02 -1.6858553318e+00 -2.7001605629e-01   -4.9204640740e-01 -1.1688908745e-01 -2.7819745645e-01    2.4414062500e-04
 6.0790337327e-01  1.0284266844e+00  1.3760029187e+00    1.6164235483e-01  2.2361296216e-02 -8.5998284692e-02    2.4414062500e-04
 1.6309669511e+00  2.4948455226e+00 -2.1814787155e+00   -1.4509493005e-02 -9.7156317578e-02 -1.5958117637e-01    2.4414062500e-04
 2.1383867489e+00 -1.3004125282e+00  5.4314590113e-01   -3.9296585095e-01  2.0142152477e-01 -2.2198960140e-01    2.4414062500e-04
-1.2628295088e-01  1.0782708449e+00 -5.9213872596e-02    1.4798330384e-01 -1.4440706174e-01 -3.1059524400e-01    2.4414062500e-04
 2.8895851167e-01 -1.2205654643e-01  3.9806537518e-01   -4.6026465211e-01  3.7138172712e-01 -4.3034312469e-01    2.4414062500e-04
 1.7151517377e+00  2.7491713854e+00 -3.8459514763e-01   -4.9699382417e-02  2.8704979439e-01  2.0820303016e-02    2.4414062500e-04
 1.4865938721e+00  1.2210869268e+00  1.8358625451e+00    3.1348602036e-01  1.2949863825e-01  3.1588411955e-01    2.4414062500e-04
 1.7417495098e+00  6.0627005251e-01  2.6363122116e+00    2.4207051693e-01  3.1121643380e-03  2.8341484831e-01    2.4414062500e-04
-2.7382677864e+00 -1.9149529915e-01 -8.1431510651e-01   -3.3284881327e-01 -4.9650860735e-02 -8.2722919540e-02    2.4414062500e-04
 5.8943386952e+00 -4.6919350858e-01  3.9491156464e+00   -3.6036393191e-02 -1.1862751415e-01 -2.7778598832e-01    2.4414062500e-04
 1.2831252275e+00  6.5612119200e+00  5.0315763456e+00   -2.3859375909e-02 -4.1629323026e-02  5.2813515244e-02    2.4414062500e-04
 2.5253184527e-01  1.4521761266e+00  2.3827673270e-01    3.2728153673e-01 -1.5479428047e-01 -2.6499932900e-01    2.4414062500e-04
-1.9645989320e+00  3.3546370060e+00  9.1851868179e+00    2.0556805026e-02  1.3426716222e-01  4.0463270461e-02    2.4414062500e-04
 3.0914886057e+00 -2.1623332479e+00  3.0206938354e+00   -8.7533002776e-02  7.5787877414e-02 -2.4233677828e-01    2.4414062500e-04
-7.2083908906e-01 -3.0763194633e+00 -9.2576131353e-01    2.2682668126e-01 -1.5008736591e-01  2.1806498184e-01    2.4414062500e-04
 6.3930545581e-01 -3.3482556867e+00  6.6053796846e-01    1.3488403496e-01  1.0292136702e-01  1.7295463008e-01    2.4414062500e-04
 2.6861593462e+00  5.2823492112e-02  1.0972555517e+00   -1.4819967936e-01  1.6619104110e-01  1.2706089512e-01    2.4414062500e-04
-7.1650401702e-01 -8.0247195246e+00  1.1049481099e+00    2.5881980846e-01 -6.5252171183e-02  3.3097424381e-02    2.4414062500e-04
-4.6826007209e-01  3.4645465081e-01 -1.4190640297e+00    3.4731640137e-01 -2.6681699743e-01 -1.7558580212e-01    2.4414062500e-04
 5.2276047010e-01  1.2566092655e+00  2.8985600608e+00    5.9805413916e-02  1.4780358460e-01  4.0316221545e-02    2.4414062500e-04
 1.2079761102e+00 -4.9935233492e+00  4.1479966560e-01    8.1149964410e-02  1.8494515135e-02 -9.6381380039e-04    2.4414062500e-04
-7.9132968556e-01 -7.4441972304e-01  1.7011256483e-01   -9.0864573573e-02  6.6498099282e-03 -5.5767309671e-02    2.4414062500e-04
 1.4681112532e+00  7.3215925862e-01  2.8673018732e+00    9.5479895931e-02  1.5837090834e-01  6.1747978754e-02    2.4414062500e-04
 1.0651728491e+00  8.2259090547e-01 -1.7715539248e+00   -2.8044269430e-03 -6.1687077453e-03  4.0121113017e-03    2.4414062500e-04
-1.8073200544e+00  7.8332273136e-01 -4.0463881387e+00    1.9330243124e-02  3.7418817228e-02 -3.3238910349e-03    2.4414062500e-04
-4.6729650804e-01 -5.8279372950e-01 -2.5052799933e-01   -4.2228220173e-01 -9.4878137197e-02  1.7227799934e-01    2.4414062500e-04
 6.4368229334e-01  3.2000172886e+00  2.7996044682e-01    1.5588857976e-02 -3.9139136305e-02  5.4042135780e-02    2.4414062500e-04
-9.7941072142e-01 -3.4069632524e+00  4.8944592020e+00    1.9008060028e-01 -2.0598444902e-01  9.3999230776e-02    2.4414062500e-04
 8.6223696791e-01  2.0918088758e+00 -2.4886590759e+00   -1.0944290987e-01  1.2374894898e-01  3.6706127850e-01    2.4414062500e-04
-1.7448390269e+00  5.5125075880e-01  2.8367438090e-01    4.4210497207e-01  2.7861330235e-01  2.2255639517e-01    2.4414062500e-04
 3.2047377868e+00 -1.4010336334e+00 -4.3109787504e-01    2.5550242322e-01  2.2815096179e-03 -5.3058048423e-02    2.4414062500e-04
-5.8454233356e-01  1.5951142233e+00 -1.0079383519e+00   -3.2973882482e-03 -6.4759100778e-02  2.9269491722e-02    2.4414062500e-04
 2.9648359767e+00  8.9952785545e-02  2.1596758793e+00   -1.7842093784e-01 -1.1003545111e-01  1.8617235814e-01    2.4414062500e-04
 7.1714402497e-01  3.4742204716e-01  9.5584041257e-01    4.4112267306e-01 -2.3460950185e-01 -7.6285297114e-02    2.4414062500e-04
 4.3169158633e-01 -1.5597057803e+00  4.2133079538e-01    7.5207772507e-02  3.8269399977e-02 -1.0700290315e-01    2.4414062500e-04
-7.0123801219e-02 -5.6821097426e-01 -9.5529886698e-02   -2.8626301743e-01 -1.5689926217e-01 -2.6905595179e-01    2.4414062500e-04
-7.4682529002e-01  5.3465975996e-01  3.3889262250e-01    1.5285693266e-02  1.2885110064e-01 -7.3674641327e-02    2.4414062500e-04
 2.0708082932e+00  1.5252725866e+00  1.5054232692e+00    1.8821044309e-01 -8.4083395554e-02  3.3878259758e-01    2.4414062500e-04
-8.3138027541e-01 -7.8079560211e-02 -1.2392059176e+00   -2.2206805442e-01 -1.2495476981e-01  1.9449786003e-02    2.4414062500e-04
 2.4774485397e+00  1.9180735941e-01  1.1906781881e+00    4.6469857941e-01 -1.4759010984e-01 -1.7820129715e-01    2.4414062500e-04
-6.0448952772e-02  6.5605219690e-01 -3.4601049185e+00    2.1966540683e-01 -4.1092449378e-01 -1.0593211998e-01    2.4414062500e-04
 1.3318011701e+00  6.5430812853e+00  1.4804076540e+00    3.6716109102e-01  2.0296736503e-01  6.6187274475e-02    2.4414062500e-04
-5.3261569027e-01  1.9386627217e+00  5.0816422294e-01    3.6452080842e-02  1.1870409074e-01 -3.1065574991e-01    2.4414062500e-04
 4.0996523369e-01  1.8683086606e+00  4.6089537528e-01   -4.9888461841e-02 -3.4724511305e-03 -3.5116942832e-02    2.4414062500e-04
-6.9899682265e-01 -9.1375786158e-01  1.3931081607e+00    3.5716935838e-02 -6.6861188142e-02 -1.6841685533e-01    2.4414062500e-04
-9.4305173626e-01 -2.2255648110e-01 -3.8442343299e-01   -5.0687312210e-01 -4.7716719811e-01 -3.0532275273e-01    2.4414062500e-04
 3.4957471181e+00 -5.9484674503e-01  6.7845143037e-01    2.2920371471e-01 -1.6452813805e-01  2.1425465578e-02    2.4414062500e-04
-5.0703718745e+00 -1.2984931751e+00 -4.1799572907e-02   -5.1267867854e-02  5.6587024890e-03  9.7000175776e-02    2.4414062500e-04
-1.1772331229e-01  8.9890862543e-02  2.5077999245e+00    2.6363443348e-01 -6.8586070414e-02  9.9408784888e-03    2.4414062500e-04
 5.5745175204e-01  2.7451553438e+00 -1.0144908219e+00    1.5595188042e-01 -3.0397385388e-01 -3.5999103011e-01    2.4414062500e-04
-8.1117418074e-01 -3.1266311628e+00  1.1361178179e+01   -1.3701063353e-01 -9.9952263019e-03  7.7623230179e-02    2.4414062500e-04
 2.2411673208e+00 -2.2066928424e+00 -2.1673923768e+00   -2.0119102713e-02  1.5666280798e-03 -4.0599995130e-02    2.4414062500e-04
 2.7039087475e+00  3.0827672310e+00  1.5939659257e+00    4.9272478323e-02  3.6293144154e-01  2.2660185160e-01    2.4414062500e-04
-5.9864448990e+00 -2.2680815917e+00 -2.6555221751e+00   -1.1062987786e-01 -4.5887572370e-01  6.2401035536e-02    2.4414062500e-04
-1.7742161102e-01 -8.2034166244e-02 -1.4433549959e+00    2.1491045373e-01 -1.4088036758e-01 -1.3061699784e-01    2.4414062500e-04
-9.7853316577e-01 -7.4640785252e-01 -3.1765480450e+00    2.0968624686e-01  1.7966418458e-01 -2.8333710744e-02    2.4414062500e-04
 2.7384033342e+00  2.7569621370e+00 -1.3153914387e+00    1.0722312775e-02 -1.8846310075e-02  3.0565961024e-02    2.4414062500e-04
-2.8317593885e+00 -2.6691708254e+00 -4.1018691206e+00   -3.1182884885e-02 -5.5438572339e-02  1.7993686140e-02    2.4414062500e-04
 7.6174703389e-01 -1.3083021341e+00  1.2212310860e+00   -3.0123594070e-01  2.0107695766e-01  1.6791623045e-01    2.4414062500e-04
 1.2068410033e+00  5.9323339448e-02  3.6136324392e+00   -2.2032320437e-01 -4.8125324669e-02  3.7127850136e-01    2.4414062500e-04
 2.8981566018e+00 -1.1521902345e+00 -6.3220285268e-01    1.7488214385e-02  1.2015701393e-02  9.7507992773e-03    2.4414062500e-04
 1.5331720633e+00 -8.9878826479e-01 -1.3042940509e+00   -2.2409654189e-01  6.1428655917e-02  2.3588157064e-03    2.4414062500e-04
 7.1247792034e-01  6.7416730948e-01 -5.5199588274e-01   -1.2069571665e-02  2.1886039445e-02 -5.2515866257e-03    2.4414062500e-04
 1.7847436623e+00 -2.6879250810e-01  9.6995012875e-01   -2.0745675635e-01  4.7262374903e-01 -2.4358288651e-01    2.4414062500e-04
 6.7629253178e+00 -1.0540820697e+01 -1.1898214574e+00   -3.4080181353e-02  9.7339501322e-02 -2.9972493698e-02    2.4414062500e-04
-1.3276125065e+00  6.5958645275e-01  8.4374874104e-02    1.0893737310e-01  9.8285559834e-02 -1.7113118247e-01    2.4414062500e-04
 9.1038555410e-01 -6.1068261324e-01 -1.0764117796e-01    2.5648373499e-01 -4.5222957371e-01  1.3344979800e-01    2.4414062500e-04
-1.5515684610e+00 -7.6186788059e-01  9.8340047500e-01   -7.5100825993e-02  3.6900353470e-01  2.8122733664e-01    2.4414062500e-04
 3.7558869672e-01  8.6846709707e-01  6.5241962480e-01   -6.2249654933e-02 -9.1784132420e-02 -1.1732107366e-03    2.4414062500e-04
 1.6989545546e-01 -1.3632807014e+00  8.8334188704e-01    7.3094505286e-02  2.1970776011e-02 -3.7132154233e-02    2.4414062500e-04
 5.9310991598e-01  6.9954539775e+00  4.1568131570e+00   -1.0661997149e-01  1.6545930169e-01 -2.1402477724e-01    2.4414062500e-04
 1.6945525842e+00  7.5751681829e-01 -5.7758653813e-01   -2.7321402810e-02  7.8951020568e-03 -2.2188455994e-02    2.4414062500e-04
-2.6091916080e+00 -1.4090102189e+00 -3.2943542027e-03   -2.2068594921e-02 -1.9295622899e-01  1.9545621854e-01    2.4414062500e-04
-1.0040472097e+00 -1.8787478705e-01  1.1686617817e+00    1.9643753813e-01 -1.4931740697e-01 -1.9110819691e-01    2.4414062500e-04
-3.3521233540e+00 -5.7335565234e-01 -9.2029479070e-01   -3.0506998504e-02 -8.9601445919e-02 -1.5849273851e-02    2.4414062500e-04
 2.4821792242e-01 -9.6546072027e-01 -4.4424591526e-01    2.2711736531e-02  1.1178756198e-02  9.0446825797e-02    2.4414062500e-04
-4.5677989649e+00 -2.4339436199e-01  1.4333715741e+00    1.7594710630e-01  3.2667991215e-01  1.9063382295e-01    2.4414062500e-04
 1.0113347390e+00  1.6199693824e+00 -1.3474019143e+00    2.2157615179e-02  2.0503289724e-02  1.5326318915e-01    2.4414062500e-04
 1.1072939498e+00  5.2592060101e-01 -7.5444113475e-01   -2.0903785577e-01  1.4760865871e-01  4.0883203404e-01    2.4414062500e-04
 1.6632949624e+00  5.3495652493e-01 -4.0903526631e+00    1.4953962794e-01 -1.1864038077e-01 -8.3718441873e-02    2.4414062500e-04
 1.8874479203e+00  1.8855412662e+00 -1.2770097308e+00   -4.1556563203e-01  6.0636966402e-02  1.8188838008e-01    2.4414062500e-04
 1.2231865087e+00 -1.0960764618e+00  1.6729122418e+00   -3.0573488395e-01  3.5825942747e-01  3.0709512024e-02    2.4414062500e-04
-7.5105910298e-01 -1.1525871286e+00  6.1324346674e-01   -2.9600448364e-01 -1.7635645322e-01 -4.0792603992e-01    2.4414062500e-04
-3.2979441484e+00  2.0121267255e+00 -2.6904956788e+00   -3.7878636183e-02  2.8076853697e-03 -2.8272741685e-02    2.4414062500e-04
-6.7949714224e-01 -1.6838094326e+00  7.4516995203e-01   -5.4510177816e-02 -7.3408224670e-02 -1.1532443328e-04    2.4414062500e-04
 1.6994481266e-01 -5.7856295673e-01 -3.0409219625e-01    6.6312178312e-01 -6.5475436362e-04  9.2579674858e-02    2.4414062500e-04
-1.8720410209e+00  1.1347112192e+01  6.1633439116e+00   -2.0987475837e-01 -3.1390524142e-02 -1.9741910953e-01    2.4414062500e-04
 6.4511192268e-01  3.7915441346e-01  3.3254978424e-02   -3.6808243237e-01  1.7969915822e-01  2.9818651736e-01    2.4414062500e-04
 2.7810031610e-01  7.5325756939e-01 -8.6236146405e-01   -3.5950141997e-01  1.7087467263e-01 -3.6658906852e-01    2.4414062500e-04
-2.3448331692e+00  5.3520567421e-01 -1.8258884136e-01    2.3332287018e-01 -4.0167791042e-01 -2.5022567038e-01    2.4414062500e-04
-1.0984596967e+00 -9.3570916871e-02  9.1887869202e-01    1.8309400679e-01 -2.8514695574e-01 -1.3258633675e-01    2.4414062500e-04
-1.5777483076e+00 -5.0499343682e-01 -8.1310428237e-01   -2.0472422506e-01  2.5949640835e-01  3.4354420037e-01    2.4414062500e-04
-2.1964283600e+00 -1.7407420606e+00 -5.2867331893e-01    8.5309189291e-02 -3.6676290645e-01  4.0253591546e-02    2.4414062500e-04
 8.4358690017e+00  1.1635648913e+00  8.1492798659e+00   -1.2222838013e-01  1.3302796522e-01 -6.3934049868e-02    2.4414062500e-04
-1.1696286968e+00  6.1529136221e-01 -9.3207900439e+00   -2.6847913738e-02 -8.2627526869e-02 -3.7827645375e-02    2.4414062500e-04
 4.5834421543e-01  9.1338124914e-01  1.0026353316e-01   -2.3554434379e-02 -2.4115721370e-01 -9.5353451029e-02    2.4414062500e-04
 3.9762276982e+00  4.5711519986e+00  6.3159968083e-01   -3.3269939557e-01  2.0824000936e-01  1.3414087982e-01    2.4414062500e-04
 3.5021897109e-01  1.2857891824e+00 -4.3802747408e-01   -3.3595686496e-01  5.5574189624e-02 -1.8031060364e-01    2.4414062500e-04
 1.1170435292e+00  4.8984070942e+00 -1.5377094929e+00    1.4026761659e-01  2.0822645601e-01  5.9835656606e-02    2.4414062500e-04
 1.7536788018e+00  2.3085423768e-01 -5.2302845255e-01    3.6751111673e-01  1.1636906405e-01  5.3578382495e-02    2.4414062500e-04
 2.3162935720e+00  3.0851146223e+00 -1.4072618020e+00    1.6648072583e-01 -3.2418052418e-02 -4.7898104958e-02    2.4414062500e-04
 1.7967248062e+00 -1.7843023822e+00 -3.0920885299e+00   -6.8467534392e-02  5.0009121975e-03  3.4700707419e-02    2.4414062500e-04
 2.0432059669e+00  4.6354854230e+00 -3.2025751365e+00   -4.5873571221e-01  1.3239104664e-01 -8.2638075647e-02    2.4414062500e-04
-6.6685269690e-01  1.6322155225e+01  5.0530180017e+00   -2.8599352914e-02  5.3159260657e-02 -1.1310357965e-01    2.4414062500e-04
-1.1626327657e+00  8.0767370007e-01 -9.3202395759e-01   -3.1382178598e-02  1.1365481620e-01  1.3441412246e-01    2.4414062500e-04
-2.3011822901e+00  8.5953020851e-02  2.3621355214e+00    2.6764650045e-01  1.3846674447e-01 -2.0358206295e-01    2.4414062500e-04
 2.1765409214e+00  3.2327612981e+00  1.9039449056e+00    1.3394117278e-01  3.0509738676e-01 -2.4499075225e-01    2.4414062500e-04
-7.5995830999e-02  3.6874831926e-01  9.2744229774e-01   -1.0790434966e-01 -1.8557429299e-01  5.8977849073e-01    2.4414062500e-04
 2.9113571409e+00 -1.9847750575e+00  5.4890371834e-01   -9.3701341493e-02 -1.2936518833e-01  1.8403356594e-02    2.4414062500e-04
-7.4455195339e-01  1.4466268942e+00  1.0448539590e+00   -7.5297448488e-02  1.5709234137e-01 -1.1400572744e-01    2.4414062500e-04
 1.8028831526e-01 -9.3329347360e-01  8.2692396986e-01   -8.4802579825e-02 -8.0740786945e-02 -1.0205294930e-01    2.4414062500e-04
-8.2446919545e-02  2.7649593157e+00 -9.4163236147e-01    2.6665587327e-01 -7.5515514911e-02 -2.1394276097e-01    2.4414062500e-04
 1.0503061245e+00  2.9854569253e-01  2.2433305427e+00   -3.2503213835e-01  5.3024652529e-02 -1.0787678877e-01    2.4414062500e-04
-2.9067070414e+00 -1.0797483253e-01 -4.2925975728e-01   -1.0526311855e-01  1.3681667849e-01  4.2992593316e-01    2.4414062500e-04
 1.3446013767e+00  3.1013224970e+00  9.5975203702e-01    2.4531578731e-01 -1.6551069850e-01  5.1315717490e-02    2.4414062500e-04
 4.4280903663e-01 -1.1220252210e+00  2.3033287799e+00    3.5858827317e-02  1.9043922235e-01  4.8841568809e-01    2.4414062500e-04
 7.3618810051e+00  1.9764042483e+00  1.1681839000e+00   -1.9544631648e-01  1.1186782943e-01 -1.9180389107e-01    2.4414062500e-04
 7.3882054202e-01 -5.6717873227e-01 -9.5407798119e-01    4.0316518110e-01 -5.7518302303e-02  3.6291759209e-01    2.4414062500e-04
-1.1481277189e+00  4.5264871275e-01  1.2577327764e+00    3.3938893180e-01 -6.0838676083e-02 -5.8327996046e-01    2.4414062500e-04
 9.2503322499e-01 -5.7832205777e-01  1.7166518824e+00   -4.7591091107e-01  1.8416467557e-01  3.7026494952e-01    2.4414062500e-04
-1.8407389261e+00  2.6906978127e+00 -3.3062162453e+00    2.3876420667e-01 -1.8043615214e-01 -2.4197068324e-01    2.4414062500e-04
 8.2767430090e-01 -1.5944519387e+00 -2.9252120515e+00   -5.3727305455e-03  4.7698310420e-02 -3.1378249391e-02    2.4414062500e-04
 5.6953045970e-01  1.4060161719e+00 -3.3953851824e-01   -1.8191364497e-01 -1.4976130585e-01  4.5823635177e-02    2.4414062500e-04
-3.8199160830e+00  1.8921523701e+00  3.1888011099e-01    2.3196105906e-02 -2.9397618840e-02  3.1469568383e-02    2.4414062500e-04
 3.8898555959e+00  2.5136539591e+00 -7.4650547194e-01   -3.1791377727e-01 -6.2064883289e-02  1.7410964117e-01    2.4414062500e-04
 1.1157358150e-01  3.2841776197e+00 -3.2570307900e+00    2.8874875574e-01 -1.3111722179e-01 -2.7744326677e-01    2.4414062500e-04
 8.6066670695e-01  4.3452686669e-01 -3.3119556064e-01    3.7310737035e-02  7.6659708750e-02  6.8365484126e-02    2.4414062500e-04
 1.1244957125e+00 -8.2964962180e-01  5.1590063316e-01   -5.7730183332e-02  9.6599600597e-03 -5.1813088048e-02    2.4414062500e-04
-4.8695362576e+00  4.4036814785e+00 -3.0335217810e+00    1.4292426965e-02 -1.4191011334e-01  5.5790282963e-03    2.4414062500e-04
-4.3931335472e+00  3.4486735820e+00  3.7142525685e+00    1.5600799221e-01  1.3702829303e-01 -9.8284998997e-02    2.4414062500e-04
 6.4363629064e-01  3.2377154710e-01 -1.2899468674e+00    1.8854066352e-02  3.8539399705e-02  1.2054633854e-01    2.4414062500e-04
-1.2347650780e+00  3.6971910727e-01  2.5690439435e+00    1.7408421438e-01 -4.2133229267e-01 -2.4335704013e-01    2.4414062500e-04
-8.2406915372e-01  1.3414790770e+00 -6.1976554885e-01    6.1926226814e-02  1.0635547026e-01 -1.3833892859e-01    2.4414062500e-04
-8.9259697476e-01 -1.3365653818e+00 -1.4283021885e+00   -8.2631828899e-02 -2.7579801759e-01  3.5197659389e-01    2.4414062500e-04
-2.4574795506e-01 -1.1061154898e-01  4.7428943510e-01    1.7978665761e-01  7.1630471746e-02  1.9260452093e-01    2.4414062500e-04
 8.3333573968e-02  1.3231289488e+00 -1.1870352086e+00    3.0656640293e-01 -1.9251658397e-02  4.0171808399e-02    2.4414062500e-04
 7.5523017022e-01  6.7236259275e-01 -1.4018983953e+00   -7.3120968117e-02  3.9448049972e-01  2.9184931255e-01    2.4414062500e-04
 3.2514910833e+00  3.3755084858e+00  6.9657544164e+00    1.1105619174e-02 -1.0382379339e-02  3.1518349090e-03    2.4414062500e-04
-1.4040454557e+00  1.1742366341e+00  2.4952409244e+00    2.2904455414e-01  1.0931244007e-01 -4.1267411390e-02    2.4414062500e-04
-1.0452539521e+00 -3.3658871213e-01  7.0137093043e-01   -1.8526965773e-01 -3.5283633249e-01 -9.4453526175e-02    2.4414062500e-04
-1.5828478387e+00  1.6817325274e+00  6.1236297808e-02    2.2639782623e-01  2.6896087284e-01  4.4785366036e-01    2.4414062500e-04
 7.7814807796e-01 -2.2722511068e+00  7.8489061368e-01   -1.6859069807e-01  6.0441448549e-02 -2.6934981816e-01    2.4414062500e-04
 1.6107535704e+00  2.1916440400e+00 -2.1082352531e+00   -2.1297522449e-01 -1.6892326535e-01  1.2225505759e-01    2.4414062500e-04
 2.3074794917e+00 -9.1155473016e-01  1.2970237706e+00   -3.3978985466e-02 -2.2986245233e-01  1.2761901413e-01    2.4414062500e-04
-1.8766519269e-02 -2.0512274571e+00  7.8007638896e-01    1.0106192724e-01 -2.6947607134e-02  2.5428956920e-02    2.4414062500e-04
 2.1107516375e-01 -1.7178984263e+00 -3.2491372399e-01    5.8003219143e-02  1.2848880070e-01 -9.4846707751e-02    2.4414062500e-04
 2.8008253696e+00 -5.7432344924e-01  1.0331207080e+00   -7.2987273120e-02 -6.4774932566e-02  5.4928925081e-02    2.4414062500e-04
-2.2598977353e+00  3.2364972724e+00  1.5125671892e+01    1.2333538954e-01 -1.3023191114e-01 -1.6578845054e-01    2.4414062500e-04
 1.9601348105e+00  9.3196946154e-01 -1.9520151004e+00    1.0445512161e-01 -2.0975058712e-01 -4.0232662321e-02    2.4414062500e-04
 2.9210877455e+00  2.3859332492e+00 -5.8515307302e+00    1.3959899726e-01 -4.0820769720e-02  8.9052792458e-02    2.4414062500e-04
-2.1512697258e-01  3.9902504339e-01 -2.6841297278e-01   -2.3684797978e-01  2.8652972859e-01 -2.6834716447e-01    2.4414062500e-04
 8.8505200785e-01 -8.0067367493e-01  8.3232118455e-01    2.3597306544e-04  3.9212762857e-02 -1.1177133564e-01    2.4414062500e-04
-5.5954976815e+00  2.6485369299e+00 -8.5698697899e-01   -3.8064921354e-01  1.0754830774e-01 -7.7300856783e-02    2.4414062500e-04
-1.2150991689e+00  2.7587108920e+00 -3.0850490097e-03    3.8150466085e-01 -2.2392664597e-01 -4.3611388002e-03    2.4414062500e-04
 7.4703006010e-01  6.0540301702e-01  2.4288811362e+00   -1.5210994536e-01  2.3918966876e-01  5.0392910730e-01    2.4414062500e-04
-5.1905879035e-01  1.8560268692e+00 -8.4290229800e-01   -6.5726270672e-02 -3.3080666268e-01  2.4718345167e-01    2.4414062500e-04
-3.7338494932e-01  2.5386620561e-01  1.7518037920e+00    3.1887026482e-01 -1.5345755386e-01  3.5368725632e-01    2.4414062500e-04
-2.2044169254e+00  2.1004332528e+00 -2.0661646292e+00   -4.2969792390e-02  5.2338494225e-02  3.1463157070e-01    2.4414062500e-04
-8.3285125454e-01  4.4495739795e-01  1.8342259053e+00    1.0589575238e-01  3.7062963328e-01 -4.4064719229e-02    2.4414062500e-04
-2.0508162789e+00  4.9705848616e-01  9.0998021218e-01    1.2435223028e-01 -3.0800212498e-02 -2.1039148709e-02    2.4414062500e-04
-1.0603066630e+00 -1.5247268779e+00 -4.2124557196e+00    4.1421573113e-01  4.5452064070e-02  4.4394795464e-02    2.4414062500e-04
-3.4832046444e+00 -4.8865371696e+00  8.3488893722e+00   -1.8913311001e-03 -1.8678899151e-02 -3.2121476181e-02    2.4414062500e-04
-1.2571190754e+01  6.9469693333e+00  2.7125822736e+01    1.2091792084e-01 -1.3664479731e-01 -1.3756938522e-02    2.4414062500e-04
-1.8109154911e+00 -1.6334805448e+00  1.3074210047e-01    3.8004183645e-02 -3.0484910775e-02 -8.4581814148e-02    2.4414062500e-04
-4.1146059560e-01  9.4888586172e-01  7.2721408101e-01    4.3767395656e-01 -5.8356110557e-02  3.7778193192e-01    2.4414062500e-04
 2.1426398302e-01  6.5881610912e-01 -1.0311377633e-01    1.2031126717e-01 -1.8738976798e-02  7.1336719243e-02    2.4414062500e-04
 1.7512042874e-01  1.2247569527e+00  2.3437876245e+00    6.2947701663e-02  6.5141202634e-02  5.6554477607e-02    2.4414062500e-04
-1.5701968645e-01 -7.9892912239e-02  9.2533909625e-01   -1.7158965888e-02  1.2318118955e-01 -1.4368203108e-01    2.4414062500e-04
 1.3722281605e-01 -9.7939432669e-01  3.8783772014e-01    5.1045405122e-01  8.5577051856e-03  1.8675188442e-02    2.4414062500e-04
 1.2311483554e-01  3.9378839211e-01  1.5634539992e+00   -4.4385714083e-01  2.9574688649e-01  2.1827735563e-01    2.4414062500e-04
-1.2861480936e+01 -1.4431786805e+01 -1.9122847864e+01   -2.2910492669e-03 -2.6005262143e-02  1.1128543587e-02    2.4414062500e-04
 6.3175704076e-01  2.4760074667e-01 -1.1283920302e+00   -6.6481548576e-02 -4.1048780692e-01  1.2105830239e-02    2.4414062500e-04
 4.2528235829e-01  2.5649317097e-01 -9.8597733674e-01    2.5548998473e-01  4.8792461290e-03 -2.6036439080e-03    2.4414062500e-04
 5.4437643108e+00  6.1725619890e+00  5.2923717736e-01   -5.9732344147e-02 -2.1884323107e-01  1.4754475215e-01    2.4414062500e-04
 2.6082072640e+00 -1.1993371988e+00 -1.5834988707e+00   -3.0727448376e-02  3.0289274733e-01 -4.4530850106e-01    2.4414062500e-04
 3.8816271986e+00 -1.1671841487e+00 -1.3143099288e+00   -1.2094346963e-01 -1.2115625802e-01 -1.6136209808e-01    2.4414062500e-04
 7.2024950005e-01 -1.7292099276e+00 -5.1521169332e-01    3.3190271022e-02  3.9856235474e-02 -1.3276742139e-02    2.4414062500e-04
 3.9564825083e+00 -8.2879898870e+00 -5.9511421319e-01    5.6377143674e-02  2.8549588960e-02 -4.2648705219e-04    2.4414062500e-04
-4.2309314654e+00 -7.8961011976e+00 -1.2777575606e+01   -7.7887163867e-02 -3.2713873517e-02  8.9278737715e-02    2.4414062500e-04
-1.8382235864e+00 -1.3378452340e+00 -1.6492637586e+00    1.5811443103e-01 -3.1149132942e-01  9.8293699886e-02    2.4414062500e-04
-5.0279678652e+00 -7.7173694060e+00 -1.9056475088e+01   -5.9084532715e-02  9.5856590497e-02 -1.5636785424e-01    2.4414062500e-04
 6.0724272003e-01  5.1377927741e-01 -2.5148423518e+00   -6.8490549220e-02  5.7149341577e-03  2.9127507139e-02    2.4414062500e-04
 2.0743436514e+00 -3.4286747636e-01  1.1406873989e+00    2.6947844363e-01 -1.5075345421e-01 -1.6078202163e-01    2.4414062500e-04
-2.6393571163e+00 -3.8687423597e+00  9.0348575922e-02    1.4873924182e-01  2.3954588803e-01  3.4908747910e-01    2.4414062500e-04
-1.3014441723e+00  1.4092029478e+00  2.8806105375e+00   -6.0462620954e-02  8.0472513189e-02  4.6001144382e-02    2.4414062500e-04
 1.3166190666e+00  8.6126723165e-02 -6.7947632474e-01   -3.6096943309e-01  1.8022893544e-01  1.6261905270e-01    2.4414062500e-04
-1.8108636389e+00 -4.0053010731e-01 -1.8321786866e+00   -1.5135466320e-01  1.0297808683e-01 -3.6874918301e-03    2.4414062500e-04
-1.6058395060e-01  5.4352483522e-01 -1.0182064913e-01   -1.5845529629e-01  1.0304359205e-01 -1.8092113297e-01    2.4414062500e-04
 3.8856126161e+00  5.3763990961e+00  7.6826873643e-01    1.0246764312e-01 -2.0048415406e-01 -7.0412835004e-02    2.4414062500e-04
 1.2273233826e+00  6.1151611722e-01 -2.4815990917e+00   -1.0429664963e-01  2.6230955737e-02  4.2559750130e-02    2.4414062500e-04
-6.2811044532e-02  4.2869701726e-01 -6.4789614929e-01    1.0030002803e-02  5.3355907574e-02 -3.4479310989e-02    2.4414062500e-04
-5.4883497957e+00  4.6845312965e+00  6.3085755011e+00   -3.9511708684e-02 -9.2295502197e-02  1.5346779645e-02    2.4414062500e-04
 8.8017789173e+00 -6.4169384292e+01  8.0260855610e+01   -1.2640320466e-02  8.4826830002e-03  4.0616891903e-02    2.4414062500e-04
 4.1499129997e+00  8.4363649289e-01  6.8681133576e-01    3.0882748730e-01 -3.8410080355e-02  2.1822918007e-01    2.4414062500e-04
 7.0807332809e-01 -1.0313279592e+00  1.9403327579e+00    2.3125347784e-01  1.8624868513e-01 -4.3032965545e-02    2.4414062500e-04
 1.5537349000e+00 -1.6236172832e-01 -2.6631935490e+00   -1.9261461889e-01  9.9213667262e-02 -1.8713712453e-02    2.4414062500e-04
-2.5366499103e-01  2.7228593832e-01 -2.2661897368e-01   -1.2845386652e-01  6.5032464647e-01 -1.0970679968e-01    2.4414062500e-04
 4.1161164244e-01 -8.5067701299e-01  4.5304024162e-01    1.1339523701e-01  2.7530808704e-02 -2.2961935265e-01    2.4414062500e-04
 6.0224039558e-01  1.9388149107e-01 -1.8054743114e+00    1.4521061063e-01 -2.7956381330e-01 -1.5430682278e-03    2.4414062500e-04
 7.6631172065e-01 -1.9508714204e+00  5.8556760019e-01    1.4123767157e-01 -3.8875934004e-01  1.1842586876e-02    2.4414062500e-04
-3.5393642412e-01  2.8417630914e+00 -3.3964321675e+00   -5.8553241400e-03 -1.5748400993e-02  6.0170347698e-03    2.4414062500e-04
 3.4650622146e-01 -9.7865823145e-01  7.8166062522e-01    2.3153301006e-01  4.3044933831e-02 -1.4646575393e-01    2.4414062500e-04
 5.3663603670e-01 -6.3049134038e-01  7.4300487472e-01   -1.9810871107e-02 -2.6979553029e-01  5.2260225775e-01    2.4414062500e-04
-1.8995926183e+00 -9.9692131509e-01 -3.0918668361e+00    1.6752684837e-01  9.6617569955e-02  4.2561017948e-01    2.4414062500e-04
-5.8993078560e+00 -1.2710557265e+00 -3.3230758191e+00    1.3578373392e-01 -8.4188630571e-02  3.2447093641e-01    2.4414062500e-04
-4.8475008660e+00  3.3642202205e+00  3.1895960656e+00    5.6198394496e-02  1.2971151200e-01 -2.1071093243e-01    2.4414062500e-04
 8.6387307614e-01 -2.6778040062e+00  3.1735213836e+00   -1.3598278357e-01 -2.2815782805e-01  1.1859326733e-01    2.4414062500e-04
 1.7572250326e+00 -5.7454728334e+00 -1.7951451687e+01    3.2320559180e-02  1.9841804239e-01  6.1599201919e-02    2.4414062500e-04
 6.4798897826e-01 -1.3912625832e+00 -2.1752340999e+00    2.6169542768e-01 -6.9123357937e-02 -1.0357583346e-01    2.4414062500e-04
-1.8285321196e+00  3.3109269600e+00  2.7765770762e+00   -4.6181443658e-02 -1.0169242222e-01  1.8273086483e-03    2.4414062500e-04
 1.6760382464e+00 -2.9792961777e-01 -1.4863089931e+00    3.8812729244e-02  2.3859951581e-01  2.6785926875e-01    2.4414062500e-04
 2.0817198303e-01 -1.6536003483e+00 -9.5026602528e-01   -4.1568127988e-01  3.2311056737e-01 -9.4604362502e-02    2.4414062500e-04
 4.1797614084e+00  6.5503515802e+00  1.8829346804e+00    5.6372169547e-02 -8.6004238598e-02 -2.5689028877e-01    2.4414062500e-04
 9.7432325934e-01 -1.9492231293e+00  6.1093037410e-01   -7.0669716500e-02  7.5232519293e-02  5.7919681574e-02    2.4414062500e-04
 1.8728248359e-01  1.5703534148e+00 -4.0162112154e+00    3.1440147583e-01  1.9659731776e-01 -2.7835700091e-01    2.4414062500e-04
 2.8034383535e-01 -1.6221241182e+00 -1.9161906698e+00   -1.3745440279e-01 -1.7841455196e-01 -4.0142986577e-02    2.4414062500e-04
 4.4105332327e-01  1.1137020077e+00  8.9233812737e-02   -4.6720182141e-01 -1.3057410047e-03 -1.0953374251e-01    2.4414062500e-04
 8.0353987170e-02  9.0536166882e-01 -7.9317284317e-01    2.4379656430e-01 -2.8982568217e-01  2.9190665423e-01    2.4414062500e-04
-1.8217133174e+00  9.2984102041e-01  1.7050584736e+00   -2.4586327333e-01 -1.4724961796e-01 -2.8672410216e-01    2.4414062500e-04
 1.2755687711e+00 -3.4437240347e-01  3.7381082365e+00    4.6089522162e-02  2.2963141394e-02  3.9858707916e-01    2.4414062500e-04
-3.0842629416e+00 -7.4959365360e-01 -2.7377331256e+00   -1.4591404894e-01 -3.0571807085e-02  1.6644432550e-02    2.4414062500e-04
-1.8307615390e+00 -2.7344426755e-01 -1.7815499287e-01    4.3123306071e-02  3.2934164293e-02 -2.2859410080e-02    2.4414062500e-04
-4.6270334514e-03  3.7427211294e-01 -2.8030891605e-01    2.3913210211e-01  5.5022308445e-01 -1.9933004758e-01    2.4414062500e-04
 2.1415906540e+00 -4.3818499459e-01 -1.7246803920e+00    2.6868905046e-02 -4.9066625916e-02  3.9427745664e-02    2.4414062500e-04
-1.2351214672e+00 -4.0416050979e-01 -2.1779574002e-01   -2.1644652713e-01  1.8853415312e-01 -3.7170816551e-01    2.4414062500e-04
 6.9642117414e-01  2.7377482347e-01  1.7814288827e+00   -1.5777791596e-01  2.8093471177e-01 -5.4211966510e-03    2.4414062500e-04
-1.6568219877e+00  2.4574467498e+00  3.5031357156e-01   -4.0506036809e-02  1.4462429493e-01  1.5910716008e-01    2.4414062500e-04
 1.1079154789e+00 -1.1143605065e+00  1.4684987802e+00    1.0854870055e-01 -3.3819462608e-01 -9.3415509872e-02    2.4414062500e-04
-7.9520622519e-01  1.9372440303e+00 -1.2800881408e+00   -2.4183046403e-01  3.7518787201e-02  1.5785364702e-02    2.4414062500e-04
-1.7744865488e-01  4.0729876385e-02  7.8655152652e-01    3.4306274365e-01  2.8504768964e-01  2.1471839213e-01    2.4414062500e-04
 1.0822164989e+00 -5.0629065946e-01  7.3976892877e-01    1.4954835048e-01  1.2203173398e-01  1.5322967226e-01    2.4414062500e-04
-3.4153844985e+00  4.4947800294e+00 -1.1438936389e+00   -1.6720802270e-01  1.3218834970e-01 -2.1541221450e-01    2.4414062500e-04
 1.4956972023e+00  6.7839862810e-01 -2.1368517654e+00    6.6926151467e-02  1.6665370985e-01  8.9046924746e-03    2.4414062500e-04
 4.3951995412e-01  2.4120116688e+00 -6.4236019596e+00    4.6165825765e-02 -1.6657192529e-02  2.5324458479e-02    2.4414062500e-04
 2.8234159972e+00 -8.9215702370e-01 -5.3016436428e+00    5.0711690960e-02 -1.0258936374e-01 -2.3480488538e-01    2.4414062500e-04
 7.7880531602e-01 -3.9756358160e-01 -1.0931310351e+00    5.7366437615e-01  3.4072047489e-01 -2.5715158396e-01    2.4414062500e-04
 1.3405737709e+00 -1.6674260526e+00  2.1405784199e-01    1.5418808358e-01 -2.9723257522e-02 -2.3059360337e-01    2.4414062500e-04
-1.5529765681e+00  2.2715331402e+00  3.2886887254e-01    3.3569911017e-01 -2.2626401747e-02 -1.6031950601e-01    2.4414062500e-04
 6.1040133504e-01 -3.7889612275e-01 -7.1813029029e-01   -1.2273607597e-01 -1.7898623020e-02  1.2446587726e-02    2.4414062500e-04
-3.3955078520e-02  7.6472591623e-01  7.2715044683e-01   -1.5122229035e-01 -3.7271694474e-01  4.0545401132e-01    2.4414062500e-04
 4.0199205974e+00  8.6536220710e-01  4.0895013999e+00   -2.3139853717e-01  4.5563518418e-02  6.4093405923e-02    2.4414062500e-04
-3.8992178260e+00 -1.1597558174e+00 -3.4886800145e+00   -9.9712000727e-03 -4.1044088467e-01 -9.1486945799e-02    2.4414062500e-04
 3.8309783718e-01 -1.7469244461e+00  1.0350437034e+00    2.5953743697e-01 -3.2979926725e-02 -5.5296331880e-02    2.4414062500e-04
 1.2393703968e-01  2.5909266021e+00  3.0378228026e+00    2.3848184493e-01 -9.8225670883e-02 -1.3380962817e-01    2.4414062500e-04
-2.7593738602e-01  1.2940067994e+00  2.4128993739e+00   -9.9627177780e-02 -4.4500578006e-04 -4.5232891073e-03    2.4414062500e-04
 2.9505548923e+00  1.1257542554e+00  3.0681831011e+00   -9.2367859846e-02 -6.4578311602e-02 -3.6434972159e-01    2.4414062500e-04
-8.4534654464e-01 -1.1998350930e+00 -9.6634676491e-01   -3.5207949310e-02 -2.1896214000e-03 -1.0483338163e-01    2.4414062500e-04
 7.8036066227e-01  5.8211686471e-01  2.3587594069e+00    8.3075533193e-02  5.2415711281e-01  3.9771586239e-01    2.4414062500e-04
-4.7065276903e+00  2.0607323909e+00  4.9684775454e+00    2.4735896037e-02 -2.7010503390e-01  2.9822007990e-01    2.4414062500e-04
-3.8193144907e+00  3.0424572343e+00  1.9964922248e+00   -1.3578846404e-01 -9.5224136391e-02 -1.0981469214e-01    2.4414062500e-04
 1.0543024231e-01 -1.5861425678e+00 -7.4125082011e-01   -2.9787490685e-01  1.2275111141e-01 -1.6403193580e-01    2.4414062500e-04
 4.3486687045e+00  5.2757616386e+00 -5.5527153364e-01    5.2330400839e-02  1.1774027205e-01 -1.2280684257e-01    2.4414062500e-04
-2.7346815564e-01  2.2052590129e+00  3.6654980370e-01    3.6326774593e-02 -2.1785043812e-02  2.2506558428e-01    2.4414062500e-04
 1.1590643162e+00  1.4805163460e+00 -3.2307118793e+00    1.0002304064e-01 -1.4190520268e-01  2.4528896473e-01    2.4414062500e-04
 3.3612611909e+00  7.5440524933e-01  2.1117536480e+00    2.4008320421e-01  1.8880512950e-01 -2.7093615228e-01    2.4414062500e-04
-7.5265919129e-01 -1.8049751490e+00  7.7500701309e-01   -5.6561543189e-02  7.8222233174e-03  1.0301879531e-02    2.4414062500e-04
-5.0101640057e+00 -1.9048640783e+00 -6.9903869479e-02    2.2974414391e-01  3.6424876811e-01  5.2786368177e-02    2.4414062500e-04
-2.3832678586e+00  3.1156164730e-01  4.9843619221e-02   -6.9866085857e-03  2.7299070757e-03  5.6082873428e-02    2.4414062500e-04
-1.6934611144e+00 -4.0659231871e+00  1.1312335668e+01   -1.0017862604e-03  7.7040452859e-02  9.2793782830e-02    2.4414062500e-04
 1.3616861379e+00  4.7572108938e+00  8.1655884365e+00   -2.4707459220e-01  1.7838696773e-01 -3.4036143463e-02    2.4414062500e-04
-2.0328509107e+00 -6.0035071184e-01  7.1197049756e+00   -1.0271268503e-01  1.3261900914e-01  2.4392367548e-02    2.4414062500e-04
-1.8415812368e+00  5.2525108261e+00 -5.4592112284e+00    9.9256313950e-02 -1.8319129303e-01 -4.8727096455e-02    2.4414062500e-04
 5.3886036179e-01 -8.9456967156e-01  6.2625852472e-01    2.3704142351e-01  3.4112777027e-01  2.4466772250e-01    2.4414062500e-04
 2.0682894637e+00  1.8265903757e+00 -2.1766693252e+00    5.0891130049e-02  4.4650464239e-02  2.1467976397e-02    2.4414062500e-04
-2.4767837483e+00  1.5079322178e+00  3.1324719372e+00    5.3280532061e-02  1.1471043784e-01  3.9111672695e-01    2.4414062500e-04
 1.0907497396e+00  2.4049721901e+00 -1.0203660515e+00    1.0349932349e-02 -2.5295471892e-01  2.0107100279e-01    2.4414062500e-04
-1.7011692451e+00 -6.5241752063e-01  2.0114818237e+00    5.9064524339e-02 -3.8312032268e-01 -1.5819690089e-01    2.4414062500e-04
-2.6576982866e-01 -1.0232785297e+00  9.0285963718e-01    3.0317820640e-02 -3.7627125156e-02  4.2881584094e-02    2.4414062500e-04
-4.0183896390e-01 -4.9198067829e-01 -1.0383256014e+00    6.0668204261e-02  4.4691706484e-03  6.6823450948e-02    2.4414062500e-04
 2.3199128204e+00  6.2112307676e-01  4.1745622400e+00   -2.2467382805e-02  8.3106389103e-02  6.0526564225e-02    2.4414062500e-04
-2.8998889691e-01  3.0135882005e-01  1.2116007408e+00    1.7261952982e-01 -1.4381590096e-01 -3.1292811902e-01    2.4414062500e-04
-1.7047099023e+00  3.7860309267e+00  4.3709779330e-01    1.7451855681e-01  2.9528109484e-01 -1.0276879067e-01    2.4414062500e-04
-1.3968421634e-01  8.9525770808e-01  4.5907014070e-01   -9.9952453757e-02 -5.2620720072e-02 -3.3147165638e-02    2.4414062500e-04
-6.6413119878e-01  5.6500657992e-01  2.0806099648e+00    1.0396554417e-01  1.7275880823e-01  4.7235278626e-01    2.4414062500e-04
 4.6519522484e-01  3.7572672160e-01  3.6228136354e-01    4.8164684760e-02  1.0489199968e-01  2.1056553866e-01    2.4414062500e-04
 2.4495574020e+00  5.0975555009e-01 -2.5507645876e+00    1.9542702958e-01 -6.3284310815e-02 -1.0901650062e-03    2.4414062500e-04
-2.3572021799e-01 -9.8764173860e-01  1.4150360488e+00   -4.7494338598e-02 -1.7393447348e-01  2.3600712095e-02    2.4414062500e-04
-2.3080036427e+00 -2.4078205022e-01  6.2848746066e-01    3.6334148356e-01 -1.0364587048e-01 -4.9631194908e-01    2.4414062500e-04
 1.0686579362e+00  1.1172745199e+00  1.0194786108e+00   -3.6274012652e-01 -2.4864620026e-02  1.6073212867e-01    2.4414062500e-04
-1.5853412120e+00  1.8644540416e+00  1.1833303642e+00   -2.9588389850e-01 -2.7774153178e-01 -3.6057835744e-01    2.4414062500e-04
 3.4061565253e+00  8.7025469721e-01 -7.3376613282e-01   -3.0734491799e-01  2.8781146270e-01 -2.7867329347e-01    2.4414062500e-04
 8.8678776726e-01 -4.0200136685e-01 -8.7643556417e-01   -2.3233432222e-02  5.5926010753e-01 -4.9646794953e-02    2.4414062500e-04
-4.2081711161e+00 -1.7895125756e+00 -3.3888625705e-01   -4.3752432230e-01 -2.0358305289e-01  1.4400960102e-01    2.4414062500e-04
-2.9752172144e+00 -3.3653895126e+00 -1.1668466625e+00    5.6252093532e-02 -1.1083605055e-02 -1.0540382942e-02    2.4414062500e-04
 9.2822734874e+00 -2.6412693879e+00  2.5220622508e+00   -6.2459227516e-02  2.2586411312e-02  5.2187820035e-03    2.4414062500e-04
-1.8067535233e+00  3.3921952270e-01  9.6758442571e-01    6.6188508145e-02  3.9725671903e-02  2.1742777446e-01    2.4414062500e-04
-5.8036346645e+00 -2.1849556950e+00 -1.6308913125e+00    1.6049599025e-01  5.5155675211e-03  1.2896125581e-01    2.4414062500e-04
 2.6247657248e-01 -2.5089040033e-01 -9.1335744088e-01   -2.0818964869e-01 -4.6534527615e-02 -4.2143960074e-02    2.4414062500e-04
-8.4202122572e+00  2.2197514067e+01  2.0490005767e+01   -5.7357632810e-02  1.0111987065e-01 -5.1217816965e-02    2.4414062500e-04
-5.3687929939e-01 -8.0756476326e-01 -1.0024309158e+00    9.6829136303e-02  3.0030170562e-02  2.3566103071e-04    2.4414062500e-04
-8.8033113795e-01  4.8636860436e-01  1.8369142720e+00   -4.9461619986e-01 -1.7860966213e-01 -2.4542705006e-01    2.4414062500e-04
 7.6179031093e-01  3.1022758005e-03  7.6031562815e-01   -4.4502713742e-01  6.1884235990e-02  1.9391455431e-01    2.4414062500e-04
 3.4373911150e+00 -6.9951423118e-01 -4.3665667433e+00    1.2041403181e-02  1.4514782732e-02  3.5523715807e-01    2.4414062500e-04
-6.4083766317e-02  2.6125011221e+00 -2.1788653396e-01   -1.4090893417e-01 -1.3639353501e-01 -3.8983485744e-01    2.4414062500e-04
 7.9857669356e+00 -4.6989382752e+00  8.3258941662e+00   -6.3831066809e-02 -2.9467803434e-02  1.2066862477e-01    2.4414062500e-04
-4.4798819902e-01 -9.0456966452e-01 -5.1020876315e-01    1.1817782056e-01  5.6593964959e-02 -4.2568251045e-01    2.4414062500e-04
-2.1195489189e+00 -5.8147381103e+00 -3.2744657305e+00    1.3191398954e-01 -1.8883588595e-01  1.3553390565e-01    2.4414062500e-04
-1.6750664225e+00  1.0143666998e+00  4.9714560862e-01    1.4035955425e-01  1.8970957044e-01  3.1451843340e-01    2.4414062500e-04
-4.5578086501e-01 -6.1906752820e-01  1.3386528781e+00    2.5749233011e-01  1.2407697026e-01  1.8049836687e-01    2.4414062500e-04
-1.7864578345e+00  1.8006347952e+00  2.4837425364e+00   -2.6521101225e-01 -1.6526719369e-01 -1.3148876403e-02    2.4414062500e-04
 5.3606285571e-01  1.0578187419e-01  4.7575905319e-01    2.9761614842e-01  2.8110019509e-01 -1.7484470981e-01    2.4414062500e-04
-1.6930277934e-01  2.4734685960e+00 -1.2762520121e+00    3.3661246201e-03  8.6939311613e-02  1.4994475725e-01    2.4414062500e-04
 2.3274599999e+00  1.0957993409e+00 -1.0443924983e-01    2.0050279321e-01 -1.2239141357e-01  6.5818167256e-02    2.4414062500e-04
 6.2980482491e-01  6.0142265362e-01 -1.0610160260e-01   -2.5954669577e-01  1.6395697996e-01 -1.7507712972e-01    2.4414062500e-04
-1.3381915468e+00 -1.5479848678e+00 -8.4742934775e-01    7.6876309601e-02 -2.5783301169e-02  3.3952305739e-01    2.4414062500e-04
-9.9432004715e-02 -9.2301621011e-03  1.8390288998e+00   -1.4985666778e-02 -2.9857603457e-01  4.6247928278e-01    2.4414062500e-04
 1.4663364359e-01  6.2370152136e-01 -1.4937825291e+00   -1.3408911452e-01  1.4766370362e-01 -7.9798960606e-03    2.4414062500e-04
 6.6517306234e+00 -5.8889731085e+00  1.4115783064e+00    7.9893190720e-03 -4.2465949497e-03  1.5390510121e-03    2.4414062500e-04
-5.4785897031e-01 -1.2438797774e+00  2.7969471658e+00   -2.0448008257e-01 -7.4215230259e-02  3.4499946924e-01    2.4414062500e-04
-3.4485475053e-01 -7.2801231195e-01  9.1908023437e-01   -2.4220632190e-02 -5.6738516380e-01 -4.6679443703e-01    2.4414062500e-04
 3.0936013237e+00  1.6461644149e+00  2.8511145750e+00   -1.0126294722e-01 -1.7494899663e-01  7.3473215296e-02    2.4414062500e-04
 2.6636835580e-01 -1.7988535357e+00 -7.8577624573e-01   -3.1128203870e-01  1.2137144328e-01  6.4566506984e-03    2.4414062500e-04
 8.0058679675e-01 -2.9483667515e+00  3.0153395179e-01    1.8409191141e-01  1.5643946170e-01  1.7563564454e-01    2.4414062500e-04
 7.9637198876e-01  7.5204844481e-01 -1.8214915495e+00    8.4249091418e-03  1.0163605227e-02  1.0075487046e-01    2.4414062500e-04
-1.9238309474e+00 -1.7698997186e+00  2.0564431953e+00    1.9742873614e-01  2.3354959998e-01 -5.3958434023e-02    2.4414062500e-04
-1.9581905489e-01 -2.0208388552e+00  3.0723089094e+00   -1.1369172955e-02  1.1749671013e-01 -2.5569318697e-02    2.4414062500e-04
 1.1282407775e+00 -3.8276583520e-01 -1.2661348823e+00    2.4718674089e-01 -3.3506658561e-01  1.6984887122e-01    2.4414062500e-04
 4.6024798741e+00  1.5999523058e+00  2.7686539586e+00    6.4782743356e-02  3.8278674428e-02  2.0418077798e-01    2.4414062500e-04
-1.5857032583e+00 -2.2237803339e+00  1.6267910276e+00    5.7634233821e-01  2.3898018416e-01 -2.8371536071e-02    2.4414062500e-04
 7.3394470007e-01  9.1921900179e-01  3.0122657009e+00    6.9080021883e-02  9.1031625024e-02 -4.6469783637e-02    2.4414062500e-04
-2.0705509077e-01  5.3982950272e-01 -1.3836352888e+00   -1.2982839691e-01 -3.6031483298e-01 -2.1449009883e-02    2.4414062500e-04
 4.5900795657e-03  5.1802034899e-02  1.6633862283e+00    1.7090246266e-01 -8.5558006085e-02 -5.0408588575e-01    2.4414062500e-04
-1.9721310034e-01  1.4726177686e+00 -1.6074569760e+00    5.6606309776e-02  3.1001175317e-01 -4.1318198220e-01    2.4414062500e-04
 3.9472369723e-01 -4.2386286718e-01  3.4020327100e-01    1.4897528646e-01 -8.8647971604e-02 -1.0356036922e-01    2.4414062500e-04
 7.0200130953e-01 -3.6473753707e-01 -2.1398041795e-01   -1.7264530271e-01 -1.1286165324e-01 -1.2481999491e-01    2.4414062500e-04
-6.5578927594e-01  3.1551485568e+00 -1.6230209138e+00    4.3247271600e-01  1.0743422100e-01 -6.4826422999e-02    2.4414062500e-04
 9.5099847983e-01  4.2359837754e-01  1.6264839141e+00    1.4753570244e-01 -3.4535249846e-01  2.2193297672e-01    2.4414062500e-04
 1.1198704893e+00  2.1948228296e+00  3.3097039850e+00    2.4197706072e-01 -2.7307848177e-01 -9.2766904354e-02    2.4414062500e-04
 7.2624314497e-01  7.2397572713e-01 -5.1666670143e-02    1.4223084720e-01 -8.7964509306e-02  5.4169180738e-01    2.4414062500e-04
 2.2244020320e-03 -2.8330967407e+00  3.1099758283e+00   -3.2070893911e-02 -6.8543228379e-02  2.9717863098e-02    2.4414062500e-04
-1.4128812008e+00 -1.7378773482e-01  2.5686596867e-03   -4.2797769110e-02  1.3435684712e-02  1.5531570224e-01    2.4414062500e-04
 3.6227908799e+00  3.2091235847e+00  4.3264904804e+00   -2.6432826957e-02  5.3018218831e-02  3.8584525687e-02    2.4414062500e-04
 1.6774271371e+00 -7.0882459595e+00 -2.2339181955e+00   -2.4907920212e-01  1.9818779820e-01  7.2829579748e-03    2.4414062500e-04
 1.1855507875e+00  2.0658008664e+00 -2.9730219754e+00   -7.8590643212e-03 -8.0748436285e-02  1.5134473293e-01    2.4414062500e-04
-8.8419195057e-01  3.7606890117e-02 -1.9116718985e+00    1.6022973353e-01  1.5666589303e-01 -2.0962107388e-01    2.4414062500e-04
 2.2829475191e-02  5.2707249089e-01 -3.9926586406e-01   -6.6015663402e-02 -6.6070714684e-02  2.4290575273e-02    2.4414062500e-04
-3.3305552093e+00  3.0014006857e+00 -1.7489245954e-01    3.6215584715e-02  1.7050275519e-01  3.5137417406e-01    2.4414062500e-04
 2.1316789007e+00 -1.4911035282e+00  1.3652327020e+00    1.2120274827e-01  1.6804064512e-01 -1.2572999688e-01    2.4414062500e-04
 3.3277851004e-01 -7.7792734800e-01  3.6957016739e-01   -3.6677671001e-01  2.6898305388e-01 -3.9068880226e-01    2.4414062500e-04
 2.7776996680e+00  1.2201851217e+00  3.9311441615e-01   -3.4825148095e-01  6.3872865928e-02  3.1619485304e-01    2.4414062500e-04
 1.8616630802e-03 -1.7551444122e-01 -2.3466526263e-01    3.2834638126e-01  1.3737726620e-01  2.1708292760e-02    2.4414062500e-04
-6.3339460052e-01  2.3651158127e+00 -1.5299304443e-01   -2.2975942633e-01 -3.6113135486e-01 -3.0760191013e-01    2.4414062500e-04
 2.6346189121e+00 -1.1834334675e+00 -1.4336421245e+00    5.7576050011e-02  1.7473003310e-01 -5.5693640291e-02    2.4414062500e-04
 5.4524606307e-01  1.3012445667e-01  5.0383993419e+00    4.4206053227e-02  6.0371269466e-02 -4.4389769183e-02    2.4414062500e-04
 1.3633193909e+00  3.3381800589e-01 -1.1382143688e+00   -5.1326709626e-02 -3.6058474244e-01 -1.4229595081e-02    2.4414062500e-04
 5.2189956043e-01  1.5652751085e+00  1.4921735733e-01   -9.3098916785e-02  1.8235152109e-01  2.2924897083e-01    2.4414062500e-04
-1.1160550181e+00 -1.4100642947e+00 -2.2432761693e-01    9.0068159140e-02 -1.3227106291e-01  3.5946504118e-01    2.4414062500e-04
 4.0845258881e-01 -5.8444135096e-01 -3.5674350037e-01    1.8247155512e-01  4.6857843430e-01  3.9103830290e-01    2.4414062500e-04
-1.7715876593e+00  6.9165657133e+00 -5.6751070171e+00   -5.0881372413e-05 -2.3080074433e-02 -5.2161457036e-02    2.4414062500e-04
-1.1921798421e+00  3.9807447667e+00  5.3642866341e+00   -2.1880266379e-02  3.5294278490e-02 -1.0230923821e-01    2.4414062500e-04
-6.8080093507e-01 -1.8316189956e-02  3.0914310432e+00    7.9862315979e-02  3.1333472505e-01  3.3834707605e-01    2.4414062500e-04
 7.9475293496e-01 -2.7264366304e-01 -4.1033772975e-01   -1.4252687553e-02  2.2253107550e-01  3.0877841917e-01    2.4414062500e-04
 3.4699199785e-01 -7.8928586922e-01 -2.9038191149e-01   -1.8165982794e-01  3.8791066712e-01 -1.1256350542e-01    2.4414062500e-04
 2.7716498650e+00 -8.3534615888e+00  2.2154922736e+00    2.8447915490e-02  5.0578553890e-02 -1.4342538460e-02    2.4414062500e-04
 6.6890091465e-01 -8.2759379321e-03  1.0036861458e+00    1.1593021140e-01  1.4877978173e-01  2.2273846195e-01    2.4414062500e-04
-2.9582323230e-01 -2.7265678355e-02 -1.1526097960e+00   -2.1821597993e-01  5.4100794330e-02 -8.4769521681e-02    2.4414062500e-04
-4.4658027066e+00 -1.4769862325e+00  7.4710056868e-02    3.0982799786e-01 -3.1760098665e-02  1.8338473129e-01    2.4414062500e-04
 6.3696503929e-01 -1.1381247259e+00 -1.1727618109e+00    3.0452724599e-02  4.0279414793e-01 -1.4503159924e-01    2.4414062500e-04
-3.3121437840e-02  4.8616147732e-01 -2.1590689181e+00   -1.1520104032e-03 -7.0424278888e-02 -6.3245406640e-02    2.4414062500e-04
-1.5483562435e+00  8.2794582051e-01 -1.3103844999e+00    4.9320975121e-02 -3.4412590286e-01  9.9313519957e-02    2.4414062500e-04
 3.2738743201e+00 -1.9673081170e+00 -5.7222039847e-01   -8.7808372895e-02  7.7180989621e-02  6.5414613441e-02    2.4414062500e-04
 1.6401149440e+00 -5.6414593159e-01 -1.7729195685e+00    1.2094061111e-01 -9.3079211788e-02  2.7589173742e-01    2.4414062500e-04
-6.5704779304e-01  5.2154216914e+00  2.2595406880e-01   -9.8475393078e-05  1.2907465050e-01  4.1167750500e-02    2.4414062500e-04
-1.9473007450e-01 -5.0531269283e-02  2.6027442042e+00   -4.8568565789e-02 -1.3680180337e-01  1.1500148002e-01    2.4414062500e-04
-7.2738428199e-01  2.9628842634e-01  1.5972827835e+00   -1.3566870456e-01  2.2228211021e-01  3.8844069360e-01    2.4414062500e-04
 1.3260390221e-01  1.2171983798e+00 -8.2649320852e-01   -5.1653371090e-02  4.9673872830e-01 -2.7419851044e-01    2.4414062500e-04
-4.1905036274e+00  1.2146904320e+00 -2.5873830106e-01   -4.8908829256e-02 -6.7095410784e-02 -8.9884460203e-02    2.4414062500e-04
-9.8746449265e-01  1.0681246178e+00 -4.4592789116e-01   -4.1292727742e-01 -1.0108121382e-01 -1.4306141572e-01    2.4414062500e-04
 1.5696350655e+00  1.6934525087e-02  2.8414876232e+00    1.2449828123e-01 -5.8529265988e-02 -5.2594995516e-02    2.4414062500e-04
-1.6914344100e-01 -1.6533476391e+00  2.6445065432e+00   -2.0819236583e-01  9.6406790564e-02 -2.6679776449e-01    2.4414062500e-04
-1.1997614306e+01 -2.7581442895e+00 -2.1702772207e+00   -2.1408956509e-02  8.4355454390e-02  3.3725351401e-02    2.4414062500e-04
 9.4792964595e-01  5.0049909426e-01  2.1648869454e-01   -4.7492643187e-01  5.1848457536e-01  1.8109779503e-01    2.4414062500e-04
 1.2203267989e+00  1.9925527676e-01 -8.6321901672e-01   -7.0238204020e-02  1.0280093864e-01 -9.1411438180e-02    2.4414062500e-04
-2.1458593364e+00 -2.7020120054e+00  2.2599713897e-02    3.7513278031e-02  1.5885628100e-01  1.3563345535e-01    2.4414062500e-04
-1.6620665119e-01  1.6586827305e+00  1.0938012811e+00   -1.3618369580e-01  2.8353427626e-02 -1.0556437956e-01    2.4414062500e-04
 1.9154179602e-01  1.2218086271e+00  2.5765792400e-01    2.0637057971e-01  3.6694741322e-01  2.2265033616e-01    2.4414062500e-04
-5.5801987335e+00 -3.0862478509e+00 -3.2091093719e+00    1.9075316069e-01 -2.6863326165e-02 -1.8411777783e-01    2.4414062500e-04
-7.8989367360e-02 -3.2389660742e+00  2.5186969887e+00    1.0944034519e-01  1.9092395835e-01  3.7874130354e-02    2.4414062500e-04
-1.1191741430e+00  5.6231235591e-01  8.6826037026e-01   -4.1356351514e-01 -1.0667716165e-01 -4.4196273644e-01    2.4414062500e-04
 1.0399247464e+00  3.6354817020e-01  1.3291890728e-01    3.7401289503e-01  4.2539082283e-03  4.3965711972e-01    2.4414062500e-04
 4.2984055295e+00  2.1034752873e+00 -3.2830985080e+00   -4.0239340086e-02  5.0726606579e-02 -4.3962355326e-02    2.4414062500e-04
 1.3207256119e+00 -2.0243424260e+00  1.6899574986e+00   -9.9397287910e-02 -7.3659489082e-03  2.4038425398e-03    2.4414062500e-04
 2.7118520424e+00  8.6107455853e+00  6.7344707411e-01   -8.4566802259e-02  7.6121516043e-03 -7.3025699625e-04    2.4414062500e-04
-5.0363336486e-01 -8.0374732860e-01  2.5067384878e+00   -7.9308737783e-02 -1.5113948710e-01  7.2863465053e-03    2.4414062500e-04
 6.5270247662e-01  6.3654429761e-01  1.3523781310e+00    2.0541429718e-01  7.7440814033e-02  4.1270673439e-01    2.4414062500e-04
 4.9607148849e-01 -9.8117446592e-01 -2.7272109290e-01    2.9741611991e-01  1.6791605764e-01  1.5196057116e-01    2.4414062500e-04
 3.8652638284e-01  1.0471763830e+00 -1.9799991524e+00   -1.2842857161e-01  1.0205925438e-01  3.8106871485e-02    2.4414062500e-04
 2.8665996297e+00 -6.4987281207e-01  2.3643352909e+00   -2.2214528673e-01 -2.8691922792e-01  2.4145189408e-01    2.4414062500e-04
 2.8925349080e-01 -6.2135669657e-02  2.1278208845e-01   -3.5382500644e-02  7.2156822125e-02 -9.2000448459e-02    2.4414062500e-04
 1.9061373907e+00  4.0260472307e-01  1.1018551999e+00    9.1765073870e-02 -4.4112133940e-01 -1.6368091551e-01    2.4414062500e-04
-1.4092803524e+00 -1.4077286347e+00  6.9270820338e-01   -1.7707356333e-01  2.6068702890e-02 -6.7406597559e-02    2.4414062500e-04
-3.3986732608e+00 -1.0010023671e+00 -2.8308020986e-02    7.2791024097e-02 -6.5743536913e-02  7.3709417362e-02    2.4414062500e-04
 6.0042122257e-01  1.1480433757e+00  8.0119048440e-01    2.0264053810e-01 -1.4024375210e-01 -1.2346858000e-01    2.4414062500e-04
-5.9176140068e+00 -1.2400965416e+00  2.4609304701e+00   -5.3303744359e-02 -6.7271511951e-02 -5.2237384901e-02    2.4414062500e-04
-5.1860297771e-01  9.2176051843e-01 -1.5691612027e+00   -1.3456034249e-01  3.6949941797e-01 -1.6783000074e-02    2.4414062500e-04
-1.6179979350e+00  5.2072288846e+00 -6.9599034371e-01    3.0286382090e-01  5.1009639929e-02 -1.0380063480e-01    2.4414062500e-04
-4.5736509417e-02  5.5281999420e+00  3.3491302464e-01   -2.4822063488e-01  1.5963517383e-01  2.1255878508e-02    2.4414062500e-04
 3.3046654260e+00  6.0708412355e+00  8.5946711795e-01    1.9285172920e-01  1.9175930049e-01 -4.3117482525e-02    2.4414062500e-04
 1.3858845234e+00 -5.3557055925e-02 -9.4858716277e-01   -2.6243395215e-01 -1.1198827703e-01  1.8028795488e-01    2.4414062500e-04
 1.8473094894e+00  2.7869591785e+00 -4.6524922163e+00   -1.7895131680e-01  1.1119088288e-01 -1.8631670221e-01    2.4414062500e-04
-8.3477364041e-01 -4.8595479501e-01 -1.1071984074e+00   -1.8415975653e-01 -3.1709687024e-01  2.0332463686e-01    2.4414062500e-04
 1.4308502522e-01 -6.2497670537e-01  2.0853210313e+00    4.0599029028e-01 -1.8983673079e-01 -1.4319657351e-01    2.4414062500e-04
 1.3968000153e+00 -1.0253584820e-01 -1.1951758231e-01    1.2093649171e-01 -1.2664873340e-01 -1.2684230743e-01    2.4414062500e-04
 1.7470194369e+00  1.0747510404e+00 -1.5830923438e+00   -1.4917711538e-01 -3.4887229970e-02  1.0428085104e-01    2.4414062500e-04
 4.3677358612e-01  8.2334706408e-01  4.4707554005e-01   -2.1403099414e-01  3.3835135514e-01 -2.7880673982e-01    2.4414062500e-04
 5.9185114007e+00 -2.0685235540e+00 -9.7207084549e+00   -1.4809777583e-01  7.6101162394e-02 -9.4467966497e-02    2.4414062500e-04
 4.1449047663e-01 -2.2073430673e-01 -9.3346965672e-02    6.1147646112e-02 -1.0018455362e-01 -1.6218690221e-01    2.4414062500e-04
 6.8519625145e-01 -2.4272648446e+00 -1.5032767198e-01    5.9000064976e-02  1.9633928356e-01  4.8155660360e-01    2.4414062500e-04
-3.6616968588e+00 -2.2413212223e+00 -3.5455507283e+00    8.3567127502e-02 -4.6736390943e-02  8.7867492304e-02    2.4414062500e-04
-8.0256889506e-01  7.1544998166e-01  5.4204813663e-01   -2.4894438197e-01  5.8722184779e-02 -1.2233601474e-01    2.4414062500e-04
 3.7434632574e-01 -1.2331005278e+00 -2.7857630460e+00    9.4326823487e-02  9.5589376444e-02 -1.9095791170e-01    2.4414062500e-04
-2.6097938108e+00 -5.2999833199e-01 -3.2981678854e-01    1.9599994630e-01 -2.5851490411e-01  3.0626982022e-01    2.4414062500e-04
 1.4399633212e+00  4.2894037089e+00 -2.2837304232e-01   -5.2290107411e-02 -2.5914334474e-01 -1.3973619888e-01    2.4414062500e-04
 4.7973218372e-01 -3.6216262945e+00 -9.2334925230e-01   -2.7601433047e-02  6.5321061443e-02  1.0158976745e-01    2.4414062500e-04
 2.6673808669e+00 -4.6415374256e+00 -2.9583860034e-01   -2.9816879558e-02 -2.3542305882e-02 -1.0244161583e-01    2.4414062500e-04
 2.4478334300e-01 -3.0844299646e+00 -3.6993340485e+00   -1.8018420818e-01  8.1085610765e-02  8.6101211443e-02    2.4414062500e-04
 2.6174165881e+00  1.5834090545e+00 -6.3021213322e-01   -1.2307247785e-01 -2.1536399792e-01 -7.7980171062e-02    2.4414062500e-04
-1.3062487778e-02  1.3017736145e+00 -1.5390274338e+00   -2.2523910811e-01 -1.9425710571e-01 -7.0346996666e-02    2.4414062500e-04
 2.3446669897e-02  8.5332169776e-01 -7.2912041774e-01    4.2725844258e-01 -4.6664837764e-02  1.6729751291e-01    2.4414062500e-04
 2.0490425474e-01 -1.2153221305e+00  7.3380459418e-02   -4.2956548619e-02 -1.5815092360e-01 -1.3772607424e-02    2.4414062500e-04
-3.7383854824e-01  6.4692591006e+00  7.8819307185e-01    7.3741183710e-02 -5.8548484620e-03  1.4023590141e-01    2.4414062500e-04
-9.9216243308e-01  1.2941618124e+00  5.3558031327e-01    2.7453729242e-01 -2.3464100523e-01  3.5670448082e-01    2.4414062500e-04
-3.1115192159e+00  1.3657412951e-01  6.4731983387e+00   -2.3586258957e-02  8.9253920872e-03 -1.1833201088e-02    2.4414062500e-04
 5.6852268311e-01 -1.6477990301e+00 -2.4048301633e-01    2.0220208469e-01  4.0141484742e-01 -2.0522812729e-01    2.4414062500e-04
 2.7879389480e-01  3.8021173947e-02  8.3250251606e-01   -3.2866871894e-01 -4.3950338351e-01  2.1467754847e-02    2.4414062500e-04
-3.3387724625e-01  1.7047150897e+00 -5.5118378762e-01   -2.0726149953e-01 -7.2841383592e-02  1.5504708560e-01    2.4414062500e-04
 9.0188097528e-02  1.3788707787e+00 -1.6484388397e+00   -1.1666777207e-01 -4.3103683107e-02 -1.3185178663e-01    2.4414062500e-04
-4.3789608510e-01  4.2886941698e-01  9.0395669623e-01    3.3708854340e-02 -8.5509402188e-02  1.1471986239e-01    2.4414062500e-04
-9.7625268373e-01  1.0330844038e+00 -1.7937240148e+00   -8.5656934929e-02 -1.2283156868e-02  4.0274546569e-02    2.4414062500e-04
 1.6917342208e+00  4.7025624520e+00 -7.6123058148e-01   -1.1419777272e-01  3.6918258176e-01 -1.1059068521e-01    2.4414062500e-04
-5.6979278235e-01  1.9668188051e+00  1.0538663091e+00    2.8108766351e-01  2.6166029831e-01  5.9875290584e-02    2.4414062500e-04
 1.7238569233e+00  2.0496444596e+00 -9.5632815601e-02   -2.1833354211e-01 -2.7934820958e-01  1.3695630950e-01    2.4414062500e-04
 3.3608344885e+01  6.0335395348e+01 -1.1321278876e+01    1.4257843669e-02 -5.6189747535e-02  9.4033853653e-02    2.4414062500e-04
 8.2839894656e-01 -2.4871498447e-01  1.2686730897e+00    8.4150279810e-02 -1.8341890481e-01  4.1163182525e-01    2.4414062500e-04
 1.2393042217e+00 -2.4477833338e+00  4.6098333675e-01    7.0162988156e-02  4.5919180402e-01 -5.6045190354e-02    2.4414062500e-04
-1.0927050637e+01  1.8908857584e+01 -3.1278023531e+00    8.2555476779e-02  1.3063740119e-01  2.9440183612e-02    2.4414062500e-04
-2.2788647359e-01  2.2414109906e+00 -1.3738155949e+00   -1.9178652527e-02  6.2762416480e-02  8.1382218304e-03    2.4414062500e-04
-2.9108177892e+00 -4.8905448694e-01 -6.0324177283e-01   -2.7653064446e-01  1.6945651838e-02 -4.3506375360e-01    2.4414062500e-04
 1.5810821763e+00 -1.5244932228e+00  1.8075047094e+00    8.9597341639e-02  5.3814891502e-02 -6.4629954537e-02    2.4414062500e-04
 4.2977594604e-01  1.0707572437e+00 -3.2924508612e-01   -1.5387056564e-01  1.0565516038e-01  4.1828825994e-01    2.4414062500e-04
-2.6177419302e-01 -9.8683924168e-01  3.8747934119e+00   -1.9928715910e-02  4.4100833636e-02 -4.6644301976e-02    2.4414062500e-04
-6.3184766285e+00  4.4355968353e+00  1.9275937412e+00    9.5241452580e-02 -2.1580697360e-01  1.6149070898e-01    2.4414062500e-04
 3.9146554571e-01  7.7446478560e+00  4.2570930527e+00   -1.1934743432e-01  4.6682503340e-02  3.6846112317e-02    2.4414062500e-04
-2.1115682655e+00 -1.9827386706e+00 -5.9995637159e-01   -5.4586381128e-03  5.8443430771e-02 -8.9158544535e-02    2.4414062500e-04
 1.2283466924e+00  1.6733726641e+00 -2.6441636285e-01    1.2187534744e-01 -1.5964054606e-01 -1.3261984017e-01    2.4414062500e-04
 2.7929558637e-01 -3.4081222279e+00  1.0980651766e+00   -6.2240180754e-02 -2.7917771465e-01  3.8196438338e-01    2.4414062500e-04
 4.6255447719e+00 -8.8765876493e+00 -1.4498742565e+00    2.2859866874e-01 -1.8740294124e-01 -9.8176810159e-02    2.4414062500e-04
 3.1414583305e+00  1.0794198899e+01  1.2077085510e+01   -2.2258319359e-02  5.8042523046e-02  9.3925340437e-02    2.4414062500e-04
 1.3651957055e+00 -2.2237703627e-01 -1.0801098846e+00   -1.4837719876e-01  3.2921089671e-01 -4.1944387231e-02    2.4414062500e-04
 8.6867972537e-01 -8.4140436439e+00  3.9545371727e+00   -4.5764650151e-02 -3.1062862470e-01  3.8882254802e-02    2.4414062500e-04
-1.6678246377e+00 -3.6761985930e+00 -1.9212644680e-01   -7.1499989592e-02 -1.5006334218e-01  1.8630856145e-01    2.4414062500e-04
 6.1022563312e+00  2.3732335669e+00  2.9472149424e-02   -1.0707343262e-01  2.5345274462e-01 -3.7840089647e-02    2.4414062500e-04
-6.9706191976e-01 -9.4259679995e-01  3.7973518710e-01   -7.1997979889e-03 -3.2299864471e-01  5.8711234435e-02    2.4414062500e-04
-5.1793882340e+00 -1.2785664174e+01  7.4142347076e+00   -1.6384921490e-02 -1.0787754135e-01 -6.5936598863e-02    2.4414062500e-04
 7.5417530269e-02 -6.5970406936e-01  4.3537986876e+00   -3.9222507370e-02  2.9336755070e-01 -9.5905881416e-02    2.4414062500e-04
-6.5830536055e-01  1.1753469603e+00  2.0080313433e-01    3.6334220163e-01 -3.4079738439e-02  4.2497646397e-02    2.4414062500e-04
 1.2334005159e+00  3.9183400831e-01  2.5579833687e+00   -7.4925559721e-02  4.7578224990e-01  3.0784363306e-01    2.4414062500e-04
 7.7793110023e-01 -5.1977123479e-01  5.9792520010e-01    9.7513750942e-02 -3.2041191087e-01 -5.5020536913e-01    2.4414062500e-04
-1.8445904246e+00  2.8689190135e+00  2.3334756179e+00    3.9764700114e-02  1.5798286462e-02  4.5638508953e-02    2.4414062500e-04
-1.9696332760e+00 -2.1159140278e+00  8.8322758102e-01    1.9068574343e-01  1.3278183158e-01 -1.1142528881e-01    2.4414062500e-04
-9.5394342513e-01  1.3178826519e+00 -2.5268724904e+00    1.1528439729e-01 -4.2550373618e-02 -2.4618319043e-01    2.4414062500e-04
-6.1704169412e-01  5.8585387092e+00 -6.1709877895e-01   -1.1176481931e-01 -6.7029998075e-02  6.5288914491e-02    2.4414062500e-04
-3.0583904518e+00 -1.3264160205e-01 -3.3223113069e+00   -1.0362809470e-01 -9.2392336143e-04  4.4148565303e-02    2.4414062500e-04
 1.0168545334e+00  2.3866526203e-01 -2.5063698425e-01    1.1561985406e-02 -1.7588890308e-01 -2.2986645184e-03    2.4414062500e-04
 3.2752964840e+00 -2.2722928010e-01 -3.0868571391e+00   -2.6250738033e-01 -1.1919845147e-01 -1.2211686302e-01    2.4414062500e-04
-5.9882359228e-01 -1.4957427596e+00 -2.2062909464e+00    8.7529046955e-02  5.8720839944e-01 -1.8475093754e-02    2.4414062500e-04
 8.5304403273e-01 -7.6146848825e-01 -7.5732592392e-01    1.5052918908e-01 -1.0848034583e-01 -4.9174629488e-02    2.4414062500e-04
 1.0429529892e+00 -1.3758144274e+00 -8.6998851191e-01    7.1098184007e-02 -3.5342498321e-02  1.8780830418e-02    2.4414062500e-04
-8.1157620699e-01  2.5739634809e+00 -2.5179425664e-01    1.8085510407e-01  2.3371824408e-01  2.3258433889e-01    2.4414062500e-04
 9.0795091819e-01  3.8330185938e-01 -6.0260382451e+00    1.4518475626e-01 -3.0299276902e-03  1.6118746135e-01    2.4414062500e-04
 1.3638961196e+00  3.0488200056e+00  5.9668716176e+00   -1.3208209761e-02 -2.3892446298e-01 -1.3752790169e-01    2.4414062500e-04
-1.2712538714e-01  6.5013164555e-01  9.0106065747e-01    1.2272357235e-02 -5.1148599271e-02 -3.9776573311e-02    2.4414062500e-04
 1.2265024791e-01  1.8063858088e+00  1.6275513734e+00   -8.1015566536e-02 -3.1065191807e-03 -3.4468118166e-03    2.4414062500e-04
 4.4449664356e+00 -3.6038015570e+00 -6.5086702522e-01   -7.5748758582e-02  5.0389087030e-02  3.5785243872e-02    2.4414062500e-04
 1.4121655774e+00  2.7356469373e-01 -2.8143657573e+00   -5.5769698071e-02  3.1884060056e-02  3.4119117412e-03    2.4414062500e-04
 6.4209967195e-01  4.7316072480e+00  3.8269605049e+00    3.4043507305e-02  6.5789312036e-03 -1.4633302102e-01    2.4414062500e-04
 3.1498054302e+00  5.0048599289e-01  1.7817725674e-01    7.4269193703e-02 -6.6231824235e-02  2.4805556959e-01    2.4414062500e-04
 7.7680317668e-01 -8.9217545865e-01 -8.9891243254e-01    2.6684851885e-02  3.0928995497e-02  1.1504157736e-01    2.4414062500e-04
 3.2087229222e-01  2.5852129858e+00  7.6969414539e-01    6.3455854568e-02 -3.2610989314e-02  9.0984092879e-03    2.4414062500e-04
 4.4599823947e-01  1.5438017404e+00  2.2435425014e+00   -3.7972775425e-01 -9.2946986011e-02  7.1474695714e-02    2.4414062500e-04
 3.7623808137e+00 -2.8966234243e+00  5.4145151139e+00   -3.3965884351e-01 -7.4137885386e-02 -1.9047568849e-02    2.4414062500e-04
 1.2701148729e+00 -1.4752610323e+00 -3.4064464279e-01   -1.3176673872e-02  1.3726404983e-01 -6.4871415117e-02    2.4414062500e-04
-1.4196909016e+00 -4.4191789228e-01  2.5430160487e-03   -3.4317977687e-01 -3.3029651188e-01  3.1505577189e-01    2.4414062500e-04
 2.8023906230e+00 -2.6694057294e+00  1.9524856535e+00    4.5010423343e-03 -3.5870222971e-02  1.1820962819e-02    2.4414062500e-04
-1.5563211354e+00  1.6595686063e+00  1.2127561851e-01   -7.3290792162e-02 -2.3333150438e-01 -6.7488457694e-02    2.4414062500e-04
 1.2085260036e+00  1.8509929090e+00  1.4379005974e+00   -3.6903849828e-02 -8.7883760713e-02  7.2284876691e-02    2.4414062500e-04
-1.7745812064e+00 -1.4948974881e+01  4.7116370112e+00   -1.5270546486e-02  3.8327791018e-02 -2.0868188956e-01    2.4414062500e-04
-2.4595686728e+00  1.5493828206e+00  2.2289225410e+00   -1.0299583974e-02 -4.4286434251e-02 -7.1072998743e-02    2.4414062500e-04
 1.9548455066e+00  2.4051795934e+00  2.0735373101e+00    1.5566620324e-01 -5.9770821823e-02  9.0600695273e-02    2.4414062500e-04
-2.8483881891e+00 -4.3313305930e+00 -7.5747483499e+00    6.8475994801e-02  4.7892008512e-02 -1.6113587242e-01    2.4414062500e-04
 8.7807989077e-01  3.2109146566e+00  2.3945168844e+00   -2.8489845930e-01  2.5736988007e-01  7.5907050194e-03    2.4414062500e-04
-3.9715785557e-01  1.0835786403e+01  3.4661275363e+00   -9.8127341563e-03 -1.8229830013e-02  8.2075425973e-02    2.4414062500e-04
-2.1147430248e+00 -1.8067961104e+00  1.7437173164e+00   -4.6891053130e-02 -2.1257615301e-01 -2.2298843357e-01    2.4414062500e-04
 8.6428645615e-01 -2.1073509995e+00  2.0149846003e+00   -9.6588262008e-02  1.1699748901e-01  1.8363107507e-01    2.4414062500e-04
-4.6466122251e-01  1.6538281067e+00 -5.2441043534e-01   -5.1846937115e-01 -3.0072677118e-01  6.1202138708e-02    2.4414062500e-04
 1.2894173576e+00  9.1341655725e-01 -4.2705703566e-01    4.5331217599e-01 -2.6056401383e-01 -9.8131223482e-02    2.4414062500e-04
-7.7717035726e-01  2.6220076627e+00  7.2730988388e-01    1.6289589593e-01  2.1183005980e-01 -2.6944479601e-01    2.4414062500e-04
-5.3904872724e-01 -4.5203432770e-01 -2.4066556667e-01   -8.6764017983e-02 -2.0534489041e-01 -2.8194591343e-01    2.4414062500e-04
-4.4721813995e-02 -6.7779771994e-01  1.1071413348e+00   -1.0240470089e-01 -1.4271969510e-01 -8.5274010021e-02    2.4414062500e-04
-1.5361743847e+00 -1.6788973332e+00 -3.1076313644e+00   -1.9140881363e-01  1.4399440761e-01  3.4436676585e-01    2.4414062500e-04
-7.1191230192e-01 -1.3167723141e+00  3.3496151350e+00   -6.7020790062e-03  1.7525441109e-01 -8.1528006810e-02    2.4414062500e-04
-5.4640974575e-01  2.1619976430e-02 -1.7393077670e-01   -7.8379492480e-02  1.1346483253e-01 -2.2733766321e-01    2.4414062500e-04
 4.5992593527e-02 -5.9233639629e-01 -1.0884591267e+00   -1.3329626599e-01  1.2570463662e-01  4.6833517370e-01    2.4414062500e-04
 2.7821229423e-01  1.3834672462e+00  2.9990685143e+00   -3.8988941731e-01 -1.0295629229e-01 -4.7924604155e-02    2.4414062500e-04
-1.6236079304e+00 -1.3358598860e+00 -1.8036189112e-01   -7.7480058568e-02 -8.5817574405e-02  1.9138478808e-01    2.4414062500e-04
 2.5060467417e+00  7.7347563553e-01 -1.6987706728e+00   -1.6809901697e-01  1.6880245466e-01 -2.4366405165e-02    2.4414062500e-04
 6.6939710130e-01 -8.7807646459e-01 -2.3847849225e-01    9.0172475708e-02  2.5318457316e-01  4.0165327660e-01    2.4414062500e-04
-2.6987683454e+00 -3.2718764754e+00 -4.4143887353e+00   -1.2051535120e-01  1.1313437239e-01 -5.9265822374e-02    2.4414062500e-04
-5.4697090620e-01 -5.6019985646e-01 -1.3708946248e+00   -4.7460446943e-01  8.3806661324e-02 -3.0705227882e-02    2.4414062500e-04
-1.7179088453e+00 -8.4840525512e-01  5.7805668111e-01   -5.5744049929e-02  1.5252528566e-01 -1.1259320142e-01    2.4414062500e-04
-2.2273986692e+00  7.5674812316e-01  4.5334163019e-03   -7.1917198111e-02  2.9132730135e-01 -4.4423930632e-02    2.4414062500e-04
 7.7659651190e-01 -2.5684871787e+00 -1.4018884359e+00   -9.9384200599e-03 -3.4327581253e-02  3.4972786626e-03    2.4414062500e-04
 4.8728865770e+00  1.5903113938e+01 -5.4055095237e+00   -6.2465997476e-02  2.1550467932e-01 -4.4104708520e-02    2.4414062500e-04
-1.0885516055e+00  2.6571843266e-01  9.3966991817e-01   -2.2723154286e-01  2.9031870423e-01  4.4915189058e-01    2.4414062500e-04
 2.5667267070e-01 -8.3483978221e-01 -8.7372293710e-01    6.1104583334e-02  2.0659182521e-01 -2.2568060938e-02    2.4414062500e-04
 4.6742713391e-01  1.0982921661e+00  6.0232567306e-01   -7.6446466439e-02 -1.6735638255e-02 -2.1114999204e-02    2.4414062500e-04
 3.7138476360e+00  2.8806669591e+00 -5.8245313236e-01   -7.5708323367e-02 -1.3960137872e-02 -2.7653600550e-01    2.4414062500e-04
 2.0611081952e-01 -6.2505531714e-02 -2.0723344518e+00    1.0340823317e-01  5.8617762656e-02  2.5589664924e-02    2.4414062500e-04
-8.5392444548e+00  1.7552555327e+00 -6.2252444982e-01   -6.3594404950e-02 -1.3536611612e-01  1.7191051957e-02    2.4414062500e-04
-7.8305845806e-01  2.7944902433e-01  2.2801526151e-01    3.0574019658e-01 -8.4728550118e-02  2.9738645763e-01    2.4414062500e-04
-1.5835754779e+00 -1.8300946975e+00  1.1591973966e+00   -3.9006882059e-02 -2.9086861594e-01  2.1250460845e-01    2.4414062500e-04
-4.3524284663e+00  5.1272710710e-01  6.3271073667e-02   -2.9372381314e-02  2.3175574644e-01  5.9869995752e-02    2.4414062500e-04
-1.8993202255e+00 -1.5933851921e+00 -5.5866273912e-01   -9.8445677360e-02 -1.8281785402e-01 -3.4063387243e-01    2.4414062500e-04
-1.7893687495e-01 -2.0650356674e+00 -4.1427541947e-01    1.0609426825e-01 -1.0530697997e-01  6.1518013596e-02    2.4414062500e-04
 1.4980759447e+00  3.8030099752e+00  3.3239640096e+00   -2.2326343811e-01  2.5042744456e-01  2.4242851824e-02    2.4414062500e-04
-2.4155220611e+00  1.0407352781e+00 -7.0682532395e-03   -1.1103834256e-01  2.5178226847e-01 -1.4093480351e-02    2.4414062500e-04
-4.9894142380e+00 -1.0700560205e+00  5.7168421749e+00    1.6572002343e-01  2.9875835268e-02  1.1766076034e-01    2.4414062500e-04
 3.1607239761e-01 -6.9814084011e-01 -1.3225250656e+00   -2.2811158762e-01 -6.5218267773e-02 -5.2838913766e-01    2.4414062500e-04
-6.0295424783e-01 -8.6690914193e-01 -2.8807783685e+00    2.3229622765e-01 -1.3268003323e-01  1.0868300495e-01    2.4414062500e-04
-2.7938770441e+00 -1.6527464048e+00  4.0584057493e-01    4.1930906625e-02  1.4920072611e-02  1.3474243739e-01    2.4414062500e-04
-5.1132864981e+00 -2.2677342588e+00  5.2540466661e+00   -1.4399571321e-01 -7.7333287120e-03  6.1464162505e-03    2.4414062500e-04
 2.8819278390e-01  9.5836665205e-01  4.9318173864e-01    8.3917040518e-02 -3.5390884575e-02  2.0898253718e-01    2.4414062500e-04
 3.8124243557e+00  2.7580699559e+00 -2.1102416714e+00    2.1268023946e-02  1.4793969456e-01 -2.6678039930e-01    2.4414062500e-04
 5.5660191158e-01  3.7190190905e+00  6.4644547845e-01    2.8286991062e-01 -3.1051075324e-02  1.0270467301e-01    2.4414062500e-04
-1.2847162049e+00 -3.0079960838e-01  6.0324198081e+00    3.3299526897e-02 -1.1411483562e-01  1.9647062411e-02    2.4414062500e-04
-1.7813242638e+00  2.6628016436e+00 -3.7708772595e-01    2.1682056862e-01 -1.5116326722e-01  1.3876145533e-01    2.4414062500e-04
-8.6686593581e-01 -2.0567964818e+00  6.0585278451e-01    1.8298376358e-01  1.0827555399e-01  1.5138819045e-01    2.4414062500e-04
 6.1115836386e-01  3.3065360688e+00 -3.6731383166e+00    1.0840664778e-01 -1.1713005432e-01 -4.8717944096e-02    2.4414062500e-04
-1.1295658602e+00 -6.2353168169e-01 -1.0376212460e+00    1.3637178693e-01 -2.2601244924e-02 -5.1174866963e-02    2.4414062500e-04
-7.0908617543e-01  2.9466091720e-01  2.4487152822e-01   -7.5436795225e-02  1.0567104759e-01  3.0273999845e-02    2.4414062500e-04
-3.2646333593e+00 -2.0937148919e+00  1.7995962015e+00   -4.7648934717e-02  2.6636363264e-02 -1.4955185474e-02    2.4414062500e-04
 1.7028937043e+00  3.9776377312e+00 -2.9798342977e+00   -8.2396025290e-02  2.2938275563e-01 -2.8733975616e-01    2.4414062500e-04
-4.3207483593e+00 -3.1632423209e+00  5.3561509511e-01   -5.3459977574e-02 -3.1272332188e-02 -6.0832248553e-02    2.4414062500e-04
-1.5899041296e+00  1.7934147040e+00 -2.0989985382e-02   -9.3869510872e-02  8.0137085618e-02  1.0486656034e-01    2.4414062500e-04
 1.3240986534e+00  2.0154314769e+00  3.4952178302e+00    3.1353610833e-01 -1.2370310039e-02 -5.7531304377e-02    2.4414062500e-04
 2.3613022502e-01  8.0490957344e-01 -3.8843103937e+00   -2.7421265834e-01  5.9885436964e-02 -1.8288546796e-01    2.4414062500e-04
-1.6008937948e+00  6.5436586172e-01  1.7634152943e-01    1.9767674787e-01  3.4713078092e-01  7.5318070465e-02    2.4414062500e-04
-1.6517825599e+00 -3.1656907713e+00  2.6811213241e+00   -2.9555199881e-01 -1.2874302887e-01  2.6419890255e-01    2.4414062500e-04
 1.1907731827e+00 -2.5209615324e+00  1.2457101611e+01    2.0117846605e-02 -1.0757634529e-01 -2.7353451740e-01    2.4414062500e-04
-4.0206655202e-01 -9.5574560806e-01  1.6673839616e+00    6.1403746100e-02 -5.9785856771e-02  1.5532695478e-01    2.4414062500e-04
-1.2605385716e+00 -9.0555576486e-01  4.7067389183e-01   -2.2298014235e-01 -1.1624844068e-01  2.7239614191e-01    2.4414062500e-04
 1.9062797840e+00 -4.6077324266e-01 -2.3295126822e+00   -6.1972401834e-02 -1.7186983020e-01 -7.7573219577e-02    2.4414062500e-04
 5.1703828013e+00 -1.4567248516e-01  4.2564773228e+00   -4.2872593304e-03 -3.0906194460e-01  7.8950723977e-04    2.4414062500e-04
 1.1819692170e+00  3.0611213520e+00  2.4722122801e-01    9.0503414345e-02 -3.6894977531e-01  1.9625995613e-01    2.4414062500e-04
-1.0671293537e+01 -5.8364413412e-01  8.9582942527e+00   -6.2910019630e-02  5.0456411503e-02 -1.0455301865e-01    2.4414062500e-04
 7.0788470055e+00  4.8319929842e+00  8.4463854103e-01   -7.0343271412e-02  1.1142087320e-02  2.1198464358e-01    2.4414062500e-04
-1.9906632892e+00  2.8707817260e+00 -1.8896842270e+00   -1.8516722363e-02 -5.6805723249e-02  6.0558669186e-02    2.4414062500e-04
 2.8823779573e-02 -1.8006153401e+00  3.4668513462e+00   -3.4608521048e-01  1.7827599396e-01 -1.6754613061e-01    2.4414062500e-04
 2.9863456312e-01  1.2641582396e+00  6.5990854744e-01   -2.8536155909e-01 -4.0578380922e-01  4.0102144991e-01    2.4414062500e-04
-9.0425125997e-02 -3.9253523483e-01 -1.8604520054e+00    1.1732577165e-01  2.2622427708e-01 -3.1833612796e-01    2.4414062500e-04
 1.6375529800e+00 -3.6406748032e+00 -3.1631903990e+00   -3.2011937576e-01  4.6211058756e-02  6.6227340752e-02    2.4414062500e-04
-4.9686649268e-01  9.4637855155e-01 -1.8968131016e+00   -2.4977643238e-02 -2.8165796864e-01 -2.3900032928e-01    2.4414062500e-04
 6.6806075503e-01 -3.3889247964e-01  1.3816612162e+00    5.2701829436e-02  1.9648976111e-02  3.7962239129e-02    2.4414062500e-04
 4.0630539347e-01 -2.3504302213e-01 -7.0076723618e-01    8.6334285418e-03 -3.4906842994e-01  4.0599181490e-01    2.4414062500e-04
 1.1821713406e+00 -2.1529263373e-01 -9.5905080639e-01   -1.8474234620e-01 -1.0503777651e-02  3.1137810325e-01    2.4414062500e-04
 8.2961659482e-01 -6.2863723861e-01  2.8449316263e+00   -1.5523425860e-01  4.5096477787e-02  5.9005403815e-02    2.4414062500e-04
-2.0794254362e+00 -5.4200453833e+00 -6.2341571754e+00   -1.5848825341e-01 -1.9442980655e-01  6.2624714871e-02    2.4414062500e-04
-1.4436448390e+00  6.3236128088e-01  1.4593700884e+00    2.1387371749e-02  4.6353028403e-02  6.2392882889e-02    2.4414062500e-04
 1.1183090757e+00 -1.1233479971e+00 -4.5395886808e+00   -1.8791268974e-02  5.9612148502e-02  5.6863852660e-02    2.4414062500e-04
 6.2905008992e-01 -8.4474038045e-01 -3.9926738798e-01    1.7546748058e-01  5.8975677116e-02  1.2116330418e-01    2.4414062500e-04
-1.2006957421e+00  4.3812040777e+00  2.9835427927e+00   -9.7607568120e-02 -1.8807496744e-01  6.1817527074e-02    2.4414062500e-04
 4.6915776829e+00  7.5704867840e+00 -4.6582018312e-01    2.2724874001e-01 -7.6270643122e-03 -1.7317159629e-01    2.4414062500e-04
 2.0979039286e+00  1.7043298593e+00  3.1652484214e-01    3.1524073209e-01  4.6559621429e-01 -1.1400610366e-01    2.4414062500e-04
 1.4688921034e+00  1.1129849926e+00  1.6826539042e+00    8.3707280231e-02 -2.7564928394e-02 -5.4536408022e-02    2.4414062500e-04
-6.5113314949e+00 -2.2919556394e+00 -3.3588226065e+00   -1.4822049697e-01  2.8541091300e-01 -1.3250458881e-01    2.4414062500e-04
 4.2253588198e-01  4.1032249523e-01 -1.4347492528e+00    3.0926986282e-01 -4.8295290992e-02 -4.4725540494e-01    2.4414062500e-04
-7.9358750956e+00  1.9168264243e+00 -1.7896463129e+00    3.1106002643e-01  9.3336826943e-02 -7.5775367542e-02    2.4414062500e-04
 1.1367955342e-01 -2.5488584536e+00 -7.7676951498e+00   -5.2661323329e-02 -3.4409858598e-02  3.1272062500e-02    2.4414062500e-04
 4.3453970687e+00 -9.2460228532e+00  5.5871923112e+00   -1.1144352317e-02 -1.0717183203e-02  8.2363875927e-03    2.4414062500e-04
 1.2675269515e+00  5.1194839118e+00  4.8498237741e+00   -2.8314754140e-02 -3.4841951311e-01 -2.3986540212e-01    2.4414062500e-04
-1.2676622178e+00 -9.9605437021e-01 -2.1055729539e+00    1.5826495423e-01  8.9945216550e-02 -8.5443213486e-02    2.4414062500e-04
-2.6457638296e+00 -1.9644424218e+00  1.5264825836e+00    3.0894485931e-01 -1.1907642313e-01  1.3062887745e-01    2.4414062500e-04
 7.5789754497e-01 -2.4082129710e+00  1.0173309001e+00   -3.2043438365e-01 -5.0924024861e-02  3.5263150590e-01    2.4414062500e-04
-1.6942452828e+00  5.2889406673e-01  6.9858601617e-02   -1.1761773428e-01  1.1735281397e-01  3.8431658781e-01    2.4414062500e-04
-3.9529708097e+00  1.5380379753e+01 -1.9616246814e+01   -1.3499725261e-01  5.4930118279e-02  1.3118043719e-01    2.4414062500e-04
 2.8161572600e-01  6.2833228964e-01 -1.3418285185e-01    8.5654125595e-02  1.1943780435e-02 -1.6177684704e-01    2.4414062500e-04
-8.1384288338e-01 -1.2647204667e+00  2.9827010144e-01    2.6068104766e-02 -3.8673263558e-03 -1.3100434424e-01    2.4414062500e-04
 1.3139816726e+00  1.1753583631e+00 -8.7067076680e+00   -1.9169745018e-02 -1.1828012361e-01 -2.3257248023e-01    2.4414062500e-04
 9.7002819374e+00  5.2213794981e+00 -1.1636091423e+00    7.9315228409e-02  5.4869986961e-02  4.5462241197e-02    2.4414062500e-04
 6.5326698894e-01 -1.4767772472e+00  4.6502347164e-01   -1.3546889051e-01  2.5752726080e-01  2.7604540879e-01    2.4414062500e-04
-9.2226262544e+01  4.3356266720e+01 -1.3148187149e+02    1.9546284823e-02 -9.1455168796e-03 -7.0749689942e-02    2.4414062500e-04
-2.7580336275e+00  2.8732339709e+00 -3.3262581927e+00   -7.6960447839e-03 -5.9946073489e-02 -5.2124250700e-02    2.4414062500e-04
 5.7982496495e-01 -3.5013261227e-01  4.6496160467e+00    9.3093563361e-03  2.7266004437e-03  7.7916674886e-02    2.4414062500e-04
 1.0407731890e+00  2.9982888351e-01  2.8292663453e+00   -4.6515963372e-02 -8.3833246619e-02  7.8892006850e-02    2.4414062500e-04
 4.5160961378e-01 -6.1915833359e-01  2.0291070189e+00    7.8786757958e-02 -2.5883004774e-02 -2.8739070743e-01    2.4414062500e-04
-8.9401640216e-02 -5.7765211726e-02 -3.4969561387e-01    5.1210331266e-02 -4.0143867862e-02  2.1636575137e-02    2.4414062500e-04
-1.0928677258e-01  8.4322815534e-01 -1.8636873927e+00    3.5821251683e-02  2.2596544180e-01 -1.6233881617e-03    2.4414062500e-04
-7.7721536769e-02 -1.5191774172e+00  1.3489309139e+00   -4.4936668631e-01 -1.9080397263e-01 -3.6273244047e-01    2.4414062500e-04
 6.1965804194e-02  1.0405656930e+00 -6.6617391383e-02    8.8283695893e-04 -9.5497312195e-02  1.1910519391e-01    2.4414062500e-04
-3.8163035961e-01 -4.1532031054e-02  8.9126324624e-01    1.0080991363e-01  1.4321799600e-01  3.4313591062e-02    2.4414062500e-04
 6.3262886384e-02  1.3644773452e+00 -1.0432051809e+00   -1.9634331508e-01 -3.8387008559e-01 -2.0286731138e-02    2.4414062500e-04
-6.3871507699e-01  1.4392911902e+00  2.1131512777e+00   -1.9876425689e-02  7.4827450385e-02 -1.1773520735e-01    2.4414062500e-04
 2.2689286801e+00 -2.0870919302e+00 -3.4207702473e+00   -2.3728896735e-02  4.5565321411e-03  5.1064514218e-04    2.4414062500e-04
-2.5738095682e+00 -1.3115807675e+00 -7.3120347536e-01   -2.2359132962e-02 -1.6379988833e-02  1.4142716018e-02    2.4414062500e-04
 5.6584359291e-01 -2.0864409507e+00 -1.6857938468e+00   -1.9464170379e-02  2.1010508999e-01  1.6756719818e-01    2.4414062500e-04
 2.0529056015e+00 -3.1888358876e-01 -4.4768460694e+00   -8.1789435616e-03  1.0536247846e-02  3.1126337225e-03    2.4414062500e-04
 4.6544282903e+00 -2.8407108864e+00  2.2082786479e+00   -8.1081162759e-02 -1.3788853186e-01 -4.2896370012e-02    2.4414062500e-04
 2.1736674593e-01 -8.6510463228e-01 -2.1079415942e+00    1.8052252136e-02 -1.2157558566e-01 -1.0335383189e-01    2.4414062500e-04
-2.4258820030e+00 -1.8170141084e+00 -5.6839999765e-01   -5.9199672247e-02  3.1741624522e-01 -2.8113369010e-01    2.4414062500e-04
-6.0580593703e+00 -5.5565960287e+00 -1.3784016386e+00   -2.1605572754e-02  2.9018542524e-01 -1.1431162861e-02    2.4414062500e-04
 9.5696512665e-01  4.0135652486e-01 -9.7930199327e-04    3.0554945633e-02 -1.0760571501e-02  1.8477738805e-01    2.4414062500e-04
-2.9458003342e+00 -8.1742507319e-01  6.3683018474e-01   -1.3105496104e-01 -1.4448708473e-02  1.3484428058e-01    2.4414062500e-04
-4.1546956742e+00  2.0316594374e+00 -4.5414548203e-01    1.0484364309e-02 -2.8450780582e-02  1.2937282865e-02    2.4414062500e-04
 4.4385767485e-01  2.3359347730e+00  1.7205412224e-01    8.9646486725e-02  8.7170979978e-02 -1.9806825481e-01    2.4414062500e-04
 1.6957138403e+00 -1.8490833905e+00  3.5635342705e+00    1.0762665336e-01  2.3650570443e-01 -3.1205712508e-03    2.4414062500e-04
-2.1048484686e+00  2.8135719887e-01 -5.2390880813e+00   -3.4603168432e-01 -7.8209956792e-03  5.3960129394e-02    2.4414062500e-04
 3.4650904692e+00  2.1224935204e+00 -2.1211469689e+00    1.4408326297e-01  4.7190856075e-02 -1.2951370244e-02    2.4414062500e-04
 2.6189904601e+00  4.8195270232e-01  1.0599614373e+00    2.0677357146e-01  4.9616992898e-03  9.6703051999e-02    2.4414062500e-04
 7.5584173073e-01 -1.1545764081e+00  3.8569412625e+00   -2.7986292329e-02 -6.0904228828e-02 -3.3093492244e-02    2.4414062500e-04
-8.7649240319e-01 -2.4668542082e+00  2.8867151565e+00   -1.3200279129e-01 -3.6747843994e-02 -2.4139237527e-01    2.4414062500e-04
-2.2074858714e-01  2.1674576771e+00 -1.8895069760e-01   -7.4362318650e-02  3.8866035297e-01 -3.4439311232e-02    2.4414062500e-04
 2.9119392073e-01 -4.0345980039e-01  2.3188209573e-01    2.4932116318e-01  1.0680295066e-01  5.6541404508e-01    2.4414062500e-04
 3.8193678966e+00 -7.9111222841e+00  6.0492984855e+00   -1.8048339365e-02 -1.5982273387e-02 -2.0639848029e-01    2.4414062500e-04
 1.6125601567e+00  2.4543220735e-01  1.9308600820e+00   -4.7369662271e-02 -6.2887274365e-02  2.1842009323e-01    2.4414062500e-04
-6.5271904290e-01 -8.1197447059e-01 -1.3584904344e+00   -1.6680216265e-01 -3.2315801397e-01  3.8927766315e-01    2.4414062500e-04
 5.2863454017e-01  2.7532592974e-01 -1.5145539524e+00    2.5506096410e-01 -3.3333874225e-01 -7.8922154096e-02    2.4414062500e-04
 6.8781892945e-01  9.4537335737e-01  1.9258117949e+00   -1.8700474387e-01  8.1716110273e-02 -1.8824993999e-01    2.4414062500e-04
 1.8802404208e-02  2.2257529439e+00 -2.0861710097e+00   -1.0157855662e-01 -9.6419088917e-02 -1.3016883593e-02    2.4414062500e-04
 2.1317336125e+00  1.7606425101e+00 -3.5454011590e-01    4.1834607955e-01 -2.0190537575e-01 -3.4398130496e-03    2.4414062500e-04
 8.1452070824e-01 -1.8836355003e+00  1.3018855255e-01    7.0288275325e-02  2.2582694635e-01  2.6375554805e-01    2.4414062500e-04
 4.8631925029e-01  1.8449663905e-01  8.6318189033e-01    5.5534783697e-02  6.0026004902e-03  6.2766952038e-02    2.4414062500e-04
 8.2592047174e+00 -1.4627618383e+01  4.8387539130e+00    2.7248326930e-02 -2.1590471696e-01 -8.4663246444e-03    2.4414062500e-04
-1.9514337677e-01  5.1984614191e-01  1.4117735121e-01   -5.0820948995e-01  1.2286805843e-01  3.1282515988e-01    2.4414062500e-04
 2.9115848745e+00  7.0627359496e+00  3.6196256901e+00    1.1129334654e-01  1.5129229552e-01  1.3247782364e-02    2.4414062500e-04
-5.3205177708e-01 -2.2942941378e-01  4.4939073332e-02    1.2959596273e-01 -1.3886005448e-01  2.4152176175e-02    2.4414062500e-04
 2.4290276649e+00  1.2304590087e+00 -5.0361580843e-02   -1.3934910475e-02 -2.8087125674e-02 -1.7231163385e-02    2.4414062500e-04
 3.4997842983e+00 -2.7412259529e+00  1.7827506399e+00    6.6577247365e-02  1.9875747600e-03 -2.7828175622e-02    2.4414062500e-04
-1.0329246183e+00  3.3915236222e+00  7.9274420446e-01    2.1856806806e-01  3.0485917613e-01  1.3459553812e-01    2.4414062500e-04
-1.5321868538e+00 -1.5042690735e+00  3.2288888388e+00    9.9627428170e-02  1.8322411227e-02  2.5880267696e-01    2.4414062500e-04
 6.7774624089e-01  8.1085967513e-01 -3.7353995960e-01   -5.2908616181e-01  2.4217297804e-01 -6.4379009602e-02    2.4414062500e-04
-8.9633805671e-01 -5.6765325680e+00  2.2664798234e+00   -1.3603377520e-01 -2.1364526072e-02 -3.4633685384e-01    2.4414062500e-04
 1.0041586673e-01  2.3537049407e+00  2.6467072937e+00   -5.0008814280e-03 -1.1741042096e-02  3.1247681056e-02    2.4414062500e-04
 1.2774710875e+00  3.7265988871e+00  9.1512506391e+00   -7.2729317673e-02 -1.9057111605e-01 -2.1570660403e-01    2.4414062500e-04
-5.9752549748e+00  1.5555654131e+01 -3.1309230663e+01   -4.3357655622e-03 -1.5606339264e-02  2.8416018717e-03    2.4414062500e-04
 3.9742219074e+00 -1.6090690820e+00  1.1126959914e+00   -2.4111495615e-01  1.8065429104e-01 -7.5713983647e-02    2.4414062500e-04
-3.5124617755e+00 -2.8047047620e+00 -2.1273574800e+00   -2.9411990975e-01 -1.1422213119e-02  2.8105352387e-02    2.4414062500e-04
-1.1316706766e-01 -5.8167080704e+00 -1.0654617065e+01   -2.9669016209e-01  1.5130050122e-01 -1.2220945932e-01    2.4414062500e-04
 3.5816013392e+00  1.1537386013e+00 -1.6223510475e+00    1.1714915071e-01  2.8900329888e-01  4.0976477750e-02    2.4414062500e-04
-2.0186132195e+00 -5.1059229783e-01  2.4052866930e+00   -2.4493246811e-01 -1.6211952455e-01  9.7570012375e-02    2.4414062500e-04
-1.8151834364e+00 -1.3397967326e+00  1.4330793643e+00    4.5805091074e-01  2.2188388193e-01 -2.3575469987e-01    2.4414062500e-04
 2.6827823750e+00  7.9400409434e-01  6.2875848007e-02    3.0569048603e-02 -4.0322123306e-03  9.0435988112e-02    2.4414062500e-04
-2.4233839297e+00  1.2300588893e+00 -1.9888395509e+00    8.2470273755e-02 -1.2028796045e-02 -2.8958654755e-02    2.4414062500e-04
 2.6745436394e+00 -3.8957787575e-01 -1.9179609628e+00   -1.5941761092e-01  1.4574386278e-01  2.2183646269e-01    2.4414062500e-04
 2.5698030250e-01  5.4363479815e-02 -7.5168813380e-02   -7.9338770487e-01 -5.5088065240e-02  6.9088708795e-02    2.4414062500e-04
 6.9732930624e-02  1.3103128035e+00  2.7265937585e-01   -8.2065837525e-02 -3.1246596167e-02 -1.1962862607e-01    2.4414062500e-04
 2.4927308403e-01 -1.5336801229e+00  1.5767138334e+00    3.3893714137e-01  1.6980654999e-01  1.5595606297e-01    2.4414062500e-04
-1.6663257892e+00  2.2128098973e-01 -2.8141804576e-01    2.3475666052e-02  1.2056796217e-01 -1.4821563299e-01    2.4414062500e-04
 7.2955897907e-03  9.4464863205e-02 -3.6219491565e+00    1.9076649377e-01  3.5596943812e-01  1.4390499747e-01    2.4414062500e-04
-2.6542836051e+00 -1.5538697208e+01 -1.9628241614e+01    3.2479467432e-02 -3.8091913661e-02  1.4757605594e-02    2.4414062500e-04
-3.5065299623e-01  1.6541934887e+00  4.5678685118e-01    8.2093544141e-03 -3.1458210702e-02 -4.6608620272e-02    2.4414062500e-04
-1.8337796471e+00  2.4247089750e+00  4.2201994865e+00    3.9775024246e-02 -1.6248069351e-01 -1.0702404766e-01    2.4414062500e-04
-1.0213897489e+00 -1.0255222849e+00  1.3997440505e+00    3.7065890275e-01 -1.0333509771e-01 -2.6542329328e-01    2.4414062500e-04
-1.9104685695e+00  2.7992805291e+00 -2.2914842077e+00    2.7790053756e-02  7.6372906172e-02 -5.8746589013e-02    2.4414062500e-04
 2.8825368661e-01  5.0677410587e-01 -8.4425245112e-01   -3.9590958104e-01 -1.4446129896e-01 -1.1237104083e-01    2.4414062500e-04
 2.8543015489e+00 -1.6505535550e+00  2.5509235086e-02    2.0207683754e-01  2.6263167017e-01  1.1387648987e-02    2.4414062500e-04
-1.3659140124e+00  1.5190652075e+00  1.8295829508e+00    3.9572080586e-02 -2.0767136372e-02  1.1993692106e-01    2.4414062500e-04
-3.0993858226e+00  4.4587894269e+00 -9.3905262338e-01   -1.8080929052e-01 -2.1709733567e-01 -1.8575851286e-01    2.4414062500e-04
 5.7608381218e-01  9.6821044585e-01 -4.4161204452e-01   -1.0269562896e-01  1.2102415586e-02  2.4525389698e-02    2.4414062500e-04
 6.2284103750e-02  1.5260980346e+00 -2.2706599337e+00    1.4536876459e-02  7.2734144792e-02 -1.3906640146e-02    2.4414062500e-04
-6.7416280400e-01  6.0495895582e+00 -1.6259815886e+00    2.6555535336e-02 -2.1701017776e-02  8.0524285732e-02    2.4414062500e-04
 2.6669255116e+00  2.0947762792e+00  1.9520763851e+00   -4.0082385313e-01  1.4954467321e-02  8.7953897507e-02    2.4414062500e-04
 1.2862649787e+00 -2.6696602962e-02  4.2608343592e-01    3.1529446568e-01  3.7073185291e-02  2.2507511337e-01    2.4414062500e-04
 3.7399878065e+00 -3.3066029677e+00  3.3184667443e+00    1.6998275633e-01  1.9857874707e-01  3.3296169235e-02    2.4414062500e-04
-9.6569334412e-02  1.1932900218e+00  1.1043747444e+00   -2.2709752473e-01 -1.3155260033e-01  1.8448261953e-01    2.4414062500e-04
 5.6920363018e-01  7.5283824097e-01 -3.5034441062e-01   -1.5598976738e-01  3.4733278381e-01 -1.7459393574e-02    2.4414062500e-04
 6.5499003555e-01  4.5900451659e-01  7.0615011692e-01    1.6597553235e-02 -1.2629125425e-02 -2.0921625712e-01    2.4414062500e-04
 4.4961511931e+00  6.4442100640e-02 -1.7171688406e+00   -1.2502449100e-01  8.9883769238e-02 -6.9362584319e-02    2.4414062500e-04
-2.7832974271e-01  3.6251627505e+00 -4.4303055776e+00   -1.7625173148e-01 -8.3885560658e-02  7.7571296770e-02    2.4414062500e-04
 4.5796635780e+00  4.6849102235e+00 -1.8718355988e+00   -1.1703486537e-01  7.9320856517e-02  1.6983279866e-02    2.4414062500e-04
 3.4258874000e+00 -2.0496464189e+00  1.8882447456e+00   -6.0883724038e-02 -7.1644338364e-02 -2.2579856359e-01    2.4414062500e-04
 3.8269366616e+00 -3.1314386436e+00  5.2290753860e+00   -7.9153090262e-02  1.3308278782e-01 -2.1380264160e-01    2.4414062500e-04
-8.3986504348e+00  1.5785713656e+00  2.0532804335e+00    7.8001389646e-02 -2.6556396882e-01 -3.6889115708e-02    2.4414062500e-04
-1.5118685457e-01  3.3644841350e-02 -2.7551618862e+00   -1.5944241820e-01 -3.2084713454e-01  1.3193804302e-01    2.4414062500e-04
-2.3315920021e+00 -2.2061417662e+00 -4.6020009640e-01   -8.0713303480e-02 -1.2158560734e-02  1.0358908782e-02    2.4414062500e-04
-9.0395884090e+00 -4.0872969481e+00  4.8950321354e+00   -1.4618382594e-01  1.4515821768e-01 -1.2362352608e-01    2.4414062500e-04
-5.0348888451e-01 -1.8280050855e+00  1.8170477799e+00    2.5208399530e-01 -5.6445282198e-02 -1.1328642260e-01    2.4414062500e-04
-6.1761469883e-01 -9.5119262718e-01 -9.7149393800e-01   -2.6753563507e-01  1.6804836871e-02  1.5775831714e-01    2.4414062500e-04
 9.6318077078e+00  1.4102571590e-01 -1.0069232547e+00   -9.8194438593e-02  2.9090448386e-01  1.2987907310e-01    2.4414062500e-04
 8.0681920146e-01 -4.0118937051e-02  2.7070306387e-01    3.1097661049e-01  5.4767822226e-01  1.5811924310e-01    2.4414062500e-04
-1.8793244227e+00  8.2653047088e-01 -2.1958028249e+00   -6.9891160450e-02  3.1323420669e-01  3.5272211638e-01    2.4414062500e-04
 4.1137639968e-01 -8.7904016376e+00  1.1100590661e+00    1.2919370535e-01 -1.2668955598e-02  6.0881672866e-02    2.4414062500e-04
 4.0740745707e+00  1.5695552216e+00 -1.9725659739e-01   -2.1197976256e-01  3.5585867735e-01 -2.4492554211e-02    2.4414062500e-04
-1.6305594100e-02 -2.9417821843e-01 -3.1218827684e+00    5.7500844439e-02 -1.4351795003e-01 -1.6646978761e-01    2.4414062500e-04
 1.6889441223e+00  9.6576324451e-01 -1.7173367877e+00    3.5889254910e-01  6.7495310903e-02  3.9869408910e-01    2.4414062500e-04
-2.7404676201e-02  1.2553320863e+00 -1.2046682163e+00    2.7958504461e-01  2.6273110709e-01  1.5129872139e-01    2.4414062500e-04
 7.0659139391e-02  1.8654760204e+00 -2.2968352473e+00    8.0264135820e-02 -2.0236792388e-02 -3.1560338710e-02    2.4414062500e-04
 1.5437165569e+00 -2.3615377056e+00  3.1401091994e+00    1.0288368288e-02  2.9418827343e-01 -6.5631133166e-02    2.4414062500e-04
-1.1232510097e+00 -2.4403843414e+00  8.9511125348e-01    4.1182598826e-01 -1.9160306277e-01  2.0266542893e-01    2.4414062500e-04
-4.4284070009e+00 -4.1045641572e-01 -4.6016283180e-01   -6.8720888028e-02 -2.5479688627e-01 -2.7783173941e-01    2.4414062500e-04
 1.1301952476e+01  3.4652052800e+00  6.3195807224e+00   -2.2736669523e-03 -1.0861356620e-01  2.1051244695e-01    2.4414062500e-04
-1.2067222831e+00 -1.8116222035e+00 -2.4872581131e+00   -8.2623769789e-02  8.0461841627e-02  4.4378129086e-02    2.4414062500e-04
 1.5514710302e+00 -2.0896121135e+00 -2.8862327881e+00    4.2246242171e-01 -1.3711140079e-01  4.4923884557e-02    2.4414062500e-04
 4.2054461542e+00  3.8563829057e+00 -1.7956182344e+00    4.8978142078e-02  8.0116041878e-03  2.7453389914e-02    2.4414062500e-04
-1.1308246044e+00 -4.4817244942e-01 -2.5349869985e+00    4.1660069508e-01  9.8692487881e-02  2.4564409079e-01    2.4414062500e-04
-1.6811422415e+00  3.5109490360e-01 -8.3542035053e-03   -5.6102694076e-02 -3.7212539654e-02 -5.4905986391e-01    2.4414062500e-04
-1.7592649098e+00  2.0095690977e+00  4.1483015971e+00   -4.8090994309e-02  3.2329135288e-02 -1.8733383236e-01    2.4414062500e-04
-2.0966102951e+00 -5.6429602675e-01 -4.8849562498e+00    7.6766391846e-02 -4.5124603439e-02  1.4195039955e-01    2.4414062500e-04
 1.0037293859e+01 -1.3822369183e+01 -3.6513921558e-01    2.0806449654e-02 -2.2294746339e-02 -4.2240071665e-03    2.4414062500e-04
 2.6673885353e-01  3.6600997229e-01 -4.2813333568e-01   -2.6302371495e-01  1.2944323281e-02  9.5863977401e-02    2.4414062500e-04
-1.0705310336e+00 -3.6375759846e-01 -2.3195497203e+00    6.2889174999e-02 -4.2005582587e-02 -2.3448920289e-02    2.4414062500e-04
-4.2322686816e-01  4.2409145699e-01  6.5080364910e-01   -2.0582826476e-01 -2.9062976179e-01  3.4095305617e-02    2.4414062500e-04
-1.8230146809e+00 -1.2819710907e+00 -1.1197752378e+00   -5.0115296832e-02  4.1097891047e-01 -4.3772906309e-01    2.4414062500e-04
 2.2499438703e+00 -1.1276275291e+00  1.2537657671e-01    3.0774658025e-01 -1.7868900526e-02  5.2520081916e-02    2.4414062500e-04
 1.2154116066e+00  7.5804562556e-01  7.3228117251e-01    2.5468408558e-01  2.5009017817e-02 -1.9523348986e-01    2.4414062500e-04
 4.6640816278e+01 -7.0769082825e+01  1.1395311352e+01    3.9871224791e-03  1.1277365366e-02 -1.8587567021e-02    2.4414062500e-04
 6.0280318376e-01 -2.3621059112e+00  3.4883300465e+00   -1.3833143164e-01  1.6572678359e-01 -1.0725140722e-01    2.4414062500e-04
 1.2915589373e+00 -5.7430114003e-01 -1.5722497322e+00   -1.2058230973e-01  3.5848985068e-01 -1.9255446223e-01    2.4414062500e-04
-3.9131412186e+00  2.8539376610e+00 -8.3054180157e-01    1.9368122369e-01  2.3091614180e-01 -7.3425303276e-02    2.4414062500e-04
 3.2930733005e-01  8.9742497538e-02  1.6159093879e+00    3.4064437144e-01 -1.3375005559e-02 -4.6158200382e-01    2.4414062500e-04
-1.4277917558e+00 -1.8922051491e-01 -8.4833672709e-01   -6.8309898989e-02 -1.5122485515e-02  4.9200957047e-02    2.4414062500e-04
-1.3786222385e+00 -3.1209144166e+00 -3.0432258253e+00    9.3570059977e-03 -1.8077524693e-02 -3.0396964943e-02    2.4414062500e-04
 5.7849327400e-01  4.1961417065e-01 -3.7401223191e+00    2.2502534775e-01  1.9337866526e-01 -3.2103279524e-01    2.4414062500e-04
-7.2707446034e-01 -3.9129225255e+00  2.5243981513e+00    2.9250116140e-01  1.0663526844e-01  1.9848424636e-01    2.4414062500e-04
 1.2440071350e+00  1.7976187560e+00 -4.4369515297e-01    9.1823925241e-02 -2.2844005446e-01  7.0248900590e-03    2.4414062500e-04
-9.8753588077e-01  2.5171749720e-02 -8.7991813720e-01    7.0584565192e-02  1.8566283998e-01 -1.5573941161e-02    2.4414062500e-04
 2.9220904324e-02 -8.6574869908e-01 -2.0889611514e+00   -2.5458930456e-01 -2.1251117542e-01 -4.1043393577e-01    2.4414062500e-04
 1.0084427392e+00  3.3367287943e+00  2.5902084213e+00    7.0265774227e-02  2.1820763176e-02  4.9534393835e-02    2.4414062500e-04
-2.7782471081e+00  3.1728672272e+00 -4.0224368013e+00    5.0303982226e-02  9.8690137187e-03  2.1674197207e-02    2.4414062500e-04
-7.3617436208e+00  1.1420721014e+00  4.3820914709e-01   -1.1320000158e-02 -5.1876363745e-02  7.7639981301e-02    2.4414062500e-04
-1.2290219409e+01 -1.9977599572e+01 -1.6058665741e+01   -5.5563100912e-03  1.3600785641e-02  2.9382594226e-03    2.4414062500e-04
 1.3223243223e+00  1.4276659953e+00  1.6187516220e-01   -7.9459078937e-02 -3.0567895245e-01  1.3206449490e-01    2.4414062500e-04
-3.0331179348e+00  1.9761048894e+00  4.3708947099e+00   -4.0435879758e-02 -5.2068810311e-02  1.4926028089e-01    2.4414062500e-04
 4.3456723652e+01 -3.9934792275e+01 -2.2677183270e+01   -3.4456082818e-02 -7.9547708418e-03 -1.0237139231e-02    2.4414062500e-04
 1.4244165640e+00  3.8721085569e-01 -9.8617824373e-01    3.2553322499e-01 -1.1813277120e-01 -2.8869517776e-01    2.4414062500e-04
 2.5968346110e-01  2.6537712674e-03  3.0076759089e-01   -1.5403544775e-01 -8.1349735248e-02  5.5342062121e-01    2.4414062500e-04
 1.0477558289e+00  7.2295899529e-01  3.6199114322e-01   -2.8152738789e-01 -3.6687908954e-02 -2.7564911781e-01    2.4414062500e-04
 3.5545472722e-01 -4.1281019916e+00 -1.9959610326e+00    4.7716053665e-02  1.5561460466e-02 -1.5600928644e-02    2.4414062500e-04
-4.3012924788e+00 -1.9894110971e+00  1.5223541524e+00    7.1029497591e-02  2.5753736685e-02 -2.4807633400e-03    2.4414062500e-04
-5.7157239009e-01  1.2537026846e+00 -9.6171375237e-01   -3.3125713296e-01  7.3438332404e-02 -4.7388158147e-01    2.4414062500e-04
 3.4780721727e+00  8.0060603589e+00 -4.5406550150e+00   -3.3380794042e-02  2.5981968598e-02 -1.1372301264e-01    2.4414062500e-04
-1.0220330883e-01 -1.1728572851e+00 -9.0663737335e-01   -3.7536463651e-01  4.4061175773e-01  1.5612393416e-01    2.4414062500e-04
 1.0775428909e+00  1.0716471333e+00  3.9010202342e+00    9.6065114683e-02  3.0986038181e-01 -1.7160338958e-01    2.4414062500e-04
-9.4620018836e-01  3.6347023600e-01  9.3943146798e-01    1.9534075942e-01 -5.2063042203e-02 -5.5702777938e-01    2.4414062500e-04
-2.7348471661e-01  8.4127270135e-01 -4.3255520765e+00    3.5484386878e-03  6.8313114803e-02  1.6847352353e-01    2.4414062500e-04
-2.7102455810e-01  4.8207730882e-01 -5.7901367326e-01   -3.4400231077e-01  1.2908224789e-01  3.7382933224e-01    2.4414062500e-04
-2.3057426031e+00  2.2672414672e-01 -1.9433351316e+00   -1.7076293488e-02  1.1936138298e-01 -9.7644713253e-02    2.4414062500e-04
 1.4773464418e+00  1.2751063088e+00 -6.7615868917e-01    2.4988747707e-02  8.7059317500e-02 -1.4352112761e-02    2.4414062500e-04
 2.2256756294e-01 -1.4221730845e+00 -3.1645252126e+00   -4.1242926233e-01  2.4486464035e-01 -2.1988888863e-02    2.4414062500e-04
 1.0978344287e+00 -6.3088529389e+00  2.4836150379e+00   -4.0375777322e-02 -7.7511957309e-02  5.6983077916e-02    2.4414062500e-04
 1.3794942255e+00  3.7053448174e-01  1.3384370363e+00   -2.6934021648e-01  1.4934945536e-01 -5.6122293927e-02    2.4414062500e-04
-9.3187233225e-01  7.2207332768e+00  8.1326075074e+00    1.8060013258e-01  8.4972686324e-02 -4.7380700190e-03    2.4414062500e-04
-1.3465747145e+00  1.9683957217e+00  4.7675741108e-01    9.5014126193e-02 -6.8687972514e-02 -1.0676597257e-01    2.4414062500e-04
-1.7384320091e+00 -8.2953894182e-01 -8.0166613544e-01    2.0358882999e-01 -1.3292667118e-01 -2.1053682568e-01    2.4414062500e-04
-7.6375944664e-01 -5.7664612929e-01  1.0361601596e+00    7.3111834969e-03 -3.5228128628e-01  3.9405935336e-01    2.4414062500e-04
-2.3865842075e-01  2.9516178747e-01  7.6933067557e-01   -2.8950852243e-01  7.3718838553e-02  4.6059032502e-01    2.4414062500e-04
-8.8506154102e-02 -6.2183182854e-01  4.9282227753e-01   -5.4081956482e-02 -1.1757916689e-01  6.3611441348e-01    2.4414062500e-04
-5.3116849808e+00 -2.3672028291e+00  4.2281943063e-01   -3.5322693852e-02  4.6994833822e-02 -1.7186079379e-01    2.4414062500e-04
-2.7831904015e-01  2.7353609103e-01  1.1240665401e-01    2.7204077489e-01  1.9374647994e-01 -3.1500518001e-01    2.4414062500e-04
 3.3006846156e+00 -1.0974149506e+00 -1.5115449142e-01   -7.2786808026e-02  3.4798267707e-01  2.1274141084e-01    2.4414062500e-04
 1.3788405416e+00  2.6980530613e+00  1.3128111479e+00   -4.3740774299e-02  7.5264722004e-02  8.5708790394e-02    2.4414062500e-04
 8.4695463867e-01  2.7100030348e+00  1.3940301786e+00    4.0764318722e-02 -5.7798122182e-02  4.0844077354e-02    2.4414062500e-04
-2.3330822875e+00  4.6644080561e-01  2.0464694465e-01   -1.4147906898e-01  8.7412317257e-02  1.3157890027e-01    2.4414062500e-04
 6.6115369718e-01  6.6993142227e-01 -2.0237775172e-01   -1.1897963034e-02 -2.1091546974e-01 -2.7355712047e-01    2.4414062500e-04
 2.4527836615e-01 -1.0345428357e+00  8.7402659702e-01   -5.3296751752e-01 -1.2072777142e-01 -1.5067561107e-01    2.4414062500e-04
 1.4220303922e-01 -1.6187057179e-01  3.8329366746e+00   -1.2922311111e-01 -5.1396108464e-03  3.7919653819e-01    2.4414062500e-04
 4.1919147809e+00  5.7822679066e+00 -6.3360834730e-01    6.5285661040e-03  1.2999565765e-02 -1.7005340212e-03    2.4414062500e-04
-1.9243826020e+00  7.5569391941e-01  1.4439912635e+00    1.8638409520e-01  2.6928222089e-01 -5.0766465772e-01    2.4414062500e-04
 4.6733868781e-01  9.1784441450e-01  1.9574135086e+00    3.2594185625e-01 -1.1555506042e-01  2.8745834665e-01    2.4414062500e-04
 3.6037197478e+00 -3.1988255451e+00 -2.7333580667e+00   -6.0660769652e-02 -1.4406627130e-02  3.0335307060e-02    2.4414062500e-04
-6.1365695282e-01  1.1104204981e-01 -2.5408400375e-01    2.3400680283e-01 -2.2131444181e-01  3.6121737147e-01    2.4414062500e-04
-2.7324884202e+00 -1.5006111741e-01 -1.3732463039e+00   -1.0177302338e-01 -1.7509398921e-01 -2.2644108169e-02    2.4414062500e-04
 8.2411059014e+00  1.0499626640e+01  5.3266798789e+00    1.6165237903e-01  5.5747838320e-02  1.6883658053e-01    2.4414062500e-04
-5.0330584959e-01 -1.7908705583e+00 -1.1843649438e+00   -2.1071294869e-01 -2.7860520164e-01 -6.8690880525e-02    2.4414062500e-04
-1.5371895708e+00 -5.7966591869e-01 -5.0907502887e-01    5.4128772094e-01 -1.5997573554e-01 -8.4007012332e-03    2.4414062500e-04
 1.3986868576e+00  7.1975408879e-01  1.4736992306e+00   -1.9435082641e-02  4.9003988369e-01 -3.4151261016e-01    2.4414062500e-04
 6.8319341433e-01 -2.2811047771e+00 -1.6955509306e+00   -4.8511991475e-02  1.3816691568e-02  4.2714606132e-02    2.4414062500e-04
-1.3392570735e-01  2.2391419489e+00  6.4327309943e+00    8.2301851495e-02  2.0204077598e-01  1.1382172664e-01    2.4414062500e-04
-3.2745076687e+00 -2.1200136585e+00  1.0835042178e+00   -1.1500616308e-01 -1.8613989226e-01 -1.3068781606e-01    2.4414062500e-04
 1.8037714239e+00 -4.9459070222e-01  7.0195611114e-01    1.9541909115e-01  2.7924121741e-01  3.3584989072e-01    2.4414062500e-04
-1.7710365505e+00  7.6016324711e-01  8.3601775586e-01   -1.4951704539e-01  4.5284454597e-02 -1.9621275387e-02    2.4414062500e-04
 1.4035238451e+00  3.1629529802e+00 -1.0559443938e-01   -1.8169624231e-02 -9.7542617015e-03 -3.7432352932e-02    2.4414062500e-04
 1.4087216353e+00 -1.7385666159e+00 -2.3928285751e+00    3.4939061430e-01  1.0403200949e-01 -1.5349164960e-01    2.4414062500e-04
 2.2543014514e-02 -8.2114391718e-02  1.1234627484e+00   -1.3338240346e-02 -5.3357736516e-02 -1.4730318614e-01    2.4414062500e-04
 1.3565193052e+00  2.6934054770e+00  7.5578105728e-01    1.5510247677e-01  2.1735566631e-01  8.4599380074e-02    2.4414062500e-04
 3.3175146084e+00 -9.9452512545e-01  2.6454376045e+00    7.3457467022e-02  1.1408279155e-01  7.9409630032e-02    2.4414062500e-04
-1.8866508272e-01 -1.5196387133e-01 -1.0847041305e+00   -1.1481652339e-01 -1.7756097683e-01  4.1370482165e-01    2.4414062500e-04
 1.5611274237e+00  3.6155647699e+00  2.6667114387e+00   -1.6660628090e-01  9.9175460227e-02 -2.1383280777e-03    2.4414062500e-04
 1.9697950420e-01 -1.4747341925e-01 -1.1914575995e+00    3.1829305385e-01 -1.0479916900e-01 -1.2099149688e-01    2.4414062500e-04
-7.8336022225e-01 -1.0867724151e-02  5.3358118100e-01   -9.0154581361e-03  1.2386310350e-03  5.3840549795e-02    2.4414062500e-04
 2.0208104838e+00  1.9277092459e+00 -1.0368519748e+00   -1.6698002759e-01 -3.4925921900e-01  3.8287561062e-01    2.4414062500e-04
-3.7789156627e-01 -2.6009934460e+00 -3.8362612965e+00    1.9699877570e-01  2.4812428979e-02 -1.9751793885e-01    2.4414062500e-04
-1.8191727611e+00 -1.6677147048e+00 -1.9512087987e+00    7.0745622216e-02  3.2277816704e-02  1.4401908832e-01    2.4414062500e-04
 1.4135915770e+00  2.6122464405e+00 -1.3445573932e+00   -1.4112034734e-01  7.4626477791e-02  1.6736674565e-01    2.4414062500e-04
 7.6142221060e-01 -6.2436168515e-01  2.0506544433e-01    1.2757068498e-01  9.9535521719e-02 -3.6048445952e-01    2.4414062500e-04
 1.0336196598e+00 -2.2449488851e+00  1.6809377616e+00    1.7075278837e-01  1.8343070496e-01  3.5311879885e-01    2.4414062500e-04
-7.6495933282e-01  6.6418771090e-01  2.5121109435e+00    9.2003077432e-02  1.8851723301e-01  3.2368837768e-01    2.4414062500e-04
 4.7385478258e-01 -1.9358218197e-01 -5.0808157688e-03   -1.3107602071e-01  8.3950637377e-02  6.7811475887e-02    2.4414062500e-04
 3.0606231213e+00 -2.8951702859e+00  1.6641949995e+00    1.3033592314e-01  1.2512544833e-01 -1.0122248550e-01    2.4414062500e-04
 6.3786655791e-01  1.2221537363e+00  8.3781186517e-01   -1.9191582488e-01 -4.0749063910e-01 -1.0930950741e-02    2.4414062500e-04
-2.1594351054e+00  9.5898823800e-01  5.6641122048e-01   -1.6476521757e-01 -1.0531674441e-01 -4.5624316082e-01    2.4414062500e-04
 1.0626601499e+00  2.2385426877e+00  4.5263516338e-01   -3.5330696055e-02  2.1264742757e-03  3.3553793581e-01    2.4414062500e-04
-5.5591359835e-01 -5.7884237207e-01  3.6120843265e+00    3.8231626702e-03  2.3112661420e-01 -1.9153813239e-01    2.4414062500e-04
-4.9316377482e+00  3.3061885786e+00  1.8155144155e+00    1.5051131407e-01  8.7677024807e-02 -2.8610588322e-01    2.4414062500e-04
-3.8488296395e+00  1.1757027665e+00 -2.3696997675e+00    1.0465235995e-01 -2.8834733643e-02  4.8559057141e-02    2.4414062500e-04
 1.2905021751e+00 -4.8291764890e-01  6.3501274184e-01    2.7774836854e-01 -9.9983030653e-03  5.2738922532e-01    2.4414062500e-04
-2.6632225100e-01 -1.3062548089e+00  6.2368884489e-01    4.5766084962e-02 -1.2004749056e-01 -2.5955565484e-01    2.4414062500e-04
-1.4870820521e+00 -1.5105872805e-01  1.7088604086e+00    4.7526136094e-02 -1.5260023172e-01 -5.7964167761e-02    2.4414062500e-04
-2.1698678718e-01  1.9083152620e+00  9.0822365320e-01   -1.7671788740e-01 -1.4941720591e-01 -2.3681738403e-01    2.4414062500e-04
-1.8573338407e+00  2.8869028158e+00  2.2002968324e+00   -1.8865298113e-01 -1.5818722375e-01 -2.2902453914e-01    2.4414062500e-04
-1.9971603962e+00 -2.2089027774e-01  1.9741811625e+00    2.5676295735e-01 -2.0715354062e-01 -3.3379874439e-01    2.4414062500e-04
-1.3821176786e-01  2.0425225857e-01 -2.3481326126e+00    2.6610788549e-01  2.3051198721e-02  2.7210981661e-01    2.4414062500e-04
 1.3923459607e-01  9.2660309052e-01  3.0792373450e+00   -4.4974358717e-02  8.4892535853e-03 -4.3912957579e-02    2.4414062500e-04
-6.9024196047e-01  2.6142542128e-01  1.9873147918e+00   -5.4836327711e-02  8.2647393825e-02  1.1130486507e-01    2.4414062500e-04
 2.2702038868e+00 -4.5774973226e+00  3.2885165432e+00   -1.6981017131e-01  1.1709124788e-01  5.9373314149e-03    2.4414062500e-04
 8.7299934432e-01 -3.1395898330e+00  2.7925831976e+00    2.8581935051e-01 -7.4544997474e-02  1.4693393310e-01    2.4414062500e-04
-3.5179759047e+00  3.4042400703e+00  7.5742936455e-01    2.6165347074e-01  1.5708334532e-01 -1.3957899177e-01    2.4414062500e-04
 1.1894906113e+01 -1.9990977985e+01 -1.2051040193e+01    1.3827750904e-01 -1.3842445925e-01  3.2778993480e-02    2.4414062500e-04
 4.8487029732e-01 -1.7047970268e+00 -3.2420518313e+00   -5.0620539582e-02  3.4701094722e-02  2.8373557241e-02    2.4414062500e-04
-1.4719763098e+00 -3.0169508974e+00  4.4694836883e-01    1.7491098585e-02  1.6381839220e-01  4.3357040111e-02    2.4414062500e-04
-9.0139298887e-01 -3.8056482159e+00  2.1619671191e+00    3.3159440637e-02  2.2803563271e-02 -6.2436497335e-05    2.4414062500e-04
 9.0995420537e-02  1.0659432936e+00 -3.1723937303e+00    2.7292326254e-02  1.1769213231e-01 -1.3275499240e-01    2.4414062500e-04
-5.1449268081e+00  1.5253197338e-01  1.0096688180e+01    3.0642897941e-02 -1.4006991517e-01 -9.9334426993e-03    2.4414062500e-04
 1.4748514123e+00 -1.4895049916e+00  6.4947682314e-01    3.6477556858e-01  8.2275056147e-02 -2.7668328637e-01    2.4414062500e-04
-1.4479681873e+00 -1.0472494911e+00  8.6288298464e-01   -1.7144090630e-01 -5.0626171173e-01 -2.7765417530e-01    2.4414062500e-04
 1.0334934152e-01  2.4154659073e-01  9.9672063702e-01    1.5791342428e-01 -2.5349609976e-01  2.1214818754e-01    2.4414062500e-04
 9.2788513415e-01 -6.8129363571e+00  7.2185442326e+00   -1.3140126031e-01  1.0257487690e-01  6.1672426940e-02    2.4414062500e-04
 5.3265734303e-01  8.2549258864e-01 -3.6348992871e-01    4.5415543059e-02  4.2660452724e-02 -7.5453671123e-02    2.4414062500e-04
 2.1920132505e+00  7.1466543592e+00 -2.6807429872e+00    2.1080717960e-02 -2.6489807955e-02  2.3474166376e-02    2.4414062500e-04
 7.2640412581e-01  1.2236143332e+00  1.5341710743e+00    3.5327790484e-01  1.8710610431e-01 -2.4271909588e-01    2.4414062500e-04
-1.7345754318e+01 -1.5784020417e+01 -1.1677617308e+01    4.8181821658e-02  1.3433602095e-01 -7.4473555108e-02    2.4414062500e-04
 4.5830848220e-02 -6.9120271312e-01  9.1920194787e-01    1.2211821202e-01 -3.8066149987e-02  3.3323237608e-01    2.4414062500e-04
 7.6719613026e-01 -1.0565024374e+00  8.8621232710e-01   -6.2823790760e-02  7.1222683174e-02  8.1852803161e-02    2.4414062500e-04
-2.8614314959e+00 -4.1372008085e-01 -3.8205185739e+00    1.1557038971e-02  1.1243309327e-01 -6.4904496104e-02    2.4414062500e-04
 1.1797990644e+00 -1.6954649738e+00 -3.5236838424e-01    2.7044573339e-01 -2.9898442481e-01  4.6737858313e-02    2.4414062500e-04
-1.9730447302e+00  8.3938966316e-01  9.2877235231e-01    4.7886064623e-04 -1.3034080922e-01  6.7374613810e-03    2.4414062500e-04
-1.0383628066e-01 -7.7053301243e-01 -1.1272626682e+00    2.8529040219e-01  6.2386692229e-03 -2.0137450576e-01    2.4414062500e-04
-6.3859073955e-01  1.1365661973e-01  1.0998168373e+00   -3.6484895612e-01 -3.2736980437e-01  4.3503784594e-02    2.4414062500e-04
 2.4219226679e+00  5.7195675056e+00 -1.9298867372e-01    4.3023328768e-03  5.8215247777e-02 -3.6238390698e-02    2.4414062500e-04
-5.9798689283e-01  2.5004487187e+00  1.8389775379e+00   -3.4621556315e-01  1.6023109744e-01  7.9152960035e-02    2.4414062500e-04
-3.0111425615e+00  3.3693907959e+00  1.6951417111e+00   -1.7761975091e-02  1.3633584475e-02  1.4143367989e-03    2.4414062500e-04
-1.1537102516e+00  1.3524192697e+00 -1.0304930884e+00   -1.9947884109e-01  1.3912308407e-01  5.9237925922e-01    2.4414062500e-04
-8.3152490243e-01 -2.2750766836e+00  4.0114863238e-01   -1.6079301980e-01  5.5767099695e-01 -3.3502898110e-02    2.4414062500e-04
 4.4755794739e+00 -6.3526855727e+00  2.3339695551e+00   -3.2667371857e-02  1.7350162834e-01 -1.6161292847e-01    2.4414062500e-04
-1.1146874519e+00 -3.7072748487e+00 -6.4950566157e+00   -1.4358363471e-01 -1.7995684857e-01  6.9025326168e-02    2.4414062500e-04
 2.6945979294e+00 -1.1712394201e+00  1.1089878350e+00    8.7997412861e-02  1.1890419453e-01 -1.6239693048e-01    2.4414062500e-04
 6.5078166576e-01  2.7051236553e+00  2.5776269736e+00    1.7540838707e-01 -1.0759418486e-01 -3.4866098051e-01    2.4414062500e-04
 3.9301920380e-01  4.3737295950e-01  8.1913358875e-01    6.2820883100e-02 -4.9620214553e-02 -6.5698339906e-03    2.4414062500e-04
 9.0210068207e-01  1.4154322740e+00  1.1988230143e+00   -3.9828802388e-02 -2.7704565497e-01 -1.2989934230e-01    2.4414062500e-04
-2.6020443036e+00  7.7498086672e-01  1.1030329958e+00    1.8131847177e-01 -2.8760937137e-01  6.5938533494e-02    2.4414062500e-04
 1.7131391547e+00  1.7506145937e+00  1.2103537256e-01   -5.7984480556e-02  8.0582212806e-02 -8.1707715122e-02    2.4414062500e-04
 1.0894040942e+00 -1.2636891594e+00  7.1304948114e-01   -5.1068936652e-02  2.3626460319e-02 -4.3470728490e-01    2.4414062500e-04
-9.4546567797e-01 -2.9841102009e+00 -2.1347057085e+00   -2.5475526765e-02 -3.5319781351e-01 -1.8397265880e-01    2.4414062500e-04
 8.1647152970e-02  1.4443508030e+00 -7.5551272922e-01   -2.0714559706e-01  1.3890464325e-01  8.7554981643e-02    2.4414062500e-04
-4.9953107354e-01  7.0306158936e+00 -3.5960295175e+00    1.3818551576e-02  2.7214719233e-04  4.7034583797e-03    2.4414062500e-04
 5.3209791855e-01  1.1582387235e+00  9.0744129792e-01   -8.6686685445e-02 -2.4890925054e-01  6.0248169766e-01    2.4414062500e-04
-1.0864162005e+00 -1.6260163775e+00  3.4845022784e+00   -1.4422264698e-01  1.3645637317e-01  7.4321670591e-02    2.4414062500e-04
 1.6742530313e+00  2.0309788193e+00  5.4322340564e-01   -1.8851125548e-01 -4.7704470354e-01 -5.4840931590e-02    2.4414062500e-04
-1.4389201191e+00  2.5900235384e+00 -2.9486097687e+00   -4.9406579534e-02  4.0172623900e-02  6.1611739335e-02    2.4414062500e-04
-3.7521999767e-01  2.0139377366e+00  9.9322933922e-01   -3.1122674971e-02  2.1996523102e-01 -3.0544498885e-02    2.4414062500e-04
-1.3906345139e+00  1.4277741434e+00 -2.8125565525e-01   -8.6471306852e-02  3.2161304737e-01  6.8239554920e-02    2.4414062500e-04
 3.4224740365e+00 -5.6901787419e-01  1.0424771369e-01    1.4823738186e-01 -9.1187881045e-02 -2.1026637293e-01    2.4414062500e-04
-4.0577097288e+00  9.1257981731e+00  7.7293878759e+00   -1.0189916075e-02  6.1662923283e-02 -1.4527369298e-02    2.4414062500e-04
-1.6824073937e+00 -7.7469993648e-01  3.2520361187e+00   -9.5982047615e-03 -3.6405386529e-01  2.5019493159e-01    2.4414062500e-04
-2.4100860168e-01  4.1114655405e-01  3.0255394543e-01   -3.8245299224e-01  3.4462458613e-02  1.0978873902e-01    2.4414062500e-04
-9.9304784907e-02  6.7953946229e-01  2.6565731953e-01    2.3874913761e-02  9.9804999362e-03  6.6214863400e-01    2.4414062500e-04
 7.2484363051e-01  1.0966720480e+00  8.9337302710e-01    2.2764035186e-01  4.6902772699e-01  1.6925096014e-01    2.4414062500e-04
-1.9008528238e+00  4.4811656089e-01 -1.2979323580e-01   -2.0506202324e-01  8.6424993446e-02  2.6239076186e-02    2.4414062500e-04
-2.4475391581e-01  1.2319381636e+00 -4.7657186204e-01   -2.0079303641e-02 -1.3520461588e-01 -7.9287550939e-02    2.4414062500e-04
 3.1352858776e+00  8.1130769132e+00 -7.0470097135e+00   -3.8353371235e-02 -3.0203399593e-03  1.2425751503e-02    2.4414062500e-04
 5.1284270643e-02 -1.5648369892e+00 -2.9318783818e-01   -1.2866427556e-01  1.8235109070e-01 -2.9601666706e-02    2.4414062500e-04
 1.1348719876e+00  7.5522801396e-01 -2.0356168216e+00   -1.2868391805e-01  1.8278779428e-01  2.2584999391e-01    2.4414062500e-04
-3.0994010548e-01  2.7589881634e-01 -1.1167773420e+00    4.4328963767e-01 -2.2227388141e-01  2.6815041268e-01    2.4414062500e-04
-5.5970106452e-01 -1.6297121652e+00  1.6982801989e-02    7.1180483481e-02  2.3596520612e-02 -1.0135358386e-01    2.4414062500e-04
-2.7359922576e+00 -3.8324248091e-01 -1.1183491173e-01   -1.8739589675e-01 -2.8336789492e-01 -1.3462099600e-01    2.4414062500e-04
-2.0827108411e+00  6.6135587597e-01  4.3327858936e-01    1.9932128779e-01 -7.3631260563e-02  2.5427241360e-01    2.4414062500e-04
 5.8591458782e-01 -7.3686731381e-01  2.3720801526e-01   -1.3951089415e-01  4.5186435534e-01 -4.0211599559e-01    2.4414062500e-04
-4.3959006708e-01  3.4641422916e+00  2.6800110164e+00    6.1974245785e-02  3.6413470312e-02 -2.2966284380e-04    2.4414062500e-04
-9.2623013907e+00  1.6707949122e+00  1.0173150674e+01    2.4689762422e-02 -8.5818171211e-02 -2.7506591985e-01    2.4414062500e-04
-2.2414706961e-01  1.4789367754e+00  6.8984211225e-01    3.0510656533e-01 -3.4802649207e-01 -3.9992815887e-01    2.4414062500e-04
 3.6833975492e-01 -7.4610137667e-01 -1.2077138809e+00   -5.1037094574e-02  4.2206357732e-02 -1.9527667469e-02    2.4414062500e-04
-2.7615652255e+00 -2.7005702680e+00 -1.9045290336e+00    1.9120972965e-01  1.2352157424e-01  3.2370552211e-01    2.4414062500e-04
 2.3466667002e-01 -2.1054559617e+00 -9.4995813230e-01    3.4154114126e-01  2.8515756202e-01 -4.7367670425e-02    2.4414062500e-04
 1.1133473306e-01 -6.4183184702e-01 -4.4441128875e-02    9.0523625167e-02  2.2330814445e-02  4.5742950243e-03    2.4414062500e-04
 7.7046491295e-01  3.0297436698e-02 -2.8780810362e-01   -1.0828783886e-01 -3.2583542124e-01  1.1356662027e-01    2.4414062500e-04
-6.7831107582e+00 -1.6063870566e+01  3.1356801300e+00    3.4037981245e-02  9.2426578981e-02  1.1570870675e-01    2.4414062500e-04
 2.4984933923e+00  2.4257419724e+00 -2.2421584600e+00    8.0824763777e-02  5.7486609786e-02  8.3121662833e-02    2.4414062500e-04
-1.2725119912e+00  1.9428104840e+00 -1.3747056141e+00    4.5531349742e-01 -7.1498878675e-04  1.3241265065e-01    2.4414062500e-04
 1.1452803261e+00 -4.7499264931e-01  4.2805396664e-01   -3.3661840021e-02  1.2200772217e-01  1.2905829970e-01    2.4414062500e-04
-1.1052760831e+00 -2.7224129660e+00 -7.2294983847e+00   -3.6811273414e-02 -8.8263737308e-02 -1.0382014287e-01    2.4414062500e-04
 2.9467454853e-01  1.7266419093e+00  1.2846274430e+00   -1.2252493935e-01 -4.7984085451e-02 -2.7933847083e-02    2.4414062500e-04
 1.8401797714e+00  4.6026668262e-01  5.8613532084e-01   -3.1793645526e-01  2.7879620093e-01  5.1847907251e-01    2.4414062500e-04
 2.4274635857e+00 -3.6378786063e+00  2.0417091952e+00    2.0722118070e-02 -1.9663442282e-02  3.6689460806e-03    2.4414062500e-04
 1.3429323875e-01 -5.1008026162e+00  1.0598040966e+00   -2.6816458795e-01 -2.6301893938e-01  2.4870186320e-01    2.4414062500e-04
-4.6143460967e-01  2.7201567534e-01 -3.5328712006e-02   -2.0865035203e-01 -6.4709923444e-01 -6.8846929399e-02    2.4414062500e-04
-8.9244002107e-01  1.8003123425e+00 -2.0509793646e+00   -1.1732164568e-01 -3.9233262303e-01  1.4633444369e-01    2.4414062500e-04
 1.4511893898e+00  9.1041192311e-01 -1.1280800336e+00    9.8899261546e-02  1.6645849677e-02 -7.9513827312e-03    2.4414062500e-04
-2.3944289956e+00 -1.0025981364e+01 -9.3890712990e+00    1.6640016872e-02  1.2341211513e-01  1.7412236562e-02    2.4414062500e-04
 1.7881507312e+00 -5.8365935662e-01  9.4120486154e-02    2.0178484708e-01  1.2020690430e-01 -3.2182430539e-01    2.4414062500e-04
 1.4037636948e+00 -4.4754795341e-01 -1.0510422954e+00    1.8980180467e-01 -2.6952069197e-01  5.6332776800e-02    2.4414062500e-04
 4.7783593006e-01 -8.3278874090e-02 -3.4711256512e+00   -3.5744405569e-01 -6.0013410048e-03  1.8787397621e-01    2.4414062500e-04
 4.7525756872e-01 -6.9828871158e+00 -2.6556154823e+00    1.6954413770e-01  2.6041018022e-02  3.3228798270e-01    2.4414062500e-04
 5.3063236145e-01  3.0171860026e+00 -1.6473419180e+00   -1.1650370307e-01 -1.7072016297e-01 -3.8598246021e-01    2.4414062500e-04
-2.7238492752e+00 -1.9189410819e-01  8.3827796133e-01    4.6764420248e-01  5.9109094555e-02 -6.4593138009e-02    2.4414062500e-04
 7.9260468076e-01  3.1007025027e-02 -8.3865930609e-01    2.0404385666e-01 -4.3555877522e-01  1.3040249879e-01    2.4414062500e-04
-9.6184939773e-01 -1.2104169174e+00 -1.3140850207e-02    1.4188965428e-01  2.7396903867e-01  1.4727499473e-01    2.4414062500e-04
-3.7456550806e+00 -1.7096936606e+00  2.6891179460e+00   -3.0806621170e-02  7.8717056202e-02  3.5300102767e-02    2.4414062500e-04
-1.1260514582e+00  7.9769772400e-02  2.2053341906e-01   -1.4943193015e-01 -5.0251444931e-01  1.5920358125e-02    2.4414062500e-04
-7.6222090748e+00 -4.5182948274e+00  3.9284413002e+00    2.0119868502e-01  7.1515963002e-02 -1.1662664652e-01    2.4414062500e-04
-7.1210953039e+00  7.0643402957e+00  2.9697918611e+00   -1.0037969654e-01 -3.1548198808e-02  7.9945525634e-02    2.4414062500e-04
 1.9609121818e+00 -1.2874555018e+00 -2.4214612126e+00    3.5402012549e-01 -2.4673177902e-04 -3.8606812049e-02    2.4414062500e-04
 4.5402745170e-01  1.7335308078e+00  6.5763402187e-01   -4.4206575939e-02  6.2752380846e-03  9.5433761358e-02    2.4414062500e-04
-2.8941123563e+00 -7.8436209246e+00 -1.5489816118e+00   -5.4838829059e-02 -2.7925453325e-01 -9.6244728548e-02    2.4414062500e-04
-1.7692866753e+00 -3.8538994741e+00 -2.3683128844e+00    3.7039872800e-01 -3.2271117160e-02  6.7019340169e-02    2.4414062500e-04
 3.6190792514e+00 -2.1106807050e+00  5.1280838227e-01    4.0780251624e-02  2.5280993691e-02  8.4757443817e-02    2.4414062500e-04
 8.7498334795e-01  7.8528398767e-01  6.0422701138e-01    5.7197400114e-02 -1.7527667783e-02  5.8938207695e-01    2.4414062500e-04
-1.3181699370e+00  6.9397819158e-01 -2.8002715706e+00   -1.3148312997e-01 -1.2244246352e-01  3.9710681556e-02    2.4414062500e-04
-4.1748794694e+00  1.9312925289e+00  2.5697051254e+00   -2.1774526663e-01  1.2305253829e-01 -7.2916238168e-02    2.4414062500e-04
 1.2938312164e+00  2.9206794211e-01  9.5187322297e-01   -3.3897357432e-01 -2.9498784905e-01  1.8782628583e-01    2.4414062500e-04
-4.6719469690e-01 -1.4652567330e+00  2.7049577932e-01    1.2212182871e-01 -3.2471154060e-01  8.6460492434e-02    2.4414062500e-04
 1.4646948646e+00  1.9059305146e+00  6.0994675440e-01   -1.4946328321e-01  5.2059403827e-02 -4.3127627065e-01    2.4414062500e-04
-4.9374403948e+00  5.0475556417e-01 -5.5658705059e-01    3.3643725720e-01 -1.3881558142e-01  2.2731120692e-02    2.4414062500e-04
-5.9697363968e-01  2.1838961893e-01 -7.5824018185e-01   -7.0745491611e-02 -1.2512366100e-01 -2.7848908903e-02    2.4414062500e-04
-7.4532551690e-01  2.2456347344e+00 -3.0913774551e+00    4.2700843250e-02  4.4908955615e-02  2.7171236948e-01    2.4414062500e-04
 2.4872518436e+00 -1.5548301955e+00  6.8856031066e-01    4.7261076745e-02 -2.5702072727e-02 -1.6698402565e-01    2.4414062500e-04
 3.7141134002e+00 -1.3146865694e+00 -4.4649093283e-01    2.7095233961e-01  1.8255126917e-01  2.0266404664e-01    2.4414062500e-04
 4.7256622209e-01  3.4734126616e-01  1.1996848511e+00    1.0728734753e-01  1.2934399082e-01 -2.1132615951e-01    2.4414062500e-04
 8.6073337930e+00  4.3037037597e-01 -9.6816331312e+00   -1.3675032630e-02  7.9851254153e-02 -6.5446967943e-02    2.4414062500e-04
 2.1243626190e-01  1.3303179913e+00  2.4558949767e-01   -1.7929840191e-01 -1.8241665092e-01 -2.7559190486e-02    2.4414062500e-04
-4.6199095661e+00 -1.0274570633e+00 -2.4193729801e+00    1.6187821917e-01  2.3882693716e-02 -3.3307750477e-01    2.4414062500e-04
 2.1194234869e-01 -6.4786329669e-02 -3.4314800080e-01   -9.7087112769e-02  5.1583345652e-01 -2.3320407686e-01    2.4414062500e-04
-3.5740191173e+00 -8.7289449800e-01  1.5090675276e+00   -1.2031892294e-01  2.1499397559e-01 -2.2069780616e-01    2.4414062500e-04
 1.1999446105e+00 -5.0343242362e-01  1.3171011323e+00   -2.0456139524e-01 -1.5564401589e-02 -1.8765737352e-02    2.4414062500e-04
-1.3319171562e+00  1.1682135650e+00 -1.1030321376e+00   -1.5441332446e-01  5.6882571052e-02  4.7678352615e-01    2.4414062500e-04
-4.8763615944e+00 -1.2193423640e+00 -4.3061053905e+00   -2.7882533262e-02  4.2947254643e-02 -1.1848883154e-02    2.4414062500e-04
 1.5653545548e+00 -4.1101983904e-01  1.4850708820e+00    2.4990333926e-01 -6.0200015393e-01  2.0659397165e-02    2.4414062500e-04
-2.3705539390e+00 -1.2592296822e+00  6.4788630497e-02    2.4736087020e-02  3.9052659964e-02  7.3930692125e-02    2.4414062500e-04
-1.8477591941e+00 -2.4423819922e+00 -6.7461885307e-01    3.3319298882e-01 -2.9015197295e-02  3.0414160817e-01    2.4414062500e-04
-1.8082180452e-01 -2.1551265817e-01 -2.3607418490e-01   -1.7678839470e-03 -1.8923060723e-02 -2.7139993692e-01    2.4414062500e-04
-1.7328423113e-01  2.1725529565e+00  3.1782223572e+00    5.9546041621e-02  3.1280201531e-01 -1.3289524509e-02    2.4414062500e-04
-2.5468245222e-01 -8.7331782611e+00 -5.8317810548e+00   -2.1062756589e-01  1.5374299909e-02  9.8108819475e-02    2.4414062500e-04
-8.9636454979e-01  1.0168803564e+00 -1.7031404002e+00   -1.1253496686e-02 -7.7803698917e-02 -3.1056513260e-02    2.4414062500e-04
 3.0647284143e+00 -4.8131260549e+00  1.0524442719e-01    2.2276180535e-01  2.5840966361e-02 -4.5914517478e-02    2.4414062500e-04
-4.7810810080e-01  8.5659563099e-01  1.2567727581e+00    3.1665223005e-01  3.9799135601e-01  5.3565676438e-01    2.4414062500e-04
-5.6336171380e-01 -1.5748493148e+00  2.2451042008e+00    1.0740303671e-01 -1.4967800873e-01  2.3620592249e-01    2.4414062500e-04
-1.4455592328e+00  5.8354496109e-01  2.8187937611e-01   -7.8459361958e-02 -4.2502661921e-01 -5.1024031696e-01    2.4414062500e-04
-5.6277401575e-01 -8.5699739948e-01  9.7287011648e-01    4.3602530433e-03  3.5615153396e-02  6.9962873545e-02    2.4414062500e-04
 6.4952571987e-01 -2.0486257683e+00 -2.5216166953e+00   -3.0721982453e-01 -6.2404602330e-02 -6.5251096755e-02    2.4414062500e-04
 3.5962878550e-01  6.4845588807e-01 -1.2066278181e-02   -7.8892089756e-02  5.0171247316e-02  4.1716514037e-01    2.4414062500e-04
-4.4615891755e+00  1.8823247463e+01 -1.4505467968e+01   -7.4490552230e-03 -4.0174881362e-02 -2.7720136048e-03    2.4414062500e-04
-3.3325843695e+00  1.8608340913e+00 -5.3763363615e-01   -4.1254358353e-02 -5.1845991870e-01 -1.9773400591e-01    2.4414062500e-04
 1.5011676029e+00  2.9679698865e-01  8.8260172824e-01    1.8444347724e-01  3.7433216311e-01 -9.2649419687e-02    2.4414062500e-04
-2.1552108977e+00  1.8717407686e+00 -1.3621608396e+00   -1.4697721550e-01 -4.1400822801e-01  1.7007577598e-01    2.4414062500e-04
 5.0046763731e-01  7.7294550691e-01 -3.9328412385e-02   -1.1793658928e-01 -2.1225235026e-01 -1.5903352930e-01    2.4414062500e-04
-2.7090526841e-01 -2.4161902126e+00  2.5644030253e+00   -5.0844512296e-02  1.2301848436e-02  1.7018317098e-01    2.4414062500e-04
 4.3993566018e+00  2.7908852262e+00 -2.6323682588e+00    1.1975129750e-01 -2.2905514239e-01  6.1344680259e-02    2.4414062500e-04
-3.7105019043e-01 -4.9300338523e+00  9.4834364829e-01   -6.0422083166e-02 -7.7293959834e-03  3.1139727231e-01    2.4414062500e-04
-1.3886377767e-01 -5.6501189109e-02 -1.1178645309e+00   -1.0395203901e-01  1.8692586254e-01  1.6552922354e-01    2.4414062500e-04
-1.2801726061e-02  1.1994278164e+00 -5.2142723586e-01    1.3928481313e-01  5.1832282190e-01  2.0278010965e-01    2.4414062500e-04
-2.3271688125e+00 -2.0552346747e+00 -1.4476060914e+00   -1.6874888872e-01  1.3020735348e-01 -5.6722717663e-02    2.4414062500e-04
-3.7173660514e-01 -3.6218542765e-01  1.6631629499e+00    1.5676023888e-01 -4.7426703604e-01 -1.8587988577e-01    2.4414062500e-04
-5.6322643621e+00 -2.1199518915e+00  6.5974469035e+00    4.1572264918e-02  1.4465192806e-01 -2.5486389147e-02    2.4414062500e-04
 4.5749090938e-01 -2.4501440787e+00 -1.4731151609e+00   -1.9766555772e-01 -1.3030566848e-01  3.3076721233e-01    2.4414062500e-04
-1.8240185287e-01  8.4761166222e-01 -2.7902223024e+00   -2.2624474850e-01 -1.3810630515e-02 -1.9268380728e-02    2.4414062500e-04
 2.6538173385e+00  2.9172419251e+00 -2.2299722750e+00   -8.6191708089e-02 -5.8060792370e-02  2.3809213599e-01    2.4414062500e-04
-1.1554160418e+00  5.6376812488e+00 -3.6885256223e+00   -1.0294325913e-01  1.6693166776e-01 -7.2108656801e-02    2.4414062500e-04
-1.5074612903e+00 -5.2461992159e-01  1.7940645693e+00   -4.0440310912e-01 -1.0884052956e-01  1.1394936729e-01    2.4414062500e-04
-1.1471203184e+00 -2.7223270429e-01  2.6657817697e+00   -8.0072577995e-02  2.0543992645e-02  1.7533573404e-01    2.4414062500e-04
-3.5369049572e-01 -3.7977769036e-01 -6.8328310400e-01   -1.2690927291e-01 -1.2468400246e-01 -4.2260184482e-01    2.4414062500e-04
 3.1101810446e+00 -5.7816413024e+00  5.5678272855e+00   -1.1312831891e-02 -2.2415560343e-01  1.7484326558e-01    2.4414062500e-04
 3.6787313383e+00  4.9212961303e+00  3.9368919562e+00   -2.2518115068e-01 -4.0352020717e-02 -2.7439267742e-02    2.4414062500e-04
-6.5616871737e-02 -6.1265186403e-01 -3.9031087036e-01   -2.9652853064e-01  1.1141518783e-01 -2.8477182193e-02    2.4414062500e-04
 1.9756127545e+00  7.3461914174e-02  5.6831225143e-01    2.5881294027e-01  7.0482159581e-02  1.9330703792e-02    2.4414062500e-04
-5.4986664423e+00  4.4719711041e+00  9.5148152922e-01    1.3587835101e-01 -2.1362330543e-01 -1.7590703681e-01    2.4414062500e-04
-1.7091593763e+00  2.3710913194e+00  1.0329072822e+00    7.8977520276e-02  2.0765525393e-02 -1.7480304437e-04    2.4414062500e-04
-1.7246111229e+00  6.2750608869e-01  2.2120134813e-01   -1.2691411663e-01 -1.3953406657e-01 -1.1079400720e-01    2.4414062500e-04
-1.6101963949e+00 -4.6274732153e-01 -9.2783463594e-01    1.0789216061e-01  6.2552825584e-04 -3.0042246623e-01    2.4414062500e-04
 3.2320040450e+00  1.7225960147e+00 -1.1225598012e-01   -3.1899462157e-01  2.3973474672e-01 -1.2306385504e-01    2.4414062500e-04
 3.1843693173e-01  2.1381844672e+00  3.1768028673e+00   -5.8928714723e-02  1.0149798150e-01  1.9353756721e-01    2.4414062500e-04
 7.4375655392e-01  1.0180849841e+00 -4.2890159447e-01   -5.2997369839e-01 -1.0217996054e-01  2.2881040688e-01    2.4414062500e-04
-1.7791508798e+00 -1.0575618877e-01 -1.4614887898e+00    2.7187701664e-01  2.7013067181e-01 -4.1826329552e-01    2.4414062500e-04
 4.5856978842e+00 -3.1571406677e+00 -4.8420942012e-01   -4.5691394921e-02  3.9808129384e-02  3.1886160084e-02    2.4414062500e-04
-9.1521944327e-01  3.0208592462e+00  4.6584531498e+00    1.3492013871e-01 -3.1428542187e-01  6.4630335415e-02    2.4414062500e-04
-1.7480118728e+00 -1.6188486636e+00  2.9720746147e+00    3.5830378544e-02  3.4393700918e-02 -7.3885668880e-02    2.4414062500e-04
 2.2726347850e+00  1.7244050834e+00  4.3477040771e+00    1.8459770580e-01  1.6561138789e-01 -8.5662379162e-02    2.4414062500e-04
 2.4804058996e+00  6.4446297534e-01 -2.7759234774e+00    2.6917489984e-01  2.2721693946e-02  2.8462769185e-01    2.4414062500e-04
-4.1031552221e-01  4.0526536892e+00  3.9824014788e+00   -1.4925193409e-01  7.2041440426e-02  1.3450756779e-01    2.4414062500e-04
-5.5473638923e-01 -8.1728518685e-01 -1.6585731885e+00    1.7119032654e-01 -7.3675397645e-02  1.1884372080e-02    2.4414062500e-04
-1.4011022728e-01  7.8292675698e-01  5.7501862645e-01    4.2923997507e-02 -3.9358914281e-02  3.9755440980e-01    2.4414062500e-04
 4.8593972461e-02 -3.5636551914e-01  9.5511999830e-01   -2.7917544285e-01  1.8037710990e-01  1.7207699156e-01    2.4414062500e-04
 1.5225398634e-01  1.6577687742e-02  3.1273831055e+00    2.9961962720e-01  2.2034051603e-02 -1.6800228250e-02    2.4414062500e-04
 4.1035654456e-01  1.5818844731e-01 -2.8566707282e-01    1.0395746043e-01 -3.7483688244e-01  2.9982290138e-01    2.4414062500e-04
 3.6335072064e+00  4.4482887159e+00 -8.9643676478e-01   -6.4059513453e-02 -4.4878254859e-02 -2.0362867678e-02    2.4414062500e-04
 1.3623278474e+00 -2.0249589490e-01  4.6385681047e-01   -2.0802554945e-01 -2.1752255315e-01 -7.5092397523e-02    2.4414062500e-04
-3.2066178856e+00 -2.2260920427e+00  3.4506216080e+00   -1.8687164465e-01  3.6371833791e-02 -9.6441340644e-02    2.4414062500e-04
 1.1903721387e+00 -1.0818544644e+00  1.2087622178e+00    9.1745021765e-03 -1.2204136433e-03  1.6993043226e-02    2.4414062500e-04
 3.5228927673e-01 -8.8891218019e-01 -3.3091977720e-01    6.1364500571e-02  6.1863134700e-02  2.7398060212e-02    2.4414062500e-04
 1.1050698920e+00 -1.5441155024e+00 -6.8395034338e-01    6.2687970740e-02 -3.1173150230e-01  9.7354541051e-02    2.4414062500e-04
 2.2515848710e-01  3.9630562199e-01 -2.0887313989e-01    1.5480959140e-01 -3.2766270204e-01 -4.8095843081e-02    2.4414062500e-04
 5.4593148013e-01  1.4206448853e+00 -2.1854993392e-01    3.9888166557e-01 -8.0270153607e-02  1.9310739240e-01    2.4414062500e-04
-4.0677891279e-01 -8.5553249114e-01  6.9177990870e-01   -2.5340582857e-01 -2.9832827936e-01 -2.5608652528e-01    2.4414062500e-04
 8.1785913654e-01 -6.8658191318e+00 -1.3851395744e+01    1.6069244635e-01  6.8298940839e-02 -4.8665023842e-02    2.4414062500e-04
 1.7371829534e+00 -1.5093287964e+00 -1.1484142792e-02   -4.6704033517e-01  9.9796017985e-02  3.5706837013e-01    2.4414062500e-04
-7.1384853984e-01  1.6408136711e+00  2.2888821635e+00    6.6666884072e-02 -8.4431653468e-02 -4.6044246707e-03    2.4414062500e-04
 1.4127129275e-01  6.5429776524e-01 -5.6597905952e-01   -6.4259483979e-01 -1.3563590143e-01  2.7467942416e-01    2.4414062500e-04
 5.5857186923e-01 -1.0503012704e-01  6.8352089908e-01   -4.3273315145e-01 -1.7240568499e-01  3.4746847962e-01    2.4414062500e-04
-2.9474539899e+00 -7.3373394457e-01  4.9062435924e-01   -5.0865499742e-02 -1.9487821855e-02  2.3730691447e-02    2.4414062500e-04
-8.5073327081e-02 -1.6647953169e+00  8.6046020100e-01    3.1159046659e-01 -5.3894669938e-02 -1.2892877508e-01    2.4414062500e-04
-4.9554758900e-01  1.6729002371e+00 -5.8192957315e-01    8.8790041321e-02 -5.1123548230e-02 -5.4461502179e-03    2.4414062500e-04
 4.9886602343e-01  1.0331749187e+00 -7.5085680333e-01   -2.5238411300e-01 -1.2921819687e-02 -1.0403175560e-01    2.4414062500e-04
 4.3035204449e+00  1.0733471608e+00 -8.3023553735e-01   -1.0471778924e-01 -3.4120313139e-01  3.5343029699e-01    2.4414062500e-04
 5.5323518157e+00  5.4002666225e+00  6.3795988054e+00    2.0173396130e-01 -1.0993814740e-01  2.3490695222e-01    2.4414062500e-04
 2.0979985537e-01 -1.2713346843e+00 -1.5142943839e+00   -2.1482865383e-01  2.2870255817e-01 -1.9898008184e-01    2.4414062500e-04
 8.6610824576e-01 -1.4950804750e+00  1.1280509263e+00    9.0369344946e-02  1.3670250335e-01 -7.3699503288e-02    2.4414062500e-04
-3.7079042812e-01 -1.6354631919e+00  1.2896817446e-01   -3.4441557813e-01 -1.1864385468e-01  9.4976631702e-02    2.4414062500e-04
 1.2630954227e+00 -2.0367181702e-01 -5.0733538903e-01   -7.8322490693e-02 -1.9058967127e-01  3.8625149553e-01    2.4414062500e-04
-1.6857323742e+00  3.4904481566e-01  6.0217985515e-01    1.8315528254e-01  1.5514968878e-01 -2.8554345691e-01    2.4414062500e-04
-2.6115293078e-01  1.9623554386e+00  5.0238046066e+00    1.4585607405e-01 -2.6448891978e-01  2.9475634317e-01    2.4414062500e-04
 2.4366879304e-01 -7.8285734050e-01  4.2708076548e-01   -1.5306368627e-01 -1.4991680742e-01  2.2736122927e-01    2.4414062500e-04
 6.7794424132e-01 -4.8011960577e+00  2.0236420836e+00   -7.1723459636e-02 -1.1609408613e-02  5.4410642359e-02    2.4414062500e-04
-4.1993933606e-01 -5.5739356416e-01  2.2321250594e-01    4.1542576124e-01 -2.6112601485e-01 -1.6846197016e-01    2.4414062500e-04
 1.6165325075e+00  2.3888688278e+00 -2.2282132590e-01    1.1999287780e-02  1.0482979124e-02  3.6993117799e-03    2.4414062500e-04
 1.3038761963e+00 -1.4361771054e+00 -4.0663829920e+00    2.4188069992e-01  1.4212720590e-01 -2.8171050404e-01    2.4414062500e-04
-1.7556046321e+00  7.5579422025e-01  2.4588634860e-01    1.2291289305e-01  1.6143784822e-01 -1.2547608100e-01    2.4414062500e-04
 4.4313024249e+00 -4.3297664999e-01  4.9331284243e+00   -2.5715649784e-01 -1.6423175410e-01  2.4749835644e-01    2.4414062500e-04
-1.5253226503e+00  3.1757748096e+00  2.8747664249e+00   -1.7197061594e-01 -2.6351164891e-02  4.0352319212e-02    2.4414062500e-04
 2.7931468939e+00 -1.5840794785e+00  1.1833970300e+00   -5.0665907414e-02 -9.1612113677e-02 -2.8638224944e-01    2.4414062500e-04
-1.3648661458e+00 -1.2558507119e+00  5.5258853138e-01    2.1190673661e-01  6.2506182739e-03  5.2157756000e-01    2.4414062500e-04
-8.3103125032e-02 -1.0312890715e+00  4.5092151991e-01    1.2417182711e-01  1.5591257205e-03  5.2567231015e-02    2.4414062500e-04
 3.0948858037e+00  6.1985116797e-01  4.3828621509e-01   -6.2159450624e-02 -1.2606951480e-01  3.8793853064e-01    2.4414062500e-04
-6.4213976379e-01  3.8449570035e-01  1.2696518605e+00   -1.5756977167e-02  1.9881349285e-01 -6.9237743383e-01    2.4414062500e-04
-5.3580027154e+00 -2.1394946446e+00 -3.1926048681e+00   -1.1485817793e-01  4.9071922787e-02 -2.3437045999e-02    2.4414062500e-04
-2.3196145235e+00  2.6081267320e+00  5.7373729164e+00   -2.4376243149e-03  7.3800680158e-02 -3.9008477669e-02    2.4414062500e-04
 2.0211836363e+00 -1.6002601703e+00 -5.0667031582e-03    1.0437514257e-01 -1.6109971577e-01  2.4297815279e-01    2.4414062500e-04
-7.0451407481e-01  2.3461877949e+00  2.9508812281e+00   -1.4686585335e-02  3.3883944945e-01 -5.1896851836e-01    2.4414062500e-04
-8.9750881075e-01 -3.7124209052e+00  1.2807578252e+00   -4.7798232677e-02 -3.3662129572e-01 -1.1376996345e-01    2.4414062500e-04
-1.2763992795e-02  1.7742292917e+00  1.0178936675e+00   -9.9128665341e-02  4.3822106732e-01  1.2313965817e-01    2.4414062500e-04
 2.2360678645e-01 -5.8504709759e-01 -1.0370943140e+00   -5.3941097754e-03  1.1725139767e-01 -4.0587958952e-02    2.4414062500e-04
 1.5317486346e+00 -1.6759595200e+00  1.0651096125e-01   -1.1625594821e-01  5.9607640727e-02  1.2901097267e-01    2.4414062500e-04
-4.9638009547e-01 -9.8030890664e-01 -2.3076320878e+00    3.5088277622e-01  2.8544443079e-01 -1.9248958447e-01    2.4414062500e-04
 1.1799917458e+00  2.6381168839e+00 -2.5544160712e+00   -1.1821343023e-01 -1.6411021670e-01  3.8368651067e-01    2.4414062500e-04
 1.7211120022e+00 -3.0139923411e+00  1.2682004581e+00   -1.3427698952e-01  4.8564341853e-02 -5.0261364286e-01    2.4414062500e-04
-4.9824300625e-01  2.8641989237e-01 -5.4605275795e-01    2.4536313063e-01 -1.3183925609e-01  2.5716004509e-02    2.4414062500e-04
 6.7947220317e+00 -3.9639917932e-01 -5.0979511953e+00    9.1986253571e-02 -2.3827891336e-01  5.5349283769e-02    2.4414062500e-04
 3.4041177240e-01  1.2782393132e+00 -7.6246937457e-01    9.6082499650e-02 -4.3241421903e-02 -1.8718466259e-02    2.4414062500e-04
 6.7751348983e-01 -1.0869857146e+00  8.6021004890e-01   -4.3014128730e-02 -3.3349581317e-02  3.1733181248e-02    2.4414062500e-04
-6.3588740402e-01  6.2108507583e-01  5.0316179120e-01   -2.5982155187e-02 -1.5376208925e-02 -1.4543944750e-02    2.4414062500e-04
 1.5664244721e+00  1.9092802634e+00  1.0785234495e+00    2.9268664358e-01 -3.8542065673e-01 -4.6271922627e-01    2.4414062500e-04
-6.4744063950e+00 -3.5536127168e+00 -4.2620409423e+00    4.6349838924e-02  2.6722516003e-02 -1.8665450834e-01    2.4414062500e-04
 1.1882698936e+00 -2.8139924976e+00 -1.7045613435e+00    3.1497077482e-01  3.4961519672e-01 -2.4619857032e-02    2.4414062500e-04
 1.0543051250e+00  2.4284821319e+00 -2.9942529039e-01    1.2192683909e-02  3.1560960952e-03  4.1814619825e-02    2.4414062500e-04
 4.6717668747e+00  9.6756309807e-01  3.9685366720e+00   -6.8196413668e-02 -6.8378859873e-02  1.6915687546e-02    2.4414062500e-04
 8.0951405274e+00  2.1829860507e+00  6.7321152594e+00   -1.6862053272e-02  4.3484163664e-02 -9.0758941837e-02    2.4414062500e-04
 1.2176316917e-01 -2.8336271442e+00 -1.8565472469e-03    2.9864322571e-01 -5.4576156412e-02  1.4807503626e-01    2.4414062500e-04
 2.6177250073e+00 -2.3990344685e+00  3.3758448013e+00    3.8506189901e-02 -2.4146223402e-01 -6.6015030570e-03    2.4414062500e-04
-1.7725288216e+01 -4.4914405190e+00 -2.4891323410e+00   -6.4912046949e-03 -2.2647426271e-01 -4.8822402120e-02    2.4414062500e-04
-4.5830209487e-01 -1.3474306889e-01 -2.9938066974e-01   -1.2016290235e-01  1.2534143701e-01  9.0337316602e-02    2.4414062500e-04
-4.1459249411e-01  6.3799130792e-01 -2.9353194170e+00    1.6468635000e-02 -2.1031412527e-02 -3.7847453408e-02    2.4414062500e-04
-2.1677284380e+00  9.0213355154e-01  2.9489729399e+00   -1.7146729298e-02  5.1052311688e-03  6.8510890007e-02    2.4414062500e-04
 2.8156338063e+00 -4.1291526792e-01 -3.6396946179e-01   -2.5605352215e-02  2.4733530757e-01  3.7191431827e-02    2.4414062500e-04
 9.7789132507e-01  6.6143512038e-01  1.4823883351e+00    1.7443022929e-02  4.4093178940e-01 -1.6829834074e-01    2.4414062500e-04
-1.4158136799e+00  6.0551235343e-01  6.5284629916e-01   -3.2371813642e-01 -1.3458406929e-01 -1.9859726634e-01    2.4414062500e-04
 2.5152746309e+00 -6.3323373654e+00  8.0038078699e-02   -1.4796753504e-02  2.7189640558e-03  1.7052972604e-03    2.4414062500e-04
 3.7251185955e+00  4.1688116705e+00  3.9182425831e+00    1.4701707083e-01  1.2386335010e-03  9.9721420052e-02    2.4414062500e-04
-1.0530304695e+00 -2.8798770904e-01  3.1397613011e-01    6.3237300028e-03  4.0588695148e-01  7.3363439581e-02    2.4414062500e-04
-1.4347537265e+00 -3.3086360828e+00 -2.1289607757e+00    1.9986614948e-02  9.6233858225e-03  1.4172399689e-02    2.4414062500e-04
-1.7779772405e+00  3.1453169029e+00 -1.4183872020e+00   -1.1393014747e-01  1.0078961923e-02 -2.0300069761e-01    2.4414062500e-04
-1.1409595780e+00  1.3207352578e+00 -1.6952349686e+00   -2.0796988258e-02 -3.2920198223e-01  3.4012897348e-03    2.4414062500e-04
 1.8452305870e+00 -6.3155676448e-01  1.0295068050e+00   -1.1803132567e-01  8.8308141704e-02  3.3961870119e-01    2.4414062500e-04
-1.8390332514e-01  1.7857613625e+00  8.1227295342e-01   -2.6883631859e-02  1.6354895185e-01 -4.8491119580e-01    2.4414062500e-04
 2.8626703082e+00 -2.7830890368e+00 -2.1259108887e-01    4.1736384185e-01 -5.0510519469e-02 -1.3799026278e-01    2.4414062500e-04
-2.2896463842e-01 -1.7264973619e+00  1.5722648369e+00    3.0998265103e-02 -5.5294692027e-01 -6.2599657828e-02    2.4414062500e-04
 3.1571966837e+00 -1.2810261876e+00 -1.4024337920e+00    2.4675482332e-01 -3.5165258695e-02  3.5189791527e-01    2.4414062500e-04
 3.2947007301e+00  1.7101327239e+00  1.3347854270e+00    9.0267587872e-02  2.0565445238e-01 -1.0810954695e-01    2.4414062500e-04
 1.4621339266e+00 -1.3196337386e+01 -1.1623266543e+01   -8.9157174059e-02 -2.0335215126e-01  1.3222385781e-01    2.4414062500e-04
 1.6153638428e+00  8.3960181344e-01 -3.2669347612e+00    2.2353619332e-01 -1.4635044580e-01 -2.3790157993e-01    2.4414062500e-04
 6.3593051796e-01 -1.0382971023e-01  7.5787061908e-01   -1.5589226478e-02 -1.5882403828e-01 -1.4333800722e-01    2.4414062500e-04
 9.2783851319e-01  1.1586399864e+00  6.5925767544e-01   -9.2288480607e-02  3.1923458144e-02 -8.1069208306e-02    2.4414062500e-04
 1.2682193243e+00  1.3489599482e-01 -2.7959734794e+00   -3.5254846709e-01  1.4222142817e-01  1.4507308328e-01    2.4414062500e-04
-2.8679839272e-01  4.4016222572e-01  3.8334595966e-01   -3.2526646456e-01 -2.2100185074e-01 -8.1362919765e-02    2.4414062500e-04
 1.6085606952e+00 -1.7390480537e+00  2.2340011686e-01    5.3777305530e-01  1.6283414849e-01  1.7071789059e-01    2.4414062500e-04
 3.8388919633e-01  1.1249606630e+00  1.4895749048e+00   -3.0860041267e-01  2.7863540518e-01  2.4720779055e-01    2.4414062500e-04
-1.2219581416e+00  3.8072093972e-01 -3.3811559777e-01   -2.7500619165e-01  1.8135743830e-01  4.3790955479e-01    2.4414062500e-04
-3.4070690733e-01  1.6800021667e-01  6.7547100079e-01   -1.2958874881e-02 -1.1281075209e-01 -1.2238714627e-01    2.4414062500e-04
-4.2145302733e-01  5.5012771107e-02  2.5208364913e-01    1.4257546331e-02  1.9550205976e-01 -6.0986126739e-01    2.4414062500e-04
-8.6442253923e-01  3.5692950609e-01 -8.9061069317e-01   -6.7009128596e-02 -6.3469182559e-02 -2.7397077327e-02    2.4414062500e-04
 1.1225441133e-02 -1.9980080051e+00  9.4156176090e+00   -1.1355682115e-02  1.8804031457e-02 -3.3875932861e-02    2.4414062500e-04
 1.3181747143e+00 -1.1686831489e+00 -6.5338709528e-01   -1.9093962188e-01 -1.1714663762e-02 -1.2158015673e-01    2.4414062500e-04
-4.2646908927e+00  1.8729032057e+00 -8.2710995554e+00   -1.5214758476e-01  1.1700376090e-02  2.1868233658e-01    2.4414062500e-04
 5.5824332436e-01 -6.2224855428e-01 -5.4992708856e-01   -4.9957187853e-01  5.1294536070e-01 -2.6408000822e-01    2.4414062500e-04
 2.6617479746e-01 -1.0499944413e+00 -2.9191301503e+00   -1.2943903391e-01 -9.6492062215e-02  2.0796052756e-01    2.4414062500e-04
-6.0413386240e-01  2.5023563257e+00 -1.0996894759e+00    1.2150333329e-01 -1.0352277780e-01 -3.1957584933e-02    2.4414062500e-04
-2.3197333749e+00  1.7611360064e+00 -1.6551711815e+00    1.6614556422e-01  1.8504151001e-01  2.6279128725e-02    2.4414062500e-04
-3.8317709001e+00  4.4566228989e+00  2.1304188970e-01    4.8478756099e-02  2.1422112607e-01 -4.0662174236e-02    2.4414062500e-04
 7.8700137686e-01  1.3444735310e-01 -1.9829479734e+00    1.1261605729e-01  1.6945263702e-02 -5.4993785601e-02    2.4414062500e-04
 1.0910901519e+00 -1.9536575043e-01 -3.3881801861e+00    5.8147246090e-03  5.5612186670e-02  2.6381299885e-02    2.4414062500e-04
 6.2797352553e-01 -8.1039720294e-01  1.0654788797e+00    2.0406016631e-02  4.7405414331e-01  3.5922764618e-01    2.4414062500e-04
-2.4773768093e-02 -3.1041516766e+00 -3.5465072829e+00   -4.3935120899e-02 -2.8839216513e-01  8.1061930732e-02    2.4414062500e-04
 1.0155979831e+00 -1.4760670180e+00 -2.0619872171e+00    2.8820469442e-01 -5.4225539122e-02  1.9967497242e-01    2.4414062500e-04
-3.7377718430e-01  6.4733124275e-01  6.6879054500e-01    7.0540435694e-02 -2.4455442402e-01 -1.9641633149e-01    2.4414062500e-04
-5.1099494447e-01 -2.0129752272e-01  1.6871584631e+00   -7.2750309309e-02 -2.1793918620e-02 -8.6147768962e-02    2.4414062500e-04
-9.0558130509e-01 -6.2151425353e-01 -1.5583626548e-02   -9.7062106377e-02  6.7406636857e-02  4.1018547290e-02    2.4414062500e-04
 3.1570851846e+00 -2.6685170688e+00 -1.1085249657e+00   -8.8160826431e-03  6.8233606245e-02  6.5489287716e-02    2.4414062500e-04
 1.8369475942e+00  4.8387261568e-01  1.2494146610e+00   -9.8242829513e-02  6.1250969159e-02  2.9428117102e-02    2.4414062500e-04
-2.1970544969e+00 -1.2779212913e+00  7.1509235166e-01    2.2748797999e-01  4.8857186003e-01 -6.8849194056e-02    2.4414062500e-04
 2.2230052302e+00  1.1570175937e+00  2.1226511069e+00    2.2754287312e-03  6.3185667973e-02 -1.9779876118e-01    2.4414062500e-04
-2.9172516150e-01  1.5979892044e+00 -1.3433501352e+00    1.0150531745e-01 -4.6732783446e-01  8.1774275125e-02    2.4414062500e-04
-9.9232520049e+00  1.2854706126e+00  1.7950448838e+01   -1.3288566246e-01 -1.0008674095e-01 -7.1611177493e-02    2.4414062500e-04
-1.6634893735e+00  2.0258395358e-01  4.0569527448e+00   -1.7547949499e-01  2.3989514151e-01 -7.9236526389e-02    2.4414062500e-04
-2.1409481426e+00  2.1329486658e+00  1.7345001206e+00   -3.3793288900e-01 -5.3583094696e-02 -2.7808695330e-01    2.4414062500e-04
 1.2460116381e-01  1.2144941681e+00 -5.2763152525e-01    6.2278616776e-02 -4.0841305905e-02  8.5946474021e-02    2.4414062500e-04
 2.4638199871e-01  2.0195668489e+00  7.2376362662e-01    3.7624976696e-02  4.2678066194e-02  2.9457925551e-02    2.4414062500e-04
-1.2174398973e+00 -5.3066176127e-01 -1.5202681392e+00   -2.2029368507e-01  1.7532500861e-02 -6.5098909098e-02    2.4414062500e-04
 2.1791300540e+00  2.4895122522e+00 -2.1776836289e+00    7.0120377206e-02  1.8849200847e-01 -2.0532055766e-02    2.4414062500e-04
 2.8768471631e-01 -6.8095509764e-01 -5.0894377431e-01    2.7208904177e-01 -1.3024040741e-02  3.5901683454e-01    2.4414062500e-04
-1.3499705038e-01 -5.8960999874e-01 -9.6518086684e-01    1.7454324232e-01  3.6049653489e-01  1.5366387682e-01    2.4414062500e-04
 7.4990359128e-02 -3.6807675333e+00 -3.1202517057e+00   -5.6343304411e-02  2.7579549477e-02  8.9813306261e-02    2.4414062500e-04
 5.8645488759e-01 -1.0473452794e+00  1.7298683649e+00   -1.7495804627e-01  1.1544483892e-01 -1.4312123291e-03    2.4414062500e-04
-1.5158950865e+00 -7.5845459149e-01 -2.0669017373e-01   -1.8336902546e-01 -1.4239870987e-02  7.2754575157e-02    2.4414062500e-04
 3.6811951640e-01 -3.8336690256e-01 -8.8406187443e-01    1.4217940360e-01 -1.0255045333e-01  5.1014127613e-02    2.4414062500e-04
-4.7522471483e-01  8.5580031489e-01 -2.4274884088e-01   -5.7238614761e-01 -2.0798945920e-01  3.6658215334e-01    2.4414062500e-04
 7.5471389346e-02  2.1731780460e+00  8.7669143951e-01    2.3252986476e-02  1.1464951152e-01  2.5240557869e-02    2.4414062500e-04
-6.2792406658e-01  1.9649374395e+00 -1.3451934597e+00   -9.1810309827e-02 -5.1324505388e-02  3.9681515372e-02    2.4414062500e-04
 6.0563320843e+00 -1.2454980749e+01 -1.0782898380e+00    2.1517695967e-02 -4.2324851509e-02 -1.0082587981e-01    2.4414062500e-04
 3.1771435309e+00  1.7110348709e+00  6.5035804854e-01   -5.1205592638e-02  9.8941229591e-02 -6.1109115164e-02    2.4414062500e-04
-1.2297795525e-01  1.4542549597e+00  6.6278760606e-01   -1.1260875909e-01  4.7963946247e-01 -1.5873994753e-01    2.4414062500e-04
 2.6659513636e-01 -2.3228258711e+00 -2.8013226131e+00    1.4904642143e-01  4.6653205037e-01 -2.6497859772e-01    2.4414062500e-04
 3.3702905875e-01 -1.2266897006e-01  3.6164113904e-01   -1.8559826250e-01 -3.4658241619e-01  2.7369561796e-01    2.4414062500e-04
-3.2290079123e+00 -2.4304175690e+00  1.1615477017e+00   -1.5245886649e-02 -1.6809307434e-03 -4.8121366488e-03    2.4414062500e-04
 1.4511952803e+00 -1.1318750652e+00  1.2618453440e-02    6.0264534162e-04 -7.5142032803e-03  7.4803904652e-02    2.4414062500e-04
 9.8684037106e-01 -3.3228223617e+00  1.0996670708e+00    1.0958470397e-01  6.8795256221e-02  1.2719897091e-01    2.4414062500e-04
 6.2731803918e+00  7.2880837779e+00 -6.2083417309e+00   -1.6762200201e-01 -1.5997573458e-01 -7.8318780515e-04    2.4414062500e-04
 2.6584772666e+00 -2.3895120153e+00  2.3089982753e+01   -1.0634076119e-01  8.9996206893e-03 -1.1394526852e-01    2.4414062500e-04
 2.7135136331e-01 -1.1783716151e+00  2.6136048381e+00   -1.9008249188e-02 -3.4585312261e-02 -6.9930627696e-02    2.4414062500e-04
 3.7263232285e-01 -6.0904307567e-01 -4.6063717312e-01   -1.7052902262e-01  1.2287142937e-01 -1.4629041592e-01    2.4414062500e-04
 5.9118189061e-01  6.2669045847e-02 -6.4735741132e-01   -2.4962506594e-01  3.4675487414e-01 -1.1885347454e-01    2.4414062500e-04
 2.7330314399e-01  1.7648717717e+00  1.2900029021e-01    3.4208684765e-01  3.0362162660e-01  4.9703437931e-01    2.4414062500e-04
 7.1857550728e-02  1.1050617020e+00  3.0285914869e-02   -2.1072691176e-01 -2.3873440016e-01  6.2534028873e-02    2.4414062500e-04
 1.8121868532e+00  1.6691337558e-01 -6.0290596207e-02    2.0559903265e-01 -5.7204691715e-02  2.1108338625e-01    2.4414062500e-04
-3.0942124423e+00 -6.0364109166e+00  2.0129444426e-01    2.7764486107e-01 -2.1844484640e-02 -9.6273843403e-03    2.4414062500e-04
 5.5521741425e-01 -1.4846358201e+00 -7.7300581063e-01    5.5372884050e-01  3.1991533889e-01 -2.2393999958e-01    2.4414062500e-04
-1.6893846975e-01 -1.7140174653e+00 -5.7741998672e-01    2.1701606882e-01  7.0985276416e-03  4.4649832935e-02    2.4414062500e-04
-5.3194301968e+00 -1.1574867348e+00  6.8811233149e-03    2.4640738113e-02  4.0972424714e-02  1.2047890435e-02    2.4414062500e-04
 2.1773603423e+00 -3.4109177680e+00 -1.7949415423e+00   -1.7740579837e-03 -3.9490985578e-02 -1.5260940001e-01    2.4414062500e-04
 1.4497398468e+00  1.1683996119e+00 -6.3396720033e-01    1.7351278015e-02  1.1813583927e-02 -1.8532045516e-01    2.4414062500e-04
 2.3538512879e+00 -5.7625259738e-01  1.1063805047e+00    1.7562576242e-01  1.9121469997e-02  2.2204882884e-01    2.4414062500e-04
 1.3734100727e+00 -2.4118417248e+00  7.5299194903e-01    2.3522395176e-01  4.1123104995e-01  5.5524551899e-03    2.4414062500e-04
 8.0167840708e-01 -2.2796051864e+00  3.2571014091e+00   -1.1399703423e-02  9.5307522700e-03  6.2916645142e-02    2.4414062500e-04
-4.7336310217e-02  9.9906939088e-01 -7.2578910646e-01    1.6451090485e-01 -2.5956653692e-01 -7.9139787177e-02    2.4414062500e-04
-3.0443285160e+00  2.6807375632e+00 -1.6711024868e+00    1.5174978143e-01 -4.2625462388e-02  5.6432747431e-02    2.4414062500e-04
 5.6647735781e-01 -1.1108272795e-01 -8.5228735694e-01   -2.6632692699e-01  3.8420929938e-01  2.2422180737e-01    2.4414062500e-04
 3.0438752238e+00 -6.0101961144e-01  7.0491748802e-02   -2.2699859662e-01 -4.8743295570e-02 -3.8539475881e-02    2.4414062500e-04
-2.6561734924e+00  7.2184235325e+00  6.8253483641e+00   -1.4480558282e-01  1.7317179468e-01 -8.3097798825e-02    2.4414062500e-04
-1.0700506226e+00  2.3837080104e-01 -6.7104059066e-01    1.9526545837e-01 -2.9698644551e-01  1.0071085050e-01    2.4414062500e-04
 1.0297973412e+00 -1.3490555217e+00  4.3349227446e+00    3.8209292430e-01  1.9353888957e-01  2.0635512481e-02    2.4414062500e-04
-1.4591157704e+00 -1.1215906302e-01  1.5325250004e+00   -3.1014617430e-02 -1.4937199462e-01  1.3428092969e-02    2.4414062500e-04
 1.3256948493e+00 -7.5150707903e-01 -3.3852746068e-01   -1.3397483554e-01 -1.8957267635e-02  7.4223613591e-02    2.4414062500e-04
-2.0202525532e+00 -4.2365337019e-01  1.6338452770e+00    3.8937506568e-01  4.7349003243e-02  4.8006355104e-01    2.4414062500e-04
 9.5183876106e-01 -6.9063114055e-01 -7.3544950650e-01    1.9357225964e-01 -2.7165916834e-01  2.4740856292e-02    2.4414062500e-04
-1.9606169011e+00 -8.9077670837e-01  7.8316421289e-01   -9.6637884364e-02  1.1850440962e-01 -1.1603885261e-01    2.4414062500e-04
 4.7863713648e-01  2.3674698877e+00  2.0149386331e+00    3.0397151539e-01  2.5742638330e-01  3.3087919815e-01    2.4414062500e-04
 2.9622654774e+00  2.3830172200e+00 -2.6885926867e+00   -1.6308177445e-01  2.4410497683e-01  1.5729036142e-01    2.4414062500e-04
 1.3129159723e+00 -2.2701358914e+00 -4.4534881312e+00   -1.5346057093e-01 -9.5133289008e-02 -3.2763223036e-01    2.4414062500e-04
-6.3499222784e+00 -7.2931321088e-01  2.6739304122e+00   -1.2259805515e-01 -1.4111528895e-01  2.0467056472e-01    2.4414062500e-04
 7.9723039264e-01 -2.3029531319e+00 -4.6067384808e-01   -2.7785792157e-02  9.6163396535e-02  6.4784018936e-02    2.4414062500e-04
 7.1291382831e+00  2.1191590256e+00 -3.2868455963e+00   -1.3315502501e-01  9.4544751645e-02 -6.4396600515e-02    2.4414062500e-04
-4.5097304929e+00 -5.5310200421e+00  6.2879612147e-01   -6.9280124165e-02 -5.2278640398e-02 -2.4996650777e-02    2.4414062500e-04
 1.2962375608e+00  1.6731442098e+00 -1.5457702548e+00    3.5980030906e-02  5.6527045497e-02 -1.9598672250e-01    2.4414062500e-04
 1.6510818410e-01  8.6856704770e-01 -7.1958739891e-01    2.3649533061e-01  1.3975733006e-01  9.4945404639e-03    2.4414062500e-04
 1.6289954717e-01  1.7295113388e+00  1.2315265331e+00    3.2153523059e-02  2.5569024130e-01  5.8657885035e-02    2.4414062500e-04
 4.3015327957e+00  4.7892350959e-01  6.2733605275e-01    3.5693750673e-02 -1.6070065585e-01  1.5080234947e-02    2.4414062500e-04
 2.5395269020e+00  5.1311120252e-01  1.4933285358e+00   -9.4502400686e-02  1.3134895524e-02 -1.1369707871e-01    2.4414062500e-04
 1.2581535040e+00 -2.9814403464e-01  6.2867921226e-01   -7.3859761300e-02 -2.0379773324e-01 -3.3045597280e-01    2.4414062500e-04
 5.0238791647e+00  3.1637677519e+00  2.0335700636e+00    7.7479446624e-02 -3.8253605391e-01 -1.3854704338e-01    2.4414062500e-04
 1.9008087132e+00  2.5984375506e+00  1.4776010800e+00    1.3208382020e-01 -2.6315699757e-01  1.1118896402e-01    2.4414062500e-04
 8.7751292735e-01 -6.8969781129e-01  3.4060924526e-01    3.5057289572e-02 -1.4264255335e-01  7.5744537861e-02    2.4414062500e-04
 5.3178204154e+00  1.3121889125e-01  8.2241074638e-01   -1.3149960867e-01 -3.4307837901e-01 -2.9381597958e-02    2.4414062500e-04
 1.0654131653e+00 -2.1107012546e+00 -1.1347165632e+00    1.5863823117e-01 -2.8343903327e-01  5.2403105635e-02    2.4414062500e-04
 3.4023401155e-01  2.0781197292e+00  5.5777483843e-03   -1.1965952917e-01 -7.5162280579e-02 -1.5034502826e-01    2.4414062500e-04
 2.6071839510e+00  1.0092516697e+00  2.7777206442e-01    4.2286746830e-01  1.1074889256e-01  4.9683324282e-03    2.4414062500e-04
 2.6236332250e+00  1.1307168444e+00  4.7557639850e-01   -1.6264263703e-01 -2.5237903575e-01  1.0610567564e-01    2.4414062500e-04
-4.3932489041e-01 -7.6230015733e+00  1.4477017562e+01    2.2590686058e-02 -3.0299448553e-02 -1.0722530961e-01    2.4414062500e-04
-5.6256627279e-01 -2.5037166117e+00 -2.5874545558e+00    1.5291506461e-01 -6.3297524518e-02  1.8372397776e-02    2.4414062500e-04
 1.2813471462e+00  1.1673336056e+00 -4.6438544247e-01   -1.3863927656e-01  3.3932554543e-02  1.2962228952e-01    2.4414062500e-04
-1.6421233229e+00  7.6828806348e-01 -1.2733643576e+00   -1.9015995001e-01 -3.0900750481e-01 -2.8897645617e-02    2.4414062500e-04
 2.9953284348e-01 -8.5299538960e-01  5.5263142698e-01    3.2313370488e-01 -1.2968472306e-01  2.1868934828e-01    2.4414062500e-04
 1.4587092024e+00 -7.5172104621e-01 -1.1391522177e+00    1.8754100656e-01  1.1195168016e-01 -5.9603067466e-02    2.4414062500e-04
-2.7745943858e+00  4.2734403954e+00 -6.8273597104e-01   -1.6199773114e-01  7.0946349472e-02  1.2398680887e-01    2.4414062500e-04
 1.9128962382e+00 -3.7885083374e-01  1.1102649592e+00   -5.9313865423e-02 -5.2460342214e-01 -2.3334257026e-01    2.4414062500e-04
 4.6711425706e+00 -1.1958429785e+00  1.9098016717e+00   -1.6626426930e-01 -1.7976215277e-01  1.4280181212e-01    2.4414062500e-04
-7.1094792544e-01 -1.5873716340e+00  2.8363151516e-01    2.5031925447e-01 -4.4670538096e-01 -1.3270186710e-01    2.4414062500e-04
 6.6721603322e-01  1.5202228438e+00 -2.8612575928e+00   -1.6091911547e-02  2.6111925383e-02 -8.6074089098e-04    2.4414062500e-04
 1.9597891842e-01 -7.7621739599e-01 -2.7873560158e-01   -8.9490301610e-02  6.9322077572e-03 -8.7742279898e-02    2.4414062500e-04
 7.9674599864e-01 -7.3916884479e-01  4.6808368537e-01    2.0979792333e-01 -7.0811404180e-02  7.0194795839e-03    2.4414062500e-04
-1.6489981948e+00  5.9318661945e-01 -1.2875553260e+00    2.7419326766e-01  9.2794439815e-02 -4.1129001440e-02    2.4414062500e-04
-4.4148343186e+00 -6.6383660240e+00  1.3988064020e+00    2.8851998394e-01  4.4387264938e-02 -1.6044774924e-01    2.4414062500e-04
-3.8621930001e+00  4.7645726058e-01 -4.3586475492e-01   -6.7323779012e-02  1.1904736439e-02  3.6020555065e-03    2.4414062500e-04
-1.2661040207e+00 -1.6893968941e-01 -6.6519266354e-01   -1.2596382279e-02 -2.2874300925e-01  5.9368613896e-02    2.4414062500e-04
 5.1680000112e-01  2.6388457712e-01  1.7522384180e+00   -1.9058508249e-01 -1.7358834210e-01  4.0629804552e-01    2.4414062500e-04
 4.8486237020e-01  2.1744893307e-01  6.4261145362e-01    6.6965192803e-03 -3.8961810639e-02 -5.6118469508e-01    2.4414062500e-04
 1.5692811215e+00 -9.8076847202e-01  2.8904887847e+00   -4.2700326623e-01  2.8084839308e-02  1.7793020701e-01    2.4414062500e-04
 1.9526745065e+00  3.9509696599e+00 -9.4662021622e+00    1.3960623991e-01  3.2602087051e-02 -4.3658059383e-02    2.4414062500e-04
-1.7838037600e-01  2.8704580270e+00  1.9834787473e+00    1.0166501481e-02  2.3297225787e-02 -1.6282713796e-02    2.4414062500e-04
 2.9804981641e+00  3.0012159187e+00  1.5776005544e+00   -1.8900207517e-01  1.7568018226e-01  2.0880384706e-01    2.4414062500e-04
 1.4648709975e+00 -1.0920571724e+00  1.0531705615e+00    3.9191866925e-01 -2.1224138681e-01 -2.9891654648e-01    2.4414062500e-04
 2.6231934496e+00 -3.0253362069e+00  2.4713385103e+00   -8.7965102093e-02  8.1911392803e-02  6.0307618054e-02    2.4414062500e-04
 4.8359299036e-01 -1.9545281852e+00 -1.4646956100e+00   -1.2338342517e-01  2.5593024074e-02  1.2608913221e-01    2.4414062500e-04
 2.4877653359e+00 -1.9981772267e+00  2.3472189226e+00   -4.2865083769e-03  3.1954569462e-04 -1.5397791500e-02    2.4414062500e-04
 1.3897523794e+00  1.0134600519e+00  3.3579268573e-01   -1.2266847513e-01 -2.3529238079e-01 -2.7770070609e-01    2.4414062500e-04
 2.9080899166e+00  1.1029514226e+00  2.4897443836e+00   -1.3508280763e-01 -1.7975944995e-01 -2.7037030780e-01    2.4414062500e-04
 1.5793292421e+00 -8.3388915614e-02 -2.9415120600e-01   -3.9336899705e-01 -3.6629812513e-01 -2.0051728680e-01    2.4414062500e-04
 4.9768111626e-03  1.0501064718e+00 -1.6454407965e+00    3.8510571674e-02  9.6049250825e-02 -1.0972183565e-01    2.4414062500e-04
-1.2478788279e+00  1.4242470369e-02 -1.1288512868e+00    4.0268543386e-01 -1.7752775347e-01 -1.0074834656e-01    2.4414062500e-04
-1.8474064843e+00  9.3049756931e-01  1.0768664713e+00    1.0447159364e-01 -1.8221819472e-02  3.2580432342e-02    2.4414062500e-04
 9.5764518490e-01 -5.8871370252e-01 -9.6378812713e-01    3.5620090406e-01 -6.1611750825e-03  1.8817527677e-01    2.4414062500e-04
 1.4640812781e+00 -2.5628801151e+00  1.0477220139e+00    4.7464454286e-02 -1.6985265082e-01 -2.5178453630e-01    2.4414062500e-04
-2.7518870702e+00 -1.5373327728e+00  1.1632869090e+00    1.6689391451e-01  1.0213137600e-01  1.5689985303e-01    2.4414062500e-04
-1.4386160396e+00 -3.1747760825e-02  3.8250503806e-01   -2.1641936168e-01 -2.0461954359e-01 -4.2182080749e-02    2.4414062500e-04
-3.4747316003e+00  1.0370433974e+00  2.8246107275e+00   -1.8494041746e-01  3.1513884367e-01  5.2619924075e-02    2.4414062500e-04
-4.3608582088e-01 -5.2955285266e-01  3.5108671881e+00   -9.4336213040e-03 -4.0767195882e-01  2.0300585412e-01    2.4414062500e-04
-1.0485772854e+01  5.3175411043e+00 -2.5672013679e-01    5.9966129049e-03 -2.6606093656e-02 -1.3850172502e-02    2.4414062500e-04
 2.7897365890e+00 -3.3554799600e-01 -5.6259928668e+00   -3.1739526302e-01 -3.9775935685e-02  2.3237916102e-01    2.4414062500e-04
 5.6769142276e+00  4.9635814605e+00 -7.1882501728e+00    7.4494230329e-02 -4.5079625130e-02  4.5456720675e-02    2.4414062500e-04
-8.1860705025e+00  1.2518761754e+00  1.6013427102e+00    1.1053407282e-01  1.0613402536e-01  7.6145312363e-03    2.4414062500e-04
-4.0883315558e+00 -2.7976126038e+00 -5.7504313091e+00    5.8994799944e-02  4.0918640236e-02  5.8803314757e-02    2.4414062500e-04
 8.4548642246e+00  5.3212928065e+00 -1.6274325569e+01   -3.4030222186e-02 -5.9090830986e-03 -1.8756331678e-02    2.4414062500e-04
 3.3215540337e+00  1.0553086168e+01 -3.0108148471e+00   -1.8476568965e-01  9.7905220642e-02  6.6983517869e-02    2.4414062500e-04
-7.5410268164e-01  1.0421745522e+00 -1.5422443824e+00   -2.1659028825e-01 -3.9502426731e-01  2.5692400999e-01    2.4414062500e-04
-1.0466266047e+00  5.0469827814e-01 -5.1423995891e-02    1.2031133721e-01  1.7479299265e-01  1.2640950631e-01    2.4414062500e-04
-8.2469597943e+00 -3.3419960311e+00 -4.9002267495e-01    8.3998389799e-02 -1.6191038765e-03  3.2243823939e-02    2.4414062500e-04
-5.7019740432e-01  1.1220561731e+00 -1.3659611706e+00    1.4394780947e-01 -4.6046591369e-03 -2.0818698825e-01    2.4414062500e-04
-4.2662875520e+00 -3.7372359628e+00  2.5316125663e+00    1.6680965991e-02  1.6713245541e-01 -4.9056120755e-02    2.4414062500e-04
-8.9330594738e+00 -8.0624832955e+00 -3.4582971043e+01    4.8206426681e-03 -8.7360449663e-02  1.9991724149e-03    2.4414062500e-04
-2.9304810569e+00  1.7586544851e-01 -1.3015047478e+00   -6.5246383837e-02  1.2542853042e-02  2.1693493485e-01    2.4414062500e-04
 2.3234041521e-01  1.1391278394e+00 -1.3607343213e+00   -4.3380265720e-02  1.5246964905e-01  2.4001375908e-01    2.4414062500e-04
 3.4521955438e+00 -5.5619371842e-01  9.3161806244e-01    1.4121516380e-01  2.0523019616e-01  1.6120969188e-01    2.4414062500e-04
 1.1145834869e+00  5.6809390030e+00 -1.0656922597e+00   -7.5621099472e-02  2.3008644702e-01  2.6026826611e-01    2.4414062500e-04
-8.1423130690e-01 -7.5717086786e-01  5.8185465453e-01    4.4356470181e-01  2.2325246327e-01 -2.1022741876e-01    2.4414062500e-04
 3.9646001928e+00 -5.0511974687e+00  1.4937156425e+00   -1.3757479460e-01 -8.3841854980e-02  1.7771200008e-01    2.4414062500e-04
-2.5529062011e+00  2.5541202485e+00  1.8496245697e+00    2.0915728772e-01 -3.6707068629e-02 -1.0376817651e-01    2.4414062500e-04
 6.6706673413e+00 -9.5194894580e-01 -5.2917219433e+00   -5.7441397877e-02 -1.0233211553e-01 -7.6901225419e-02    2.4414062500e-04
 6.2966358971e-01 -7.4906378036e-01 -1.6648148721e+00   -1.9961871317e-01  3.3106532056e-01  2.9672945039e-01    2.4414062500e-04
 2.6454563915e+00  9.4044703112e-01  7.4092594810e+00   -3.5890038442e-02 -1.1933933592e-02 -2.7137014483e-02    2.4414062500e-04
-7.5328480229e-01  1.0076055476e+00 -6.0554886541e-01    9.6123064196e-03 -3.9360261210e-01  4.5593254544e-02    2.4414062500e-04
 2.7164379910e-01  4.0201975665e+00  1.1572790765e+00   -4.9669187820e-02 -8.3665855068e-02  1.2678945503e-01    2.4414062500e-04
-4.4067583988e+00  4.7977187227e+00 -6.2714994020e+00   -5.6140725427e-02 -5.5612480111e-02 -1.3617134050e-01    2.4414062500e-04
 1.5326451650e+00 -2.1150153389e+00  1.1375479489e+00    2.3354477855e-01 -2.7448953804e-01 -2.6521115866e-01    2.4414062500e-04
-3.9400446829e-01 -2.2495990806e-01 -1.1033543444e+00   -6.0480629872e-02 -7.5855193165e-02 -1.6619063450e-01    2.4414062500e-04
-2.7783475947e+00  3.3314534958e+00  1.1521753628e+01    3.1387612713e-03  1.4809144192e-01  7.6928687272e-02    2.4414062500e-04
 3.0873844399e+00 -3.5900563039e-01  1.5908476698e-01    1.3476207537e-01 -3.0262246774e-01  1.9221323960e-01    2.4414062500e-04
 5.0698286670e-01  4.4588051032e-01  1.6411781867e+00    4.6679398133e-01 -1.0521050815e-01 -1.9526016809e-01    2.4414062500e-04
 1.9133435766e+00 -6.4106948981e+00  4.9301584581e+00    1.7878204701e-01  3.9986580939e-02 -2.7801588256e-02    2.4414062500e-04
-4.3858399338e+00 -2.9844750775e+00 -5.8382939050e-01   -2.9464330968e-02  2.4964754474e-01 -1.0596596114e-01    2.4414062500e-04
-5.4933280706e-01  9.6426467008e+00  7.7055921753e-01    5.8671797009e-02  1.1192343964e-01  1.5561183819e-01    2.4414062500e-04
-6.5894230636e-01  2.7231773374e+00  2.1249718634e+00    5.3168998787e-02 -2.4952051691e-02  7.0161189164e-03    2.4414062500e-04
 7.1773145601e-01  1.1777364652e+00  8.3235000756e-01    6.1457529041e-02  1.6193692840e-01  6.0905128806e-01    2.4414062500e-04
 7.9798227374e-02 -1.0782280659e+00 -2.8780419734e+00    3.5573273468e-01 -2.0672066663e-01  1.4324966368e-01    2.4414062500e-04
 1.7461896743e+00  4.0794931381e-01  2.0419516933e+00    9.1030866539e-02 -1.0813327135e-01  4.9721346540e-01    2.4414062500e-04
-5.9626980623e-01  2.5166511218e+00  8.3420504477e-01   -9.4632079806e-02  2.4317883816e-01 -1.2120613515e-01    2.4414062500e-04
-2.2974408921e-01  2.1119130250e-02 -3.7739215013e-01   -5.4594755709e-02  3.3806117091e-01 -2.9024607199e-01    2.4414062500e-04
 9.1051253906e-02  1.6282096643e+00  6.0130606417e-01   -3.6469896816e-01  1.9281436094e-01  1.0694855120e-01    2.4414062500e-04
 1.5133904827e+00 -1.6289284365e-01 -7.9859090049e-01   -1.3039751751e-01 -7.3183139299e-02  3.1106944895e-02    2.4414062500e-04
-2.2938382608e-01  6.2990285925e-01 -7.4995058640e-01    5.7927720349e-02 -7.8003935768e-02 -9.9128290795e-02    2.4414062500e-04
 2.0974706403e+00 -3.4538998098e-01 -1.9757115941e-01    3.2302968911e-01 -1.4393981009e-01 -1.2422491640e-01    2.4414062500e-04
 1.9104820229e+00  7.5682288503e-01  1.3622656291e+00   -1.7228072112e-02  4.9407932952e-02  1.2716090930e-01    2.4414062500e-04
-3.6437758685e+00 -4.4207529881e-01 -1.2788352836e-01    6.2721524313e-02 -3.4624355732e-03  1.7411828061e-01    2.4414062500e-04
 1.0531536602e-01  2.6261505033e+00 -8.8909774357e-01    1.4381680080e-01  1.4192798205e-01  2.6095402939e-01    2.4414062500e-04
 3.0494239614e-01  1.5916371692e+00 -1.8243376653e+00   -1.0467520330e-01 -1.2893594536e-01  1.0344879010e-01    2.4414062500e-04
-9.5766439956e-01 -1.8802074760e-01 -6.2876422423e-01    9.1608111647e-02 -6.1861306312e-02  9.8391207333e-02    2.4414062500e-04
-9.2499186176e-01  2.8650582789e-01  1.2380360898e+00   -3.3792582497e-01 -3.3223722858e-01  1.1769482646e-01    2.4414062500e-04
-1.1409868678e+00  1.1792453449e+00 -9.1065045890e-01   -3.7943020337e-01  9.6664539351e-02 -3.3831927687e-01    2.4414062500e-04
-4.4774213782e-01  1.0366870532e+00  6.5533734257e-01    2.8764415391e-01  3.3301788909e-02 -1.0636406255e-01    2.4414062500e-04
 6.7249964065e-01 -3.5797167740e-01 -1.4362642860e+00   -3.3784295304e-01 -2.4566937296e-01  1.0980803665e-01    2.4414062500e-04
-1.4217316775e+00  1.5547373320e+00  7.1212341203e-01   -3.2094768324e-01 -1.6335347675e-01  1.3145524322e-01    2.4414062500e-04
-1.0824593369e+00  7.2387803797e-01 -8.0831396567e-01    3.0881533414e-01 -3.1972208804e-01  3.0750282416e-01    2.4414062500e-04
 4.9313477271e-01 -7.9388529080e-01  1.3448947319e+00   -4.8033096430e-01  2.5787566220e-01  7.5251080683e-02    2.4414062500e-04
 3.4627191364e+00  2.8477363493e+00  1.8810683547e+00   -1.2443190655e-01 -1.8529854229e-01 -3.7313796050e-03    2.4414062500e-04
-1.1383299403e+00 -9.4297060005e-01  1.3148789867e+00   -7.5552646865e-02 -4.8414925298e-01  2.3112985625e-01    2.4414062500e-04
 1.0585752213e+00  1.0041976239e+00 -1.5857335140e+00   -2.8378780597e-01 -3.2793884843e-01  1.5397069379e-01    2.4414062500e-04
-2.9002779677e+00 -1.9929076652e+00  3.0952491281e+00    4.0442452331e-02  2.0606013895e-02  7.7841269358e-02    2.4414062500e-04
 2.3870353551e+00  4.0061617273e+00  4.9581831244e-02    3.2973668665e-01 -4.5914469742e-02 -1.9839063219e-02    2.4414062500e-04
 6.0226387643e-01 -1.2262079601e+00 -3.7206648044e+00    1.9841743544e-01  2.6665969569e-01  1.6437001812e-01    2.4414062500e-04
 1.1311796568e+00 -2.6329209711e+00 -7.7924385070e-01   -6.8998586155e-02  3.4055614000e-03 -2.6493531798e-03    2.4414062500e-04
 1.9159156821e-01  9.2776478022e-01 -1.2585035395e-01   -5.7577816663e-01 -5.3732043735e-03 -1.1640411767e-01    2.4414062500e-04
 3.8278282353e+00  4.3428904241e+00 -2.3094862555e+00   -4.0506126920e-02 -1.9671723996e-01 -1.6990340625e-01    2.4414062500e-04
-2.9762857472e+00  1.2547577153e+00  6.3944638762e-01   -3.8891751909e-01 -1.3659451652e-01  3.8903324972e-01    2.4414062500e-04
 1.2785570497e+00  3.1885225057e+00 -9.1595779694e+00   -1.4351482148e-01  1.3134879241e-01 -2.7489118787e-01    2.4414062500e-04
-2.0109330883e-01  1.3745241540e+00 -3.5663359917e-01    1.1752838619e-01 -3.2881568872e-02  2.1983398050e-02    2.4414062500e-04
 4.5939543236e-01 -4.8839254205e-01  9.0540647578e-01    8.1499375971e-02 -4.9190092744e-02  2.9032017274e-02    2.4414062500e-04
 5.7594558197e-01 -3.5635782480e+00  6.5633194343e+00    1.1807293618e-01 -1.4107183597e-01 -7.3146302369e-02    2.4414062500e-04
-1.6005770168e+00 -5.2578538866e-01  6.0324259871e-01   -1.3117980095e-01 -2.4946429204e-02  3.7618654567e-02    2.4414062500e-04
-5.8412222738e+00 -6.8913895159e+00 -7.7640844795e+00    5.5785527161e-03 -4.0575840074e-02 -3.7118856065e-03    2.4414062500e-04
-1.5450797966e+00  2.8502826757e-01 -4.0864861369e+00   -6.9748841495e-02 -9.2514678456e-02  6.9061933852e-02    2.4414062500e-04
 7.4120579448e-01  9.1123482249e-01  1.1214280912e+00   -6.2064689189e-02  4.6852125077e-02 -4.4309765449e-02    2.4414062500e-04
-2.3622732620e+00  9.2521521405e-01 -2.0627675473e+00    4.4897935661e-01  4.8284360303e-02 -2.1612316364e-01    2.4414062500e-04
-6.7715484562e-02  2.9744059182e-01  1.9663917512e+00    4.4164378728e-01 -2.3013354533e-01  1.3527177034e-01    2.4414062500e-04
 3.0386826960e+00  2.0280262010e+00  3.9881894445e+00    2.9225958397e-01  1.1240689696e-03 -2.8616422112e-02    2.4414062500e-04
-2.6021557436e+00 -2.0591413229e+00  2.0710728110e-01    6.5545919692e-03 -5.1837713512e-02  2.4969440270e-03    2.4414062500e-04
 3.5361093654e+00  2.1394348563e+00  8.9860066391e-01   -4.0928829656e-01 -1.1726711992e-01 -1.1347804509e-01    2.4414062500e-04
 1.7143425575e+00  6.3285256936e-01  1.8992527293e-01   -1.7482099371e-01 -3.8490292531e-01 -3.3537352791e-01    2.4414062500e-04
-9.1295866461e-02  4.7807107596e-01 -3.7486146051e-01    3.9767485247e-03 -9.1968678801e-02  6.9455900491e-02    2.4414062500e-04
 1.4852035447e+00  1.6775865592e+00  6.6339309450e-01    2.8445311682e-01  1.2714741520e-01  2.5228703540e-01    2.4414062500e-04
 2.1559695133e+00  3.1611037549e+00 -1.4644959625e+00    3.4926119399e-01  1.5187296326e-01 -3.2120654348e-01    2.4414062500e-04
 5.1015254777e+00 -5.2321024483e+00  3.1558477424e+00   -4.7653961989e-02 -3.2866589233e-02 -8.8709708385e-02    2.4414062500e-04
-8.6232414841e-01 -1.3467244232e+00 -6.5214586118e-01   -1.4400191589e-02 -3.6538332382e-02  5.7785077406e-04    2.4414062500e-04
 2.3433558992e+00  7.9991973070e-01 -3.4544284015e-01    1.7440436354e-01 -1.5677040537e-01 -1.6995301019e-01    2.4414062500e-04
 4.9042233598e+00  4.7219901059e+00  8.2664000544e-01    1.8783558467e-02  5.1846819914e-03  1.7666855700e-01    2.4414062500e-04
-7.8468237822e-01 -1.2974746853e+00 -1.4013178504e-01   -4.6014472119e-02  1.7053172684e-01 -6.7120688730e-02    2.4414062500e-04
 1.4724494593e+00 -2.1116312847e+00  2.6536438312e+00    2.1092131471e-01  6.8397156859e-02  1.1101564601e-01    2.4414062500e-04
-2.7256516903e+00  4.6194523712e+00  4.2799073352e+00    6.8093751647e-02 -7.5220072807e-02  7.6409421044e-03    2.4414062500e-04
 1.4975414869e+00 -1.1488432750e+00  2.7694667310e+00   -2.9503026903e-01  3.5130907650e-01  1.3051630936e-02    2.4414062500e-04
-6.8518883751e-01 -6.4048695086e-01  4.3937060744e-01   -1.1607271891e-02 -6.2974710480e-02 -4.8418359880e-01    2.4414062500e-04
-2.3005992659e+00  1.4200100847e+00  2.2158612354e+00    5.0828239701e-02 -7.4132556420e-03  7.4985488164e-02    2.4414062500e-04
 6.6128378825e-01 -7.5831366341e-02 -3.6768157101e-01   -8.5635060095e-03  6.2502809576e-02 -2.0916588382e-01    2.4414062500e-04
-3.8290896198e-01  1.4458438859e+00  1.0094353100e+00    3.7597128411e-01 -2.2192323341e-01 -1.5498151811e-01    2.4414062500e-04
-6.8663275966e-01 -2.4991878546e+00 -6.2667937672e+00    9.0394681256e-02  1.0832334624e-01 -4.5953872596e-02    2.4414062500e-04
-6.8831226670e-01 -1.2818379125e+00  3.7004232431e+00    1.0415140037e-01  3.5460022427e-03  1.9124857643e-01    2.4414062500e-04
-9.9550047481e-01  9.0904841268e-02  1.0911989290e+00   -3.5129689021e-01 -1.4011753687e-01 -3.3741128590e-01    2.4414062500e-04
 1.9810242220e-01 -5.6306708080e-01 -3.7030814197e+00   -1.1260065177e-02  4.0889443472e-02 -3.7119188707e-01    2.4414062500e-04
 2.4745174297e+00 -2.0396486325e-01 -1.7029431063e+00   -1.3168570500e-01 -5.0551093530e-02  9.1633078366e-02    2.4414062500e-04
 2.8032885334e+00 -6.7554416901e-02 -4.3077886171e+00    2.2545451188e-01  3.0379912930e-01  1.1681752447e-01    2.4414062500e-04
 1.3728499943e+00  2.9433104130e+00 -1.7827526322e+00    1.1405752383e-03 -1.1174163189e-01 -1.2042584190e-01    2.4414062500e-04
 3.4185279236e+00 -1.8603317164e+00  3.8039503557e+00   -3.7140173600e-01  1.6027122731e-01 -5.3596887382e-02    2.4414062500e-04
-5.8865782896e-01  4.1469450235e+00  4.4173636765e-01    3.5012202866e-02 -2.3950358166e-01 -2.4867511924e-01    2.4414062500e-04
-7.5889318923e-02 -7.8247145266e-01 -3.8407878921e-01   -7.1148943739e-02  1.7464979446e-02  1.8893132700e-01    2.4414062500e-04
-1.6918335654e+00 -7.1618405698e-01  1.6090685576e+00   -2.5277216920e-01 -1.0388361435e-01  3.6165871363e-01    2.4414062500e-04
-3.6207768596e-01  8.2708624486e-01 -4.4721939574e-02   -1.4111404656e-01  1.9489325749e-01  1.6700883145e-01    2.4414062500e-04
 4.3179886660e-01  4.1853154787e-01 -1.6493497858e+00    1.5576324256e-01 -1.1314786827e-01  1.0822829757e-01    2.4414062500e-04
 1.4521383696e+00 -4.5956986185e-01 -8.4746015611e-01   -7.3990477424e-02  1.2755130171e-01 -3.5112592521e-02    2.4414062500e-04
 1.8996280014e+00 -5.4404815550e-01 -1.4849344743e+00    1.5333904952e-02 -1.9343530382e-02  9.0384376788e-02    2.4414062500e-04
-9.4118710639e-01  1.5055091644e+00 -7.6167326249e-01    1.9535732834e-02 -7.5675903468e-02  5.8556033712e-02    2.4414062500e-04
 4.3129986973e-01  9.5053288545e-01  1.2680698484e+00    4.0104775324e-02 -1.3158881100e-01 -1.7159914645e-01    2.4414062500e-04
 4.8387914953e+00  3.7964491518e+00  1.1084311428e+00   -4.4863946497e-02 -3.1602968336e-01 -1.5838903925e-01    2.4414062500e-04
-3.6453184156e-01  3.8604542210e-02 -6.7105300258e-01   -1.6477053755e-03  3.7659045879e-02 -3.3039404336e-02    2.4414062500e-04
-1.1748271959e+00  2.1211994659e+00  5.6318680206e-01   -7.0558003188e-02  5.1070039309e-02  3.4295593870e-01    2.4414062500e-04
-1.5540874068e+00  8.4271786270e-01 -2.8977007632e+00    2.3842380252e-02  3.4856680460e-02 -1.1661689621e-02    2.4414062500e-04
 7.2172777876e-01  5.6196317789e-02  1.2682707815e+00    2.7982147135e-01 -5.1925034629e-01 -1.0710101775e-01    2.4414062500e-04
-1.7448727039e+00 -1.3259710310e+00 -7.5258925018e-01   -1.1282266133e-01  1.1111400258e-01 -1.1352986477e-01    2.4414062500e-04
 1.8731392899e+00  4.3721446849e-01 -6.1081353074e-01   -5.1313324875e-01  1.6484033405e-01 -1.2383763879e-01    2.4414062500e-04
 3.8965109368e+00  2.1670086487e+00 -4.3854611188e+00    5.6823694358e-02  1.1246058535e-01 -8.8945515783e-02    2.4414062500e-04
 6.0341115732e-02 -4.3882288786e-01  6.2886004377e-01    3.7811340511e-02  9.2471919833e-02 -9.7484928202e-02    2.4414062500e-04
-5.7835579453e-01  5.4460383648e-01 -3.0842124152e-01   -6.2199710204e-01 -3.5885101362e-01  4.3730233889e-02    2.4414062500e-04
-5.4641601534e-01 -2.2815574848e+00 -3.8102740363e-01   -1.3668250197e-01  3.9591784455e-02  3.3197282740e-01    2.4414062500e-04
-4.8721870863e-01  1.1925019096e+00  3.7584759568e+00    7.0068589597e-03 -5.2611948924e-02  3.6930646690e-02    2.4414062500e-04
 2.8556116146e+00  4.8831540048e+00 -3.3547288752e+00   -8.4169014284e-02  2.8090208743e-01 -4.3489749442e-02    2.4414062500e-04
 2.5275927157e+00  6.7978972402e-01  7.5827974692e-01    4.4868010853e-02 -1.1442678531e-01 -5.2230787316e-01    2.4414062500e-04
-3.3011036510e+00  1.0908379944e+00  1.2398285523e+01    6.6737232783e-02 -1.0316464561e-01  8.2055662783e-03    2.4414062500e-04
 1.5352147423e+00 -2.4280205716e+00 -2.1237715256e+00   -4.4851909531e-02  2.8414575230e-01 -1.3189524092e-01    2.4414062500e-04
-5.9521299094e+00 -3.7456806822e+00 -8.4044072641e+00    7.5588350165e-03  1.0795732033e-01 -8.8750743276e-02    2.4414062500e-04
-3.1012641667e+00  4.3291709250e+00  2.9203969150e+00    8.0544152363e-02 -7.8748595314e-03 -5.8387011973e-02    2.4414062500e-04
-1.4633779947e+00 -3.1787419009e+00 -6.2475459387e+00   -9.7390234731e-03 -5.2691158012e-03  2.0028979920e-02    2.4414062500e-04
 1.9513400281e-02 -5.4261112754e-01  2.3288389281e-01   -2.0723955300e-01 -1.6562056203e-01 -2.4459099849e-01    2.4414062500e-04
 2.3390299946e-01 -3.2780071251e+00 -5.7845699459e+00    4.3846834076e-03 -8.9522065660e-02 -5.7213995792e-02    2.4414062500e-04
-1.8752029577e+00  2.4731135178e+00  1.7477274925e+00   -6.1220094477e-03 -1.0268609617e-01  4.1933994088e-01    2.4414062500e-04
 4.2274946387e-01  9.6963298036e-01  7.9206921507e-01    1.0749190925e-01 -4.6013167035e-03 -2.0434719835e-01    2.4414062500e-04
 5.0176961026e-01 -7.7750326277e-01  1.2004632955e-01    3.6705354939e-01  2.6146104369e-01  1.4160236065e-01    2.4414062500e-04
-3.2085357979e-01  7.5344739016e-01 -7.9191871741e-01   -2.4533026634e-01  5.6541729597e-01 -2.5309297637e-02    2.4414062500e-04
-7.2323838110e-01  8.5484890910e-01  2.3404185801e+00    2.3848351451e-01  1.5062567164e-01 -3.6073552566e-01    2.4414062500e-04
-6.6775132091e-01  5.7893549203e-01 -1.2853891548e-01    7.7392176610e-02 -3.0830652136e-02 -2.9087617948e-03    2.4414062500e-04
-1.6980601180e+00  5.5459452747e-01 -1.2925721309e+00   -2.5951875520e-01  1.4492522770e-01 -8.3028290146e-02    2.4414062500e-04
-6.1586217193e-01  1.1642983304e+00  2.9518307498e-01    1.6788892663e-01 -1.0273533461e-02  2.1293500433e-02    2.4414062500e-04
-4.8669076534e-01  5.7520052525e-01  2.0770229420e-01    3.3901844025e-02  7.6367476135e-02 -1.2423231380e-01    2.4414062500e-04
 4.2898752483e-01  2.2986467450e-01 -9.8344997270e-01    3.1145936593e-01 -4.6945746825e-01 -2.5851683178e-01    2.4414062500e-04
-6.4742657620e-01  8.2120331285e-02 -6.7075781037e-01   -1.1531526231e-01  1.9158551722e-01 -5.2842588690e-02    2.4414062500e-04
-1.7454430869e+00 -6.8666618096e+00 -1.9128917160e+00    4.6791469228e-02  6.3740457581e-03 -8.6585717066e-02    2.4414062500e-04
 4.6219399000e-01 -1.5615367805e+00  3.1272637442e+00    3.0693530105e-01  1.1024216369e-01 -1.4913733501e-01    2.4414062500e-04
 4.5583377228e-01  2.9443029434e+00  1.7981674238e+00   -3.9085494782e-01 -1.5982007597e-01  3.4273257129e-02    2.4414062500e-04
 1.0052623528e+01 -6.5501411458e+00  1.2352316123e+01    5.0622466074e-02 -2.9656831970e-03 -2.8291998240e-02    2.4414062500e-04
 1.7036144764e-01  2.9819738261e+00  1.5440694633e-01    5.1987454124e-01  9.7702026820e-02  1.7893904066e-01    2.4414062500e-04
-1.7732892818e+00  2.7784931172e+00 -8.5893439085e+00   -4.6416581436e-03  2.8043142026e-02  3.0055359640e-01    2.4414062500e-04
-1.7551720677e+00 -2.7064907373e+00  1.0831980027e+00   -5.5351969039e-01  9.9485806162e-02  1.0836225949e-01    2.4414062500e-04
-4.7221999703e-01  6.2827658082e-01  2.2772921177e+00    3.6173311392e-02  5.7730427490e-02 -2.1415341743e-01    2.4414062500e-04
 1.1636067619e+00 -3.2312501010e+00 -1.5967268761e+00   -3.4102553418e-02 -2.2189944958e-02 -1.8125906170e-01    2.4414062500e-04
 1.6850956144e+00 -3.5508215265e-02  1.6613569014e+00   -5.0795647684e-03 -1.3559855455e-01  1.9701937262e-01    2.4414062500e-04
 9.2217142907e-01 -2.5865928218e-01  1.0941430588e+00    3.4024862075e-01  4.9980882539e-02  4.6675202575e-01    2.4414062500e-04
-6.2884812655e-02  3.6521150819e-02  8.4199816202e-01   -5.6636865041e-01 -9.3957102517e-03  1.7136772262e-01    2.4414062500e-04
 7.7979236870e+00  1.4530613270e-01  3.7536627834e+00    1.9490052762e-01  8.6398095971e-04 -3.0584394857e-02    2.4414062500e-04
 1.8973394556e+00  3.5518257189e-01  8.9376998506e-01    2.3033724335e-01  6.7488550142e-02 -9.7648831057e-02    2.4414062500e-04
-2.9175124583e+00 -8.9336156789e-01 -4.6744726789e+00    3.2205988224e-01  1.9986092403e-01 -7.8405538986e-02    2.4414062500e-04
 1.5085691767e+00 -1.7242117302e+00 -2.5257749422e-02    5.7680494217e-02 -9.6510293943e-02 -1.6707307517e-01    2.4414062500e-04
-5.0878119921e-01 -2.3470738927e-01 -5.7926823718e-01   -3.5831712363e-02  4.2255819280e-02  9.9292752300e-02    2.4414062500e-04
-1.1673825838e-02 -2.7311380543e+00 -6.3470267286e-01    4.8104025685e-01  4.7818059036e-02 -8.9447379049e-03    2.4414062500e-04
 5.4378572292e-01  6.3304709518e-01 -6.4464214517e-01    6.4137735671e-02 -1.4508999674e-01  1.6225177039e-01    2.4414062500e-04
-3.6978399773e+00  1.5644190224e+00  7.4077265193e-01   -3.7777050964e-01 -3.2949843928e-01 -1.0057899020e-02    2.4414062500e-04
 8.2322744560e-01  1.0282350134e+00  1.7975923413e+00    3.4574690997e-01  6.9878358814e-02 -4.6330477148e-02    2.4414062500e-04
 3.3962692722e+00  3.7846465606e+00 -1.1084057640e-01   -2.7987488077e-02 -3.0129570646e-03  2.4316206640e-03    2.4414062500e-04
-8.5404676635e-01  2.6232132080e-01  5.4540084150e-01    3.0103770347e-02  4.3726902765e-01 -2.3058829092e-01    2.4414062500e-04
-2.4345644436e-01  5.5960247147e-01  2.9556129162e-01   -3.1277399950e-01  2.1223901095e-01 -6.5432219027e-03    2.4414062500e-04
-1.0421569894e+00  2.8182692610e-01 -2.2585652874e-01    1.2919435225e-01 -2.8755513768e-01  4.7128372770e-01    2.4414062500e-04
 7.3903534022e+00  4.9480075800e+00  4.6087748152e+00    1.2168816769e-02  8.3773620178e-02 -2.7764053676e-02    2.4414062500e-04
 3.6241571415e-01  1.0257671206e+00  1.4220505385e+00    3.3072126375e-02 -9.2592940956e-02 -1.9426371976e-02    2.4414062500e-04
-2.9935814508e+00  3.8425093448e-01 -1.8094964701e-01   -2.4387036033e-01  2.8693189479e-01  9.4258347255e-02    2.4414062500e-04
 1.7868928866e-01  2.0212198158e+00 -8.7349957940e-01    1.4291073549e-01  2.8093800118e-01  5.7436904386e-02    2.4414062500e-04
-9.4032784694e-01 -8.8070164621e-01  5.9945346518e-01   -1.3003357630e-01 -2.1208993879e-01  3.4578052011e-01    2.4414062500e-04
-1.0741111626e+00 -3.7314352817e-01  4.4320845409e-01   -6.3636102313e-01 -9.4579555958e-02 -9.9618774872e-02    2.4414062500e-04
-1.2307337612e+00 -2.7346685143e+00 -1.4790497467e-01   -1.2644606680e-01  1.2526361299e-01 -9.0207608158e-02    2.4414062500e-04
 3.3435993472e-01 -2.1752402265e+00  9.2678802803e-01    3.4480493204e-02  1.0963618333e-01 -1.9791390478e-02    2.4414062500e-04
-6.1348259010e+00 -9.5518261081e+00  3.4166784131e+00    1.4093581644e-01 -1.4871450656e-01 -8.4788941535e-02    2.4414062500e-04
 7.4411186948e-01  4.9703914874e-01 -5.4026375878e+00   -6.8354133395e-03  7.0067169902e-02 -1.0672385664e-02    2.4414062500e-04
-4.9916647539e+00 -6.4864682209e-01 -1.4602347682e+00    4.9310654160e-02 -2.0337897614e-02  1.3712850616e-01    2.4414062500e-04
-6.3324739796e-01  1.2416163709e-02  5.7504681996e-01   -4.2460315405e-01 -9.0708695703e-02 -8.9273650435e-02    2.4414062500e-04
-2.2829948538e+00  7.3445699575e-02 -4.6389130103e-01   -8.5246643561e-02 -2.5448590553e-02  7.2622912277e-02    2.4414062500e-04
 3.2274362691e-01  1.7867191135e-02 -9.9621170387e-02    4.2258602124e-01  9.7037943673e-02  1.8801006829e-01    2.4414062500e-04
 2.2654972959e-01  5.5528579094e+00 -2.1382114698e+00   -8.6942405998e-02  1.6243200823e-01 -1.5875836483e-01    2.4414062500e-04
-8.8087831245e-01 -1.4195339153e-01 -1.3026787211e+00    2.8890255214e-02 -1.7201177362e-01 -2.7527782208e-01    2.4414062500e-04
 1.4444686677e+00 -1.7292138022e+00  2.7911439158e-01    8.6390624504e-02 -5.5776807591e-01  1.9557010485e-01    2.4414062500e-04
-1.7926428725e-01  1.0039504333e+00  1.2803730873e+00    2.3170473311e-01  7.3176107793e-02  5.2183365763e-01    2.4414062500e-04
 4.5306793073e-01 -7.9759702119e-01  2.6366657747e-01    3.5713049250e-01  3.0357436652e-02 -8.8884206398e-02    2.4414062500e-04
-8.5020346254e+00  4.0837425375e+00 -7.0894507135e+00    2.0175431782e-02  1.2130538710e-02  4.0130443394e-02    2.4414062500e-04
-4.5864225451e-01 -2.6812156115e+00  9.0967564316e-01    2.4712724756e-01  1.7777856506e-01  4.4562302630e-02    2.4414062500e-04
 1.9464118637e+00  1.5925504792e+00 -1.8058963480e-01   -5.7881008204e-02  1.7814580099e-02 -3.2717159388e-02    2.4414062500e-04
 8.1676036176e-01 -4.0826584242e+00  1.9797148380e+00   -7.3813686157e-02 -1.1116949219e-01 -3.4257064158e-01    2.4414062500e-04
 1.1891164265e+00 -1.6856707159e+00 -1.4357209716e+00   -4.0286229752e-02  6.4555865076e-02 -9.4412579020e-02    2.4414062500e-04
-4.8244726103e+00 -4.5513388867e-01 -3.1348025828e+00   -6.7466079930e-02  4.8390275890e-02  1.8919655804e-01    2.4414062500e-04
 1.9851706431e+00  1.2928794595e+00 -4.5969676769e+00   -1.2804628491e-01  2.1689396851e-02  1.3864820505e-01    2.4414062500e-04
-4.7129089813e-01 -1.1586657003e-01 -1.5071055226e-01   -5.9438562085e-01 -1.8285017592e-01  1.6183999897e-01    2.4414062500e-04
 1.1740401592e+00  8.0310669548e-01  2.2164518388e+00   -5.5031416253e-01  3.5686743835e-02  1.8351394477e-01    2.4414062500e-04
-3.7677194750e-01  6.1789193878e-01  1.5787977519e-01   -2.0501183938e-02  9.3938718333e-02 -7.1643352329e-02    2.4414062500e-04
-2.9539542150e-01 -1.5709360755e+00  1.3198225141e+00   -1.8357020059e-01  1.9192573518e-02 -3.4838396036e-01    2.4414062500e-04
 1.6060983970e+00  8.6762650322e-01  1.1419723626e+00   -5.4715529693e-02 -6.1348915060e-02 -1.0663122014e-01    2.4414062500e-04
 2.7535861293e-01 -2.0565592438e+00 -4.4597159165e+00    1.7266114059e-01 -1.5902706475e-01  1.4520524462e-02    2.4414062500e-04
-1.2569007655e+00 -3.5257457657e-02  8.3569057400e-01    4.2445736554e-01 -1.1345000044e-01 -4.6728940524e-02    2.4414062500e-04
 2.4912498896e+00  1.3950456657e-01 -1.8391076134e+00   -4.6064620095e-02  1.5713536057e-02  3.5974588868e-02    2.4414062500e-04
-3.4474217729e-01  7.2334253518e-01  2.3652677881e+00   -9.0092589227e-02 -3.7772509572e-02  4.6270711278e-02    2.4414062500e-04
 8.7537596141e-01  4.7916787576e+00  2.6069893835e+00   -6.2751481608e-02  1.2077753747e-01  1.8895165901e-01    2.4414062500e-04
 3.6189845101e+00  2.9273726872e+00  2.5047038034e+00   -2.1150429541e-03  3.2625473669e-02  1.0409130408e-02    2.4414062500e-04
-3.1104216936e-01  1.2678795489e-01 -7.7511148967e-01    8.8726454594e-02  3.1340259715e-01 -5.9015005483e-01    2.4414062500e-04
 2.2456954652e+00 -3.7793260669e+00 -2.1860915328e+00    8.9101737122e-03 -1.0543246185e-01  3.7577269418e-01    2.4414062500e-04
 9.0777375296e-01 -7.3854446757e-01  4.4090449053e-01    1.4846003817e-01  3.5065083412e-01 -9.3241780948e-02    2.4414062500e-04
-8.7222447957e-01 -3.3256492733e+00  1.4598582370e-01    3.7720493055e-02  6.3568641125e-03 -4.2178818451e-02    2.4414062500e-04
 8.1076980159e-01 -4.7129368247e-02  4.7788059517e-01   -5.7360149029e-01  1.7511404195e-02  2.2005528064e-01    2.4414062500e-04
 5.2547975753e-01 -6.2389456546e-01  4.7399547681e-01   -4.3790920428e-01 -1.8308287379e-01  5.5232862229e-01    2.4414062500e-04
-4.1209395884e+00  8.3172925968e+00 -2.2825743550e+00    7.8623853467e-02 -7.1545826434e-02 -7.6691035888e-02    2.4414062500e-04
 1.3961230216e+00  6.0195142614e+00 -8.8940340469e-01   -7.2035407968e-02 -3.2200610966e-02 -1.0949111362e-01    2.4414062500e-04
-1.8960464041e+00  3.7110041320e-01  1.4131760266e+00    1.2976993000e-01 -1.0944594345e-01  2.6565492508e-02    2.4414062500e-04
 1.1346035349e+00  1.0785138579e+00 -1.0968317159e-01   -1.2766960404e-01 -9.9614958927e-04 -4.5819885392e-01    2.4414062500e-04
-3.0563936727e-01 -1.1750542910e+00 -7.6349384625e-01   -2.7418492942e-01  7.4819389536e-03 -1.0676326572e-01    2.4414062500e-04
 5.7402030616e-02  1.1329736032e+00  1.4501276640e+00    3.0097161506e-01  1.0164456645e-01 -2.6877852396e-01    2.4414062500e-04
-1.5635047792e+00 -1.0300978834e+00  3.3690449597e-01   -2.3183326072e-01  1.6578886013e-01 -9.0937210724e-02    2.4414062500e-04
 3.0023003144e-01  4.0674306308e-01 -7.7272621640e-01   -1.1398438060e-01  9.7478079297e-02  1.2431574377e-01    2.4414062500e-04
-1.0922206402e+00  9.9891839356e-01  1.2236560733e+00    1.1030192941e-01  2.3983028172e-01  9.1481323371e-02    2.4414062500e-04
-4.0981282548e-01  1.6093824350e-01  6.5553924852e-01   -1.2163674233e-01  3.3490862720e-01  1.7606721917e-01    2.4414062500e-04
 3.3299799543e-01 -6.6328380314e-01  2.3637177150e-01    6.0666279979e-02  3.1022738037e-02 -9.0130865212e-02    2.4414062500e-04
-5.5446459841e+00  2.6441863564e+00 -1.5007033928e+00    2.4910818516e-02  1.9363765483e-01  4.9970443590e-02    2.4414062500e-04
-2.6110568835e+00  2.9761892803e-01 -2.5126914174e+00    8.1832899435e-02 -1.9693993582e-01  8.0222996632e-02    2.4414062500e-04
-3.4462320685e+00  1.9247056907e+00 -2.0800412808e+00    9.3127224966e-02  3.4779821060e-02 -1.2043139542e-01    2.4414062500e-04
 2.5850364194e+00  2.2473768304e+00  1.6570990126e+00   -8.7169781929e-02 -2.9805585188e-02 -3.5418933042e-02    2.4414062500e-04
-1.4027312935e+00  7.2975860464e-01 -9.1861854796e-01    1.6188591968e-01 -1.6063408088e-01  3.2057348107e-01    2.4414062500e-04
 2.5423220493e+00 -2.4156264354e+00 -6.1807718668e-01    6.8145784954e-02  1.8638195406e-01  6.4272269059e-02    2.4414062500e-04
 4.9552928256e+00 -3.5622047956e+00 -2.8059037988e+00   -1.0274193227e-01  2.4265031421e-01 -1.5085274001e-01    2.4414062500e-04
 3.6137660454e+00 -4.3191933767e+00  6.7207937898e+00   -9.0528164419e-02  2.0548371427e-01  2.8729743300e-01    2.4414062500e-04
 2.3906049946e-01 -9.5526478908e-01  1.9853162187e+00    1.7377487417e-01  1.1313161690e-01 -4.2852259297e-02    2.4414062500e-04
 5.4820389911e+00  2.5140864908e+00 -3.2063213199e+00   -1.4953601954e-01 -9.3386430648e-02  6.6607561960e-03    2.4414062500e-04
 3.9508954358e+00 -1.6914588596e+00  3.7104398416e-01   -1.2142774850e-01 -1.4074881364e-01 -5.6372618646e-02    2.4414062500e-04
-1.0842325468e-01  2.7090127023e-01  1.5005097321e+00   -7.0592514776e-02  1.8551263574e-01 -2.0850620695e-01    2.4414062500e-04
-6.9535573352e-01  2.7376651738e+00  1.0115965206e+00    8.7981049274e-03 -2.0195608677e-01  9.8422820101e-02    2.4414062500e-04
-4.9834289340e-01  1.6435361975e+00  5.4729250636e-01    7.4876702955e-02 -1.8140248075e-01 -4.5300311959e-02    2.4414062500e-04
-1.1888722568e+00 -1.8911376801e-01 -7.0716535201e-01   -2.1768283888e-01  1.9573281224e-01  2.3857838181e-01    2.4414062500e-04
-1.7992806056e+00 -1.7260603559e+00  1.8662068816e-01    3.8254182105e-02  3.8095513648e-01 -2.4322926359e-01    2.4414062500e-04
 8.5660863013e-01  3.2829685606e+00  3.4491450221e-01   -8.9804541405e-02 -2.7605509527e-01 -1.6912688667e-01    2.4414062500e-04
 8.4713327087e-02  6.4980364922e-01 -2.1539249709e-01   -3.6310261736e-01 -1.6460730999e-01 -1.9969305305e-01    2.4414062500e-04
 6.5643018835e-01  1.3034923907e+00  1.2671787135e+00    1.2719105908e-02  1.2778661795e-01  2.0503174950e-01    2.4414062500e-04
-1.8123283145e+00 -9.2086220690e-01 -1.0674960397e-01    1.8049896517e-01 -4.0898073788e-02 -1.8064292597e-01    2.4414062500e-04
 8.9216523392e-01  1.3753385641e+00 -9.7366601631e-02   -4.8385997634e-02  1.4702839853e-01 -4.5225025634e-01    2.4414062500e-04
 3.4595373137e+00  1.5379803381e+00 -1.5301208878e+00   -3.1014976309e-01  1.9552040312e-01  2.3872015171e-01    2.4414062500e-04
 7.9602692979e-01 -1.2586845445e+00 -5.5959575520e-02    4.5774247443e-03 -2.1526706045e-02  7.9859779574e-02    2.4414062500e-04
-2.6242968661e+00  2.9029996125e-01  1.5321335130e+00   -3.3903270751e-01  9.4342653142e-02  1.4623062930e-01    2.4414062500e-04
 1.7270875400e+00 -5.0630514677e+00  7.7342362924e-01   -2.7499260558e-02 -1.5562325606e-01 -2.5433607967e-01    2.4414062500e-04
 4.7018916164e+00  5.8949568930e+00  4.7781286860e+00    7.9411312257e-02  1.1798495936e-01 -5.2745764892e-02    2.4414062500e-04
 7.6056017639e-01 -1.0720697728e+00  4.0325219182e-05   -4.1262602104e-01 -2.1702009158e-01  1.1892385227e-01    2.4414062500e-04
-1.3417148650e+00 -1.2918978709e-02  6.6405831299e-01   -1.4800998554e-02  2.7484248944e-02  2.2723257326e-01    2.4414062500e-04
-1.1917589281e+00 -6.3351673362e-01  9.3430546045e-01   -1.9812778096e-01 -2.6117298956e-01  2.4185258860e-01    2.4414062500e-04
-1.4757423450e+00 -1.0954643994e+00  3.0510878790e-01   -4.0810507011e-01  1.9338554188e-01 -3.4586866689e-01    2.4414062500e-04
 1.1742617478e+00 -1.8043527613e-01 -1.2738614101e+00    8.3107574933e-02 -4.1908752610e-01 -5.8115305882e-02    2.4414062500e-04
-1.8030092959e+00  4.0573957760e-01 -3.3744756492e+00    4.4549428747e-02  2.2563598840e-02 -5.3000736617e-02    2.4414062500e-04
-8.3480885965e-01 -8.2967250657e-01  2.1540726542e+00   -2.0020041378e-02 -7.2665411897e-03 -2.6727778001e-02    2.4414062500e-04
 5.0023133190e-01 -3.5066950576e-01 -4.7362043052e-01   -3.3411933064e-01 -4.5943068349e-01 -2.2984750603e-01    2.4414062500e-04
-1.3852875371e+00  1.9416044456e-01 -3.2056753461e-02   -1.3326231208e-02  2.0574673935e-01  2.4372006680e-01    2.4414062500e-04
-1.2046860532e+00  3.9293022608e-01  9.9535553342e-01   -1.1070024502e-01 -2.8030797775e-01  2.5766019655e-01    2.4414062500e-04
 1.6816330428e+00  1.7360462704e-01  4.3428060600e+00    1.8929656323e-01 -3.5337531322e-01  1.2137042140e-01    2.4414062500e-04
 5.0953566752e-01  4.5619226713e-01  1.0518515441e+00    2.7284791012e-01 -1.4556177540e-01  1.3125338916e-01    2.4414062500e-04
-6.2972436869e-01  8.3601241557e-01  1.1647366743e-01    1.0159266925e-01  1.3692301849e-01 -1.1586603265e-01    2.4414062500e-04
-1.0074562375e-01  1.9720221779e+00 -2.7496919860e+00    7.5945571384e-02 -1.6134974362e-01 -1.9130816072e-01    2.4414062500e-04
-7.0284200754e-01  4.7195584047e-01  5.0662109330e-01   -3.9081974186e-02  2.6032133548e-01 -6.2449992407e-02    2.4414062500e-04
-3.1417402769e+00 -3.0060266651e-01 -2.1409990859e+00   -1.7714961552e-01 -1.1017978866e-01 -4.5125838122e-01    2.4414062500e-04
-3.4910327225e-01 -9.5607837945e-01  8.1182938406e-01    1.4237046489e-01  1.3053164859e-01  3.3223427185e-01    2.4414062500e-04
 6.8365503681e-01 -2.9592277576e+00  1.2716874836e+00   -7.7667156909e-03 -1.9703255284e-01 -4.1589754505e-02    2.4414062500e-04
 4.8784939688e-02  1.2219314681e-02 -1.9501800141e+00   -1.2714943766e-01 -1.8678659385e-02 -8.5713457922e-03    2.4414062500e-04
-6.5795760799e-01 -8.7595397379e-02 -5.5918294831e-01    1.6795957130e-01 -6.6295008040e-02 -1.1537380515e-01    2.4414062500e-04
-1.7584845645e+00  2.1226427306e+00  2.7392124962e+00    1.1675415416e-02  2.1144647438e-01  1.6590642436e-01    2.4414062500e-04
 3.3661460038e-02  2.2305145692e-02 -2.6164425487e-01   -2.1914888263e-01  5.0343582982e-02  2.1566888366e-01    2.4414062500e-04
-6.3702219717e-01 -3.2077986493e+00 -2.7870173293e+00   -1.7014385831e-02 -7.1767888541e-02 -7.7714048048e-02    2.4414062500e-04
 2.7944613614e+00 -6.2350218778e+00  3.1491416677e+00    7.1160385935e-02  5.1666937667e-02  1.5490560769e-01    2.4414062500e-04
-7.0166950599e-01 -9.8517337086e-01 -6.5449131561e-01   -1.8589540847e-01  4.7176054912e-02 -3.3561509881e-02    2.4414062500e-04
-1.2987141147e+00 -8.1237411991e-02  2.1591067238e+00   -3.1696676245e-03  5.4838585879e-02  3.1133962114e-02    2.4414062500e-04
 3.9750555203e+00 -7.2493218354e-01 -5.1469995905e-01   -1.8228888373e-02  1.6399736946e-01  4.2049443746e-01    2.4414062500e-04
 1.3209622941e+00  1.0426910848e+00 -8.3493417547e-01    3.1246574257e-01 -1.8326661485e-01 -7.3781115531e-02    2.4414062500e-04
 1.3393899273e+00  8.1553372033e-01  2.7850768148e+00   -1.8724717337e-01  2.2679584616e-01 -1.7653832333e-01    2.4414062500e-04
 6.8524216256e-01  4.7038579110e-02  2.0412338824e-01    6.6730507298e-02  4.1404400405e-02  3.0508433348e-02    2.4414062500e-04
 1.9524435795e-01  4.9771962717e-01 -1.8010345819e+00    2.6663493245e-02 -1.3855833305e-02 -6.0988999174e-03    2.4414062500e-04
-4.9385238286e-01  9.4185842619e-01 -1.4293644977e+00    1.9136891025e-01  1.7292103825e-02  2.9687614510e-01    2.4414062500e-04
 2.7092689908e+00  2.0774622070e+00 -1.4108205072e+00    3.3438697375e-01 -1.2816882981e-01  1.1337339141e-02    2.4414062500e-04
 2.8688662083e+00  1.4202806637e+00  1.1116121717e+00    5.5975856302e-02 -1.3105856331e-02  4.6961811038e-01    2.4414062500e-04
 3.5528356887e+00  4.9461859902e-01 -1.1761753293e+00    1.6230996962e-01  1.4755224633e-01 -2.9309739477e-01    2.4414062500e-04
 3.8845656307e+00  2.2011831728e+00  5.0280522606e+00   -9.1536468699e-02 -1.6721699222e-01 -1.1513659419e-01    2.4414062500e-04
 3.4675339002e+00 -3.6146139811e+00 -7.9227372512e+00   -1.7258542493e-01  1.0118594104e-01 -2.0251217900e-01    2.4414062500e-04
-5.4434811340e-01 -5.1908977040e-01  6.6883923040e-01    1.3414299265e-01 -1.3993147337e-01 -4.2289952217e-01    2.4414062500e-04
 2.6857538126e-01  1.2961318714e+00 -3.1216771150e+00   -4.5119377758e-02  1.9718557463e-01 -5.5097020975e-02    2.4414062500e-04
-1.4196992198e+00  1.2794609902e+00  4.5673254341e-01   -4.9649967593e-01  9.7729719744e-02  7.9786616271e-03    2.4414062500e-04
 1.0677510988e+00 -1.4852051656e+00  1.1362665506e-01   -2.3593360558e-01 -3.5906777442e-02  1.0404145207e-01    2.4414062500e-04
 2.0280945652e+00 -3.2470728116e+00  3.8451478533e+00   -1.2855569760e-01 -1.3856198030e-01  3.0865812531e-02    2.4414062500e-04
-5.4028854481e-01  9.5207451437e-02  2.7116322083e+00   -2.4345984335e-01 -1.4684997959e-01 -1.2885022998e-01    2.4414062500e-04
-1.9268297658e+00  8.8152420288e-01 -9.6037321761e-01    6.5623418812e-02  4.3867905168e-02  6.4036423815e-02    2.4414062500e-04
-5.9881424042e-01  2.9244162836e-01 -1.2053787568e+00   -7.5726039322e-03 -1.5234333946e-02 -4.5268506043e-02    2.4414062500e-04
 9.5416838268e-01 -4.0425176570e+00 -4.0500992333e-01    6.1177779946e-02 -3.0304881884e-02  8.4192246687e-02    2.4414062500e-04
-4.4489847417e+00  4.5396509124e+00  3.4211465308e-01   -3.9049351399e-03  7.4680881717e-02  6.8606696631e-02    2.4414062500e-04
 6.4151991226e-01 -2.7608823104e+00  2.1423310335e+00    8.7379913856e-02 -1.6411695171e-01  1.3465812588e-01    2.4414062500e-04
-1.7001531236e+00  2.8542055060e+00 -2.3493867921e+00    3.1702062123e-01  7.1653126782e-02 -2.2530894529e-01    2.4414062500e-04
 7.3227894276e-01  5.9950362375e-01  7.1062458030e-01    7.6829996672e-02 -1.4972579513e-01  1.6708296876e-01    2.4414062500e-04
-1.6561719394e+00 -6.4244732546e-01 -4.2948598501e-03    9.3955821020e-02  4.3643912412e-01  2.8765451123e-01    2.4414062500e-04
 8.2517106244e-01  2.4107442656e+00 -2.6039365270e-01    1.3304170232e-01 -6.7732421020e-01  4.1597178569e-02    2.4414062500e-04
-2.2371320722e-01 -1.5070609405e+00  4.4727900102e+00   -1.7919053987e-01 -1.6289395699e-01  2.1176646580e-01    2.4414062500e-04
-5.2194743876e-01 -5.7326351950e-01  5.8815464034e-01   -1.7279524529e-01  3.6383530464e-01 -3.9964134435e-02    2.4414062500e-04
-2.0932693158e-01  1.5262999266e+00  5.6770028981e-02   -2.4623001184e-02 -9.4465179365e-02 -3.1449466373e-02    2.4414062500e-04
-8.2184897164e+00 -1.7721539142e+00 -6.8469824006e+00   -1.8121639181e-02  8.9943244725e-02  1.1745573914e-02    2.4414062500e-04
-4.2663761398e-01 -8.0822819475e-01 -6.6138656521e-01    7.1478649889e-02  1.1767987227e-01  2.2107349761e-02    2.4414062500e-04
-3.2476840143e+00  8.9729207149e-01 -2.3702182050e+00    5.5948235376e-02 -2.4354799734e-01  2.0269784659e-02    2.4414062500e-04
 1.6004861702e+00  1.1540950882e+00 -1.1573227854e+00    2.0297616972e-01 -4.1488803294e-01 -9.1127345444e-02    2.4414062500e-04
 1.6825897716e+00 -2.2235386600e+00  5.9988522029e+00    2.2228976607e-01 -1.4194011589e-01  3.8353252125e-02    2.4414062500e-04
 2.9480927311e-02  2.6259887904e-01 -8.5004298766e-01    1.3901434271e-02  1.2185092261e-01  5.0824423350e-01    2.4414062500e-04
-2.3922364347e+00 -3.0412533872e+00  1.4097654841e+00    2.1855512005e-01 -3.1530441719e-02  5.4531851897e-02    2.4414062500e-04
 6.0948992475e+00  8.1171173179e+00 -3.7094726825e+00    4.8370304970e-02 -7.6968700133e-02 -6.7683972794e-02    2.4414062500e-04
 4.2237802282e-01 -3.3923532265e+00  1.6870459820e+00   -5.2725296350e-02  4.2222454055e-02  1.9599334377e-01    2.4414062500e-04
-1.7960931067e+00 -6.3197278557e-01 -4.2839318413e-01    7.3706214730e-02  2.9039058941e-01  4.5276040737e-01    2.4414062500e-04
-6.6876224701e+00 -1.1107587131e+01  2.5923219911e+00   -7.3092193317e-02  6.2498019597e-02 -1.4403847133e-02    2.4414062500e-04
 7.8259491075e-01 -4.8964286459e+00 -3.3942016832e-02   -9.3039165181e-02  2.3047785101e-01  2.6147165631e-01    2.4414062500e-04
 2.6534204966e-01 -7.0883444231e-01 -3.5608838412e+00    9.8263902826e-02 -1.4470659486e-02  1.5535535376e-01    2.4414062500e-04
 2.4178558275e-01 -1.5190772973e+00  5.1847153527e-01   -5.6047855732e-02  1.6468277431e-01 -1.0721486467e-01    2.4414062500e-04
 5.6655199155e-01 -3.2849853861e+00 -2.7357201430e+00    2.6602067599e-01 -1.6224999912e-01  4.1106465728e-02    2.4414062500e-04
-2.4315310133e+00  4.8241474861e+00  5.5482546658e+00   -1.3295844802e-01  6.0238157530e-02  3.7794339075e-02    2.4414062500e-04
 2.8306071795e+00  1.2032201680e+00 -1.5662335414e+00    1.2577500873e-01  2.2036854733e-01 -7.9732989867e-02    2.4414062500e-04
-7.5346254695e-01  1.6657844907e+00  1.1720326308e+00    2.9696094808e-02  5.8681107800e-01 -2.6634653657e-01    2.4414062500e-04
 1.9380654166e+00  1.3487919242e+01 -1.0698951557e+01   -4.6584949321e-02 -8.5941334236e-02  2.9395025989e-02    2.4414062500e-04
 8.4964116825e-01  3.0119834751e-01  2.2015015424e-01    1.0061082076e-01 -2.3763863090e-02 -3.4373109305e-02    2.4414062500e-04
-3.3975707024e-01 -1.7161197643e+00  4.1013755654e-01   -3.0006240574e-01  1.3556449812e-01  6.0995781453e-01    2.4414062500e-04
 1.1765128065e+01 -1.5041066659e+00 -3.6970140202e+00    7.2823639451e-02 -1.6722232268e-01 -1.0553229060e-01    2.4414062500e-04
-9.0343243158e-01  2.6792712970e-01 -3.0810415518e+00    7.3328180592e-02 -2.2497188837e-01  6.5481230511e-02    2.4414062500e-04
 4.5805455776e-01 -4.1881619501e-01  8.4343700092e-01   -1.5555632502e-01  1.7021473937e-02 -4.9507057737e-02    2.4414062500e-04
-2.2427613588e+00  1.4899200021e+00 -1.0872520551e+00   -8.5187398468e-02  6.9283858929e-03  1.4404150972e-01    2.4414062500e-04
 2.7968626087e+01  5.0220122678e+01 -1.1618479179e+01   -4.3713173062e-02  3.3248425050e-02  2.6695464787e-02    2.4414062500e-04
-2.2591307740e+00  6.9836405554e+00 -5.1553919226e+00   -5.1021254942e-02  1.3217616376e-01  1.3155153019e-02    2.4414062500e-04
 8.9141363669e-01 -1.5444385511e+00  1.8462478369e-01   -1.4009706106e-01 -1.3441144717e-01 -9.2050684870e-02    2.4414062500e-04
-1.0938877201e+00  3.0815263924e-02 -1.1092236767e+00    3.8167075637e-02  2.0517830956e-01 -7.5810629017e-02    2.4414062500e-04
-1.0888890588e+00 -9.7277411756e-01 -6.2119365496e-01   -5.8584598532e-03  2.4419110508e-02  1.7372320438e-02    2.4414062500e-04
-1.4176836160e+00  2.2216976818e-01 -2.5153701962e-01    7.9203304762e-02  6.3590003744e-02 -2.0953074265e-01    2.4414062500e-04
-4.4171944809e-01  3.6318433602e-01 -1.2699840074e+00   -1.3007521993e-01  2.3293885964e-01  3.1170346689e-01    2.4414062500e-04
 2.1412450284e-01  4.5169343418e-01  1.7982572443e+00   -7.5684652569e-02 -2.4828429700e-01  5.4721350267e-02    2.4414062500e-04
 4.2427075522e+00 -1.3936207716e+00  1.8275956761e+00   -2.9533748139e-01 -1.1376570028e-01  8.7842065834e-02    2.4414062500e-04
 4.1575524229e-01  2.7958571152e-01 -2.6829211968e+00   -4.1332002257e-01  7.8612234852e-02  1.6148404226e-01    2.4414062500e-04
-1.1884465634e+00  3.2262693008e-01 -8.2351847493e-01   -3.2166061229e-01 -9.3345306692e-02 -5.2775619143e-02    2.4414062500e-04
-2.7539727516e+00 -3.2276895438e+00 -3.5389127353e+00    1.5647750996e-01 -8.4415022502e-02 -1.9920494448e-01    2.4414062500e-04
 1.9441147409e-01  2.2397757316e+00  8.8650281574e-01    4.3702788134e-02  1.5513504008e-02 -2.3950523675e-01    2.4414062500e-04
 6.0763944204e-01 -5.2405978816e-01  9.9690216714e-01    3.3436292395e-01 -3.2839113249e-01  4.1789975365e-01    2.4414062500e-04
 1.5995388922e+00 -2.7098263645e+00 -8.5840232976e-01   -2.5808581118e-02 -4.6519757965e-01  9.2097361337e-02    2.4414062500e-04
 5.7734357165e-01 -2.2483950596e-01 -5.1721137660e-01    2.2638677115e-01 -1.2788028551e-01  1.5386614798e-01    2.4414062500e-04
-3.8162645373e-01  2.9847206154e-02  4.1350237377e-01    7.8798280916e-02 -6.0362970371e-02  5.3063386850e-01    2.4414062500e-04
-6.9336085874e-01 -1.4048753922e+00  4.4419309236e+00   -8.9187423569e-02 -1.0522273951e-02 -3.6043466227e-02    2.4414062500e-04
-2.9554086215e-01  8.9988339949e-01 -1.5725650290e+00    1.0314522136e-01  5.9572021367e-02 -8.1139675072e-02    2.4414062500e-04
-2.9194298200e+00  7.3479118443e-01 -1.1389665856e+00   -1.3918703960e-01 -1.1760905243e-01  2.2085529165e-01    2.4414062500e-04
 1.4431573674e+00 -1.2102119700e+00 -1.3901181349e+00    9.4681818256e-05 -6.9058191957e-02 -7.5683277157e-02    2.4414062500e-04
 2.4223537198e+01  1.4605893077e+01 -1.3667126564e+01   -1.2882539135e-01 -5.0302150668e-03 -7.2419751248e-02    2.4414062500e-04
-5.0701259069e-01 -5.3285383194e-01  5.6345168747e-01    3.0581962538e-01 -2.7633121098e-01  9.0201883052e-02    2.4414062500e-04
 6.4682764743e+00  1.8745876679e+01 -1.7373125957e+00   -1.3441301018e-02  2.6382843642e-02 -3.5054210761e-02    2.4414062500e-04
-9.6553705797e-01 -2.8550302117e+00 -2.1769753219e+00    9.9599523086e-02  2.8283560302e-01  2.9075362820e-01    2.4414062500e-04
 7.9326384737e+00 -3.0817543622e+01 -3.2038110582e+01    5.9973784085e-02  1.6789096524e-02 -1.4681992472e-02    2.4414062500e-04
 7.2146994932e-01 -5.5478173435e-01 -1.0118461497e+00    9.0082211256e-02  1.1114483545e-01  5.7621174789e-02    2.4414062500e-04
-8.0953215091e-01 -1.3445753668e+00 -5.9275258722e-01    3.7739449402e-01 -9.3077702616e-02 -8.9505087742e-02    2.4414062500e-04
-3.0491255212e-01  9.8829694628e-01  5.9019909478e-01    2.2085706587e-01  9.5739400669e-02 -3.6878666721e-01    2.4414062500e-04
-1.5869547902e+01 -1.7218110470e+01  4.8796439797e+00    5.4685176925e-02 -1.5357504248e-01 -1.1968711273e-02    2.4414062500e-04
-4.6069345631e-02  1.4305382451e+00 -1.1206212920e+00   -2.5303004163e-01  2.9687669448e-01  4.7419901077e-01    2.4414062500e-04
 4.3995753190e-01 -1.3179721013e+00  7.3576923966e-01   -6.6818597442e-02  6.8505177309e-02  7.4103810172e-03    2.4414062500e-04
 7.9496740443e-01  2.8072949705e+00 -8.7780646805e-02   -1.2609465600e-01  4.4498284752e-02  2.7661172431e-02    2.4414062500e-04
 6.5958332173e+00  2.0422301146e+00  2.7909176600e-01    3.7598086606e-01  5.3920920166e-02  4.0919298146e-02    2.4414062500e-04
 1.7286530697e+00  1.6060071375e+00  1.7362964072e+00    8.5539644070e-02  1.2266947658e-01  4.1364650231e-01    2.4414062500e-04
 3.7128138734e-01 -2.1400460176e-02 -3.6259328036e-01    5.9284191659e-01  9.4189844303e-02 -1.8044026813e-01    2.4414062500e-04
-3.0952816924e-01 -1.4795030038e+00 -9.7691347257e-01    2.0625783958e-01 -1.9098662532e-01  4.6441324213e-01    2.4414062500e-04
 2.3997409100e+00 -1.5087532539e+00  1.7940987628e+00   -4.3746986247e-02 -7.2579959193e-02 -1.7917761333e-01    2.4414062500e-04
 4.9115889330e-01  2.5285306947e+00 -3.0033739526e-01   -6.5075994989e-03 -1.1158512139e-01 -3.4154445476e-02    2.4414062500e-04
-1.3290273090e+00  3.6172104262e-01  4.9910679608e-01   -1.8123391557e-01 -7.9102601143e-02 -3.8637097065e-01    2.4414062500e-04
 5.0172574388e-01  1.7708353438e+00 -9.2016399751e-01   -9.1666362851e-02 -1.0250504597e-01  4.3273163773e-02    2.4414062500e-04
-1.7409947056e+00  6.8314702101e-01  1.3152053968e+00    3.4239471000e-01 -9.9168513637e-02  4.6437910932e-02    2.4414062500e-04
 2.3217462457e-01  4.6920314798e-01 -1.4277331761e-01   -9.1105115338e-02 -3.6024299850e-02  8.5050211196e-02    2.4414062500e-04
 1.7361215014e+00  3.3142267793e-01  2.8414177349e+00   -9.8582236762e-02 -3.9396317879e-02 -2.5117436415e-02    2.4414062500e-04
-5.0674383583e+00 -2.8943027649e-01 -2.9388080353e+00    3.0916630484e-01  1.6853155777e-01 -3.5130164977e-02    2.4414062500e-04
-4.2159779936e-01  1.2280710123e+00  4.7605244273e-01    4.2666303920e-01 -2.1527579397e-01  3.5437450813e-01    2.4414062500e-04
 3.2374490558e+00  3.7960848658e+00 -2.0098518891e-01   -3.5397226354e-01 -9.2024453812e-02  9.8349305014e-02    2.4414062500e-04
 1.1522971791e+00  1.5654846736e+00  1.1732230190e+00   -2.8100056967e-01  2.4474163227e-01  3.7340713382e-02    2.4414062500e-04
 1.1250689177e+00  5.3380764570e-01 -1.1783950049e+00    8.1477239444e-03 -1.1101904352e-01 -1.9214456757e-01    2.4414062500e-04
 1.5626206326e+00 -2.3090798619e+00  1.0130604245e+00    3.0026302854e-01  3.7861270244e-01  4.9205929014e-02    2.4414062500e-04
 9.2517758828e-01 -6.3026924579e-01 -7.4645732077e-01   -1.6726064288e-01  4.6821163019e-01  1.1894835036e-01    2.4414062500e-04
 9.2855365479e-01  1.5996449195e+00  5.4162943513e-01   -5.2776699958e-02 -1.3440644535e-01 -1.3481897101e-01    2.4414062500e-04
-2.6800492552e+00  4.1850754988e+00  1.6915303297e+00   -8.1133066701e-02 -1.6040133804e-01  9.8810195034e-02    2.4414062500e-04
-9.6480435556e-01  8.5951639878e-01 -1.9165419390e+00    1.7081337421e-02 -2.0419050330e-01 -3.2161610716e-01    2.4414062500e-04
 4.2017630639e+00 -1.0989624920e+01  4.1031636040e+00   -4.3315083462e-03 -4.1846511538e-02 -4.8167739322e-02    2.4414062500e-04
 5.9278829906e-01  1.6481185564e+00  4.4325907195e-01    2.3844988957e-01  2.3329578033e-01 -4.5566155722e-01    2.4414062500e-04
-2.7895361250e-01 -1.1425408958e+00 -9.0724314034e-01    3.5670998666e-01  1.8955128836e-01 -3.4469213755e-01    2.4414062500e-04
 2.3647590341e+00  6.6128185455e-01  1.4770602572e+00    7.3208037871e-02 -8.4972692576e-02 -2.2172143901e-01    2.4414062500e-04
 1.8861040079e+00 -4.5514626389e+00  1.3111522245e+00    1.1418124784e-03 -4.3957473496e-02  3.4826755413e-02    2.4414062500e-04
-8.0170537487e-01 -4.2555833432e+00  2.2051008824e+00   -4.3379143942e-02 -3.4457523672e-01  2.4620695057e-01    2.4414062500e-04
-7.3742329581e-01 -3.5290389741e-01  1.3160454900e+00   -5.1763495982e-01 -1.5878140143e-01 -1.5761480694e-01    2.4414062500e-04
-5.1773206381e-02  4.2915963696e-02  1.4508464715e+00    7.1404818505e-02  2.9163153503e-01 -3.6743203663e-01    2.4414062500e-04
 3.2720275374e-01  7.9717030652e-01 -1.7352316653e+00    2.5656941483e-01 -1.4622399651e-01  4.5836631364e-01    2.4414062500e-04
 5.2437313882e-01  2.0538533422e+00 -7.9968055945e-01   -1.9095005498e-01 -3.0266684233e-01 -2.5235390999e-02    2.4414062500e-04
 1.1549897404e+00 -6.3892027672e-01  5.1293092341e-01   -8.3302728503e-03  2.2545239617e-01 -1.2339920906e-01    2.4414062500e-04
-1.1239947803e-01 -1.2587912229e+00  8.7161067941e-02   -2.9300449893e-01 -1.7605513233e-01  1.1710964202e-01    2.4414062500e-04
-1.2533184274e+00  4.1290264289e+00 -2.1707930280e-01   -3.2808590482e-02 -6.1195055039e-02 -4.5147123473e-03    2.4414062500e-04
 1.5106325208e+00 -9.9157654537e-01 -2.5057502829e-01    1.2541354767e-01  2.8667754214e-01  1.2121727845e-01    2.4414062500e-04
-6.1702800979e+00  2.6145800662e+00 -5.7142690030e+00   -1.2599842660e-02  4.4648162604e-02  4.9143577596e-02    2.4414062500e-04
 2.5304599882e+00  1.8449645280e-01 -1.2263282191e+00    4.3720951071e-02  1.4411778847e-01  1.0118813738e-01    2.4414062500e-04
 2.8709584335e-01  1.8745556341e-01 -6.0318988215e-01    2.3309374689e-01 -4.1350774247e-01 -4.2470141888e-01    2.4414062500e-04
 1.2295896016e+00  3.0256645309e+00 -2.4740629272e+00   -2.8530546688e-02 -3.2477803200e-01 -1.9000414070e-01    2.4414062500e-04
 3.0242303999e-01  1.4091774955e+00 -2.2140667664e-01    3.4271544048e-02 -9.5490654065e-02  8.5676221913e-03    2.4414062500e-04
-1.9556610077e+00  2.3032735290e-01  9.9197826381e-01    1.4274104271e-01  4.9412329661e-01 -1.3979288889e-01    2.4414062500e-04
-5.5140968851e-01 -1.6816984663e+00 -1.3620175882e+00    1.6061685346e-01  1.9585503463e-01  5.7748410763e-02    2.4414062500e-04
-5.0567681215e-01  4.8223836767e-01 -2.6158048481e-01   -3.1505285510e-01  3.7725126009e-01  4.0189511073e-02    2.4414062500e-04
-9.1310320832e-01  1.7472479844e+00 -7.4175277304e+00   -1.7906749301e-01 -2.1117287292e-02  9.4727313045e-02    2.4414062500e-04
-8.5675067029e-01 -1.3796166698e+00  1.9939670139e-01    8.3767658012e-02 -2.5717160504e-02 -4.4814181046e-02    2.4414062500e-04
-3.4974993342e-01 -2.2339687303e+00 -2.0908277192e+00    4.8431321657e-02  3.1692186209e-02 -9.5786917474e-02    2.4414062500e-04
 5.9449077166e-02 -6.3319436927e-01  1.5066759871e+00   -1.2341200579e-01 -6.9858560555e-02  4.0329895983e-02    2.4414062500e-04
 2.8112636433e+00  1.3367583514e+00 -4.5883080940e-01    2.6207724537e-02  1.2978111392e-01  9.9149608854e-02    2.4414062500e-04
-1.1951634051e+00  5.8499054483e+00  8.8843083798e-01   -2.9380021567e-01 -2.6135319138e-01  2.2156221289e-02    2.4414062500e-04
-1.0730632790e+00  5.8254161718e-01  6.1464510641e-01    1.0054945093e-01 -9.6276118923e-03 -3.2625291676e-02    2.4414062500e-04
 6.5596858318e-01 -1.3760810842e+00 -1.5966906202e+00   -4.5318962564e-01 -2.2521145037e-01  1.9075752102e-01    2.4414062500e-04
-9.1793797011e-01 -1.4640908250e+00 -2.0021732578e+00   -1.9249647009e-02  4.2386408289e-01  2.0802726470e-01    2.4414062500e-04
 1.0014354699e+00 -3.0434790174e-01 -2.8324504590e-01   -2.4645455141e-01 -5.9773870548e-02 -4.7313669686e-01    2.4414062500e-04
-6.4865025539e-02 -2.9189939675e+00  8.5381338284e-01   -8.2126835899e-03  1.5820991732e-01  8.2416470437e-02    2.4414062500e-04
-2.0695920599e+01 -9.1028520706e+01 -3.3430605076e+01   -1.1680167493e-02 -2.0116851047e-02 -2.7193555388e-02    2.4414062500e-04
 2.6891847171e+00 -5.1460329656e-01  4.3600419400e+00   -4.0815056351e-01 -7.4671448426e-02  1.0608430409e-01    2.4414062500e-04
 1.7562459002e+00  2.0778090351e+00  6.7427092134e-01    4.6501204659e-01 -9.0686701360e-02 -9.5886811789e-02    2.4414062500e-04
 5.8293161237e-01 -1.2314634544e+00 -2.9735308257e-01    3.3075086082e-02 -2.2861729689e-01  8.2961973712e-02    2.4414062500e-04
 4.9232129726e-01  2.9632086065e-01 -9.3625625692e-01   -3.2807134863e-01  1.1230103279e-01 -3.5607907729e-01    2.4414062500e-04
-2.4865309826e+00 -5.2247049999e+00  3.0211205567e+00    3.0227683423e-04  3.6111910312e-03 -1.3983372827e-02    2.4414062500e-04
-3.4009529934e+00 -2.3390207267e+00  1.3720730616e-01    8.6495094549e-02 -1.1844226104e-01  9.7435669745e-02    2.4414062500e-04
-5.2653164072e-01  1.3658759376e+00 -4.3164306893e+00    3.5196215411e-03  1.2674892138e-02 -3.3556850027e-03    2.4414062500e-04
 3.0087678231e-01  7.5285166800e-01 -2.3307933956e+00    1.4472938168e-01 -4.2711698683e-01 -6.9051450882e-02    2.4414062500e-04
-1.1573666892e-02  8.2644175379e-01  2.4579537410e-01   -1.8470797740e-01  2.8033705334e-02 -2.7409241205e-01    2.4414062500e-04
 5.9537010721e-01 -1.7340422846e+00  2.3252547893e+00   -3.1680786443e-01 -9.2990249720e-02  5.5852892244e-02    2.4414062500e-04
-2.2012001393e+00  7.7412143743e-02 -1.3354154767e+00    1.9060458448e-01  2.4553709921e-01 -2.0844635155e-02    2.4414062500e-04
-6.1537756312e-02  7.2712774227e-01  4.0792128372e-01    6.6817395925e-02  1.4933852538e-01 -3.1634195268e-01    2.4414062500e-04
 6.8837596766e-01  9.1690678283e-01  1.8778361302e+00   -1.6403152492e-01 -1.5630755644e-01 -2.8558292526e-02    2.4414062500e-04
-2.8572146168e+00 -1.7739713491e+00 -8.9092269661e-02    1.6397745746e-01  4.1418962023e-01 -5.2338980232e-02    2.4414062500e-04
-9.8925862378e-01  6.0407220265e-01 -1.9032863689e-01   -1.2732808748e-01  6.7686706454e-02 -1.2888350787e-01    2.4414062500e-04
 6.5578881452e-01  8.2392279773e-01  1.4317369690e+00   -1.6560659135e-01  2.4818515588e-01 -3.3770421043e-01    2.4414062500e-04
 7.4567684085e-01 -9.1539846692e-01 -9.0678573793e-01   -6.1682688766e-02 -2.3323848518e-01 -1.9088360245e-01    2.4414062500e-04
-1.1016530162e+00 -1.0511221955e-01 -4.0445199814e+00   -1.6048551449e-01 -5.1129267649e-02  1.5288796369e-01    2.4414062500e-04
-1.2831591675e+00 -1.5625169402e+00  1.0467897491e-01   -2.6229554511e-01  2.3777337235e-02 -4.5793362620e-02    2.4414062500e-04
 3.0723342923e+00  1.6742465597e+00 -1.9907880221e-02   -1.5418263250e-01  2.7823935932e-01 -3.1871403695e-01    2.4414062500e-04
 2.0841502564e+00 -5.7243810088e-01 -4.2491225063e-01   -6.6214247893e-02  1.1308560044e-04 -1.4078404328e-02    2.4414062500e-04
-6.3836792604e-01  4.5144283529e-01  2.1828796791e+00    2.1790754574e-02 -6.6169431562e-02 -5.7779097342e-02    2.4414062500e-04
-4.2101203969e-01  2.2955470394e-01  1.0615040162e+00    5.0192052322e-02  1.4468441179e-01  1.3856262317e-02    2.4414062500e-04
-2.1658384099e+00  6.1279374007e-01 -1.7877310434e-01   -1.7248637345e-01 -4.7664097386e-01 -3.7595586667e-01    2.4414062500e-04
 1.6792826663e+01 -4.6683595830e+01  3.7388813925e+01    1.0999631266e-02 -1.6457444486e-02 -5.2135721480e-03    2.4414062500e-04
-3.0441583610e+00  2.9897660908e+00  1.0439521142e+00    7.1872909271e-02  6.4164081983e-02 -6.8415623000e-02    2.4414062500e-04
-1.0028339266e+00  2.0438159460e+00 -3.0440815205e+00   -3.0715559972e-01 -3.3515872711e-01 -1.7224593517e-01    2.4414062500e-04
-4.1622414252e+00 -1.4945969090e+00 -2.3739220430e+00   -2.0942136394e-01 -1.1118956239e-01  1.3164208485e-01    2.4414062500e-04
-6.3189705523e-01  5.6453540391e-01 -1.9239378173e-01    3.5349901591e-01 -2.9077009300e-01  3.8571531536e-01    2.4414062500e-04
 1.0769311291e+00  1.3160527240e+00  4.7564314638e+00    3.1746497259e-02  6.8825350675e-02 -6.5289164935e-02    2.4414062500e-04
 1.5571937884e+00 -1.8636104714e+00 -4.2321953282e+00   -2.8409165936e-01  7.0187828589e-02 -3.4455606390e-01    2.4414062500e-04
-3.2611366375e+00  8.9214549849e-01  9.5128375988e-01    1.0762564755e-02 -4.2895167026e-02 -1.6414444175e-01    2.4414062500e-04
-5.3527331549e+00 -4.3957038702e+00  3.9926190460e+00   -7.5552676389e-02  3.5238735807e-02 -8.1273512361e-02    2.4414062500e-04
-3.8848884126e-01  2.6886026257e-01 -6.9318397247e-01    5.2572801110e-01 -5.1644502852e-01  3.7512736172e-02    2.4414062500e-04
-6.9493367531e-02 -6.6731474143e-01  6.7903338724e-01   -1.1686502447e-02 -1.8814560081e-01 -1.2555632694e-01    2.4414062500e-04
-6.7923393090e+00  2.4942032484e+00 -4.2943171567e+00    1.9614609878e-02 -1.9853907220e-01 -2.4100689894e-01    2.4414062500e-04
-1.1849843921e-01  8.4500837885e-01 -2.0514509813e+00    4.4859680617e-01 -2.6147837737e-01  2.7182578009e-01    2.4414062500e-04
-4.0739730768e+00 -9.1801697948e+00  1.3841600284e+00    7.1476813430e-02  3.0356961629e-02  8.6397527234e-02    2.4414062500e-04
-6.4052437760e-01 -2.2451149031e+00  6.0881938509e-01   -8.4053519317e-02 -1.5560812394e-01 -1.3827830034e-01    2.4414062500e-04
 1.2813480739e+00  1.5663732162e+00  1.3226072788e+00    1.5979137875e-01 -1.5058411622e-01 -4.4210916775e-01    2.4414062500e-04
 1.6996467496e+00 -2.7644401631e+00 -3.8649827490e+00    5.3548152436e-03 -5.1331360832e-02 -4.9441763718e-02    2.4414062500e-04
 1.3635874078e+00 -7.5280772401e-01 -1.8685386954e+00    1.7754402513e-01 -6.7658381999e-02 -4.6448138709e-03    2.4414062500e-04
-1.2289920812e+00  3.1471185626e-01  4.0634864372e-01    1.0507443504e-02  2.2315693766e-01 -2.0412422457e-02    2.4414062500e-04
 1.9953578989e+00 -1.0945594230e+00 -3.5086607063e-01   -2.6690129034e-01  1.1379466434e-01 -2.9598921066e-02    2.4414062500e-04
 1.4744480420e+00  4.5183388848e-01 -9.2139910507e-02   -1.3090114753e-01 -4.7546239284e-03 -3.6241985949e-01    2.4414062500e-04
-1.3058849161e+00  2.2916032316e+00 -7.1127278899e+00    7.1170007285e-02 -9.9931192558e-02 -8.1077963666e-03    2.4414062500e-04
 1.2366469545e+00  5.7488609142e+00 -1.3998998013e+00   -6.2689512116e-02 -9.7852143278e-02  3.3376900307e-02    2.4414062500e-04
 6.1316196807e-01 -4.7214015656e-01  8.7745479896e-01   -1.4731151299e-01 -2.6520562297e-01 -3.9574417972e-01    2.4414062500e-04
-6.1620957190e-01  1.8843109382e+00 -4.0270148327e-01    2.3813759521e-01 -1.7731095087e-01 -1.5870411392e-01    2.4414062500e-04
 3.3710173106e+00  3.8702286729e+00 -1.2239546590e+00    9.2442426370e-02 -6.5968010178e-02 -3.8627072278e-01    2.4414062500e-04
-2.1522304276e-01 -1.7123744096e-01 -4.4025896104e-01   -3.0240049904e-02 -1.5932454675e-01 -1.7904082612e-02    2.4414062500e-04
-1.5864282978e-01  7.9479452748e-02 -1.7594366538e-01   -1.4911816168e-01  2.3339847621e-01 -8.1385894945e-02    2.4414062500e-04
 1.3357473902e+00 -4.5807103474e-01 -2.1399568711e-02   -6.2465784267e-01 -1.9549012908e-01  4.7867943482e-02    2.4414062500e-04
 6.1288335389e+00 -1.5974482194e+00  6.5183279780e+00   -2.4314816345e-01  1.9169441587e-01 -8.0261053338e-02    2.4414062500e-04
 2.0731399542e+00  7.1485975639e-01 -1.3543257256e+00    3.7322589903e-02 -4.4991032470e-02 -7.0497719200e-02    2.4414062500e-04
 6.4142780495e-01 -3.3421827928e-01 -1.1143638053e+00    6.2034724288e-02 -9.9986164901e-02  3.0019664571e-01    2.4414062500e-04
 1.2640748819e+00  2.2217317497e-01 -8.3684550007e-01   -2.1690769809e-01  2.6138001710e-01  7.2537558990e-03    2.4414062500e-04
 7.2611795971e-01  8.1248734710e-02 -9.6798543516e-01    1.3335805208e-01 -1.4724565702e-02  2.7230850148e-01    2.4414062500e-04
 2.4980452079e+00 -1.5022031125e+00 -6.3905133643e-01   -3.2351570018e-01  1.8972102746e-01 -2.9350111517e-02    2.4414062500e-04
 1.4945975792e+00  2.5546387705e-01  6.4838127079e-02    1.2824860845e-01  3.0372806930e-02  3.1283289458e-01    2.4414062500e-04
 1.3784244140e+00 -6.1831668398e-01  2.9290213941e+00    2.7680835054e-01  3.7741741188e-01  3.5096489340e-01    2.4414062500e-04
-1.5186540883e+00  8.6614527864e+00  1.3622881838e+01    4.2618282745e-02  2.6264870257e-01 -7.8511637410e-02    2.4414062500e-04
-3.3571541809e-01 -2.6379318341e+00 -1.7223870706e+00    2.9873422517e-01  2.2204974305e-01  2.8438375004e-01    2.4414062500e-04
 9.1778809150e-02  5.8510969742e-01 -1.4594530085e+00   -2.0247877048e-02 -3.4682141929e-01 -2.8138208867e-01    2.4414062500e-04
 4.6490293062e-01 -3.6260192212e-01 -1.1327126189e+00    3.3947800749e-01 -4.0230305592e-01  3.4980347830e-01    2.4414062500e-04
-3.3340212736e-01  4.9777429168e-01 -1.6122530604e+00   -4.9500515535e-01 -2.1815996557e-01 -1.4144786448e-01    2.4414062500e-04
-2.0629475993e+00 -4.9860648221e-01 -1.2009317840e+00    6.1332193556e-02  1.0815098713e-01 -3.8014789431e-01    2.4414062500e-04
 1.2221877606e+00  8.0992544887e-01  6.0571275348e-01   -2.1794849101e-01  8.9591599048e-02  4.3119458048e-02    2.4414062500e-04
-1.9512822204e-01 -1.4645416678e-01 -1.6701719584e-01   -1.8919293479e-02 -7.0892509946e-01  5.2801254443e-02    2.4414062500e-04
 4.6623662030e+00  1.2495062026e+00 -1.0089593898e+00    3.4247839317e-03  4.9787660870e-02 -4.5277223300e-02    2.4414062500e-04
-2.5370536853e-01 -2.7553918542e+00 -5.6096109073e-01   -1.4540760145e-01  4.1228276209e-01 -1.7585802269e-02    2.4414062500e-04
 3.2319432157e+00  1.1246668410e-01 -2.5780469224e+00   -3.7957679848e-02  7.4693838826e-03 -5.9524205898e-03    2.4414062500e-04
 1.6937058333e+00 -9.6940673801e-01 -9.2061390009e-01   -7.3714733420e-02  5.8679223946e-02 -3.3559164988e-02    2.4414062500e-04
-7.1998332061e-01  1.4115373422e+00  2.1210267937e-02   -2.7887724454e-01 -2.2498928965e-01 -1.2740471529e-01    2.4414062500e-04
-3.1281677863e+00 -7.6725890675e-03  2.7636335605e-02    4.1206691677e-01 -6.7547461720e-03  1.8490938620e-01    2.4414062500e-04
 4.5415745723e-01  1.8384293178e+00  1.3747207710e+00   -4.0138872840e-01  2.4278469184e-01  4.4075206952e-01    2.4414062500e-04
-1.1527963581e+00  1.2906424600e+00  3.0670528614e-01   -3.1142147100e-01 -3.7470540227e-01 -2.7878363776e-01    2.4414062500e-04
 4.6456931239e+00  3.4897660263e+00 -1.6187959794e+00   -1.3467850739e-01  3.7362093897e-02  1.4065245753e-01    2.4414062500e-04
 1.4761232643e+00  1.3944621688e+01 -2.7994757609e+00   -1.1315978849e-01 -6.1600356388e-02 -9.2738103217e-03    2.4414062500e-04
-2.3340370349e+00  3.8372689390e+00 -1.6657038126e+00   -1.0769117571e-02 -1.4511761430e-03  5.5364608031e-02    2.4414062500e-04
 5.4501796678e-01  5.0660018439e+00  5.3503157872e+00    3.0637337332e-02  1.6779403510e-01 -3.1458547463e-01    2.4414062500e-04
-2.0077960424e+00 -2.2272377980e+00 -6.8980608315e-02   -3.5568271936e-01  1.6156609301e-01  3.1820684930e-01    2.4414062500e-04
 2.6365370336e-01 -8.0270129564e-01 -1.3169749756e+00   -6.1355963554e-02 -3.8128452499e-01  4.4142087417e-02    2.4414062500e-04
-7.7104369423e-01 -5.6334668580e+00 -6.6475701514e-01   -2.6739057824e-02 -2.8920721040e-02 -6.1743293026e-02    2.4414062500e-04
-2.9480326391e+00  9.7457050313e-01 -2.6453529627e+00    2.8344802187e-01  5.6420103208e-02  8.0916151945e-03    2.4414062500e-04
 9.9484539659e-01  1.8875825565e-01  8.2187814691e-01    1.1247260640e-01 -6.9730278047e-01 -3.4433538043e-01    2.4414062500e-04
 2.1373273990e+00 -1.0572916697e+01  1.5233659280e+01    1.0164442708e-01 -4.9021814235e-02  5.4113982490e-02    2.4414062500e-04
-1.5438275014e-02  6.8150736868e+00 -7.1062540745e+00   -8.6747462094e-02  2.2201758208e-02 -6.2122090340e-03    2.4414062500e-04
 4.2478587713e-01  3.0885850020e-01  2.0581115324e+00    1.5137638801e-01  3.3053909434e-02  3.4427630457e-01    2.4414062500e-04
-1.5062876382e+00 -1.4314136349e+00  9.8102293094e-01   -3.5776133674e-01 -2.3182559421e-01 -1.6315504223e-01    2.4414062500e-04
 1.7692289029e+00  1.1067105602e+00  9.9980691032e-01    7.6576090701e-02 -8.1836835848e-02 -1.0789339934e-01    2.4414062500e-04
-2.2509454580e+00  6.6046027391e-02 -1.2285976050e+00   -4.2285944829e-01 -2.4170635771e-01  1.2339515185e-02    2.4414062500e-04
-1.2669880814e+00  9.2127088334e-01 -5.9939991848e-01   -8.7698120795e-02 -7.9109690550e-02  1.3173824387e-01    2.4414062500e-04
-2.5800451614e-01 -4.4310144073e-01  1.1670140868e+00    1.5316652725e-01 -4.3231200382e-01  2.8899796371e-01    2.4414062500e-04
 4.7239878428e+00  3.3691366253e+00  7.8652305672e+00   -1.3036616832e-01 -7.2435684064e-03  1.3703211276e-01    2.4414062500e-04
 1.8477632067e+00  2.2380242421e+00 -2.2694897539e+00    1.0880965538e-01  9.8846034958e-03  1.3155300224e-01    2.4414062500e-04
 3.4710856269e+00 -1.9890515826e+01  3.0114354592e+00   -1.0928426854e-01  3.9729660019e-02  2.8047842098e-02    2.4414062500e-04
-3.0590262410e+00 -8.3472529557e-01  2.0836559495e+00    1.1860026115e-01 -9.9820241262e-03 -6.5967293499e-02    2.4414062500e-04
-1.8122265788e+00  1.5780475221e-01  3.0869861168e-01    5.9415578976e-02  1.9401064610e-02  5.5870104714e-03    2.4414062500e-04
 2.6040597016e+00  4.3146980636e-01 -4.2718659302e+00    4.2273442158e-02  3.0506754480e-01 -2.4962280073e-02    2.4414062500e-04
 1.6264508363e+00  4.2812075156e-02  3.3329578546e-01    1.3890229641e-01 -2.6751798053e-01 -9.7700172422e-02    2.4414062500e-04
 5.5047167780e+01 -4.0976534818e+01 -1.6243857186e+01    1.1587781400e-02 -1.4763214671e-02  5.0796637641e-04    2.4414062500e-04
 2.0888630802e+00  4.0574658776e-01 -4.7757865072e-01   -3.2410477444e-01  1.4455869457e-01  3.0645517538e-01    2.4414062500e-04
 1.4551514267e+00 -1.6182965647e+00 -4.1437458569e-01   -2.4707042119e-01 -1.1993577327e-01 -6.5015013637e-02    2.4414062500e-04
-1.0631522345e-01 -3.6153621163e+00  8.2654278652e-01    1.3208806224e-01  2.6034685535e-01 -1.2504731548e-01    2.4414062500e-04
 8.9076438976e-02 -1.6720871226e+00  5.0744388646e-01    3.7479378545e-01  1.0152993672e-01 -3.1314093247e-01    2.4414062500e-04
-2.2592137954e+00  5.3357813366e-01 -7.9176665327e-02   -1.9375269963e-01  3.5140057401e-01  3.4004289767e-01    2.4414062500e-04
-1.0349670182e+00 -5.7661640941e-01 -1.4877410255e+00    4.5456144690e-02  1.7426967299e-02 -1.7593659194e-01    2.4414062500e-04
 2.9064412429e-01  5.0273192885e-01  3.8912565587e-01    1.7839365959e-01  2.7305670458e-01 -4.9226198801e-01    2.4414062500e-04
-7.7489193456e-01 -2.7348322675e+00 -8.5142422804e-01   -4.3556005252e-02  2.4360387903e-01  6.4567041675e-02    2.4414062500e-04
-2.0403776077e+00  2.0384074102e+00 -8.4434543679e-01   -2.4814291677e-01  4.5817176615e-01 -5.4000039006e-02    2.4414062500e-04
-1.4693033585e+00  4.1215960421e-01 -1.1944635389e+00    4.8262364935e-01  2.5838866176e-01 -2.7993381745e-03    2.4414062500e-04
-3.1005320672e-01  1.4593433918e+00  1.5241037843e+00   -3.0097171714e-01 -2.2699469946e-01 -2.1199839804e-01    2.4414062500e-04
-3.6045974542e-02 -5.8866150983e-01 -1.9632667149e-01   -2.3842769403e-01 -4.1667535574e-01  3.7356940381e-01    2.4414062500e-04
 2.3608136607e-01  1.2207846190e+00 -1.3995982045e+00   -2.1783248179e-01  3.5674689017e-01 -9.5302878792e-02    2.4414062500e-04
 3.5746167477e+00 -1.8054343065e+00 -1.3056368656e+00   -5.6710986568e-02 -6.9591072770e-02  1.0249337704e-01    2.4414062500e-04
-7.9351649205e-01 -6.2903781057e-01  2.3429297451e+00    6.9598753899e-03  4.3725311659e-02  5.3069171491e-02    2.4414062500e-04
 1.1483766258e+00 -3.3731038252e-01  7.7515454202e-01    1.3484828262e-01  4.1020704165e-01  1.1688890811e-01    2.4414062500e-04
-4.3104253733e-01 -9.7206852392e-01  2.5599273073e-01    1.4026740844e-01 -2.3819091253e-01  6.6259282622e-02    2.4414062500e-04
 2.5647696237e+00 -1.3318287537e-01 -2.1256617284e-01   -2.1291010147e-01  3.2066212943e-01 -2.8718147419e-01    2.4414062500e-04
-1.7838816650e+00 -1.5797431676e+00 -2.3819408427e-02   -2.0868546050e-01 -5.1208795535e-02  2.6921748803e-01    2.4414062500e-04
-6.3086548801e-01 -1.6578453355e+00 -1.5199935190e+00    2.6003252296e-02  5.1583637754e-03 -7.6427597041e-02    2.4414062500e-04
-5.2547004713e-01  7.1851307625e-01  2.9850181924e+00    3.2535868098e-03  4.0160315997e-02  2.3130839719e-01    2.4414062500e-04
 1.2301431215e+00  6.8687813797e-01 -1.4531338099e+00    3.6914159938e-02 -2.1798098181e-02  2.0995154832e-01    2.4414062500e-04
-1.6933228567e+00  1.2285172083e+00  5.5424159030e-01   -1.1471289071e-02 -1.5420982540e-03 -8.1679076930e-02    2.4414062500e-04
 6.0554744308e-01 -1.3774263168e+00  1.1265475419e+00    6.6108092201e-02 -7.1642187855e-02 -9.6399251149e-02    2.4414062500e-04
 4.9897935737e-01  1.5464329829e+00 -2.8772289637e+00   -5.3308519047e-02  2.8841527663e-02 -2.2190288355e-02    2.4414062500e-04
-3.7027386843e-01 -7.5215542187e-02  5.4003748909e-01    6.3708991109e-02  8.4341666507e-02  1.8750124672e-01    2.4414062500e-04
 3.5179076653e+00 -1.1826502667e+00  1.2861881080e+00   -2.2802058038e-01 -2.0640651125e-01 -1.9108149509e-01    2.4414062500e-04
 1.2302984204e+00  4.7866812891e+00 -1.3154015710e+00    6.3238669666e-02  2.0999582332e-02  2.9828609600e-01    2.4414062500e-04
 1.6777659712e+00 -2.7266013697e-02  1.2736867626e+00    2.2198908581e-01  1.2772307992e-01 -4.7188128240e-01    2.4414062500e-04
 8.1550110935e-02  6.9459519492e-01 -1.9505605700e-01   -1.2131667963e-01  1.6573147066e-01  3.4800486413e-02    2.4414062500e-04
 2.8287075097e+00 -1.4505015626e+00  2.2856303911e+00   -7.1430575216e-02 -1.3307644852e-01  2.5675364041e-02    2.4414062500e-04
-1.9222176695e+00  1.6195129510e+00 -2.2101694588e+00    4.2906997655e-03 -1.2264142200e-02 -2.8863644387e-01    2.4414062500e-04
-1.0443513271e+00  4.2346741975e+00  9.2847215885e-01    1.3541739578e-01 -1.2101206153e-01  9.3110172342e-03    2.4414062500e-04
-8.4382168401e-01  3.0655010127e-01  8.1085821419e-01   -4.0912451347e-01 -4.0905037457e-01 -1.6466236331e-01    2.4414062500e-04
 2.4837345880e+00 -1.6040672733e+00  3.8340473032e-01    2.9124497274e-01 -2.5419115524e-01 -2.2911072908e-01    2.4414062500e-04
 1.2590541026e+00  1.1433898032e+00 -1.3642719922e+00   -3.2503308085e-01  4.0067999718e-01 -6.3588863974e-03    2.4414062500e-04
 3.9165750658e-01 -5.2745156503e-01 -4.8329101781e-01   -5.9289581193e-02 -4.7283672658e-01  1.1777792955e-01    2.4414062500e-04
 7.7074240225e-03 -2.1510616870e+00  2.5414676376e+00    3.2283271369e-02 -6.0210062235e-02 -3.9389965915e-02    2.4414062500e-04
 1.3300210389e-01 -2.1581241077e+00  1.4119975709e+00    7.1717125835e-03  3.2037693941e-02  1.0319559857e-02    2.4414062500e-04
-4.5704896837e+00  1.4978211213e+00  1.5272967710e+00   -2.8558582122e-02  1.8232405980e-01  2.7209387246e-01    2.4414062500e-04
 2.8136536674e-01  2.0344429878e+00 -3.1279966142e-01    5.4993923838e-03  1.3161649322e-01 -1.3923157607e-02    2.4414062500e-04
-1.7853623843e+00  1.0023553931e+00 -7.8284368701e-01    1.6750995460e-01  1.4292241024e-01 -1.0889187956e-01    2.4414062500e-04
-3.1570630180e-01 -1.4433506401e+00 -4.9888440664e-01    5.7115009264e-01 -2.6340326961e-01  3.7086288513e-02    2.4414062500e-04
-2.3082256708e-01 -2.1552124212e+00  1.2220502906e+00   -1.7949032614e-02 -1.6556659328e-01  7.8354718020e-02    2.4414062500e-04
-2.3386386529e+00 -4.2762266406e-01  5.0147588328e-01   -5.1482996876e-01 -4.4771318047e-02 -1.4503569302e-01    2.4414062500e-04
 2.3984552068e-01  9.5115813169e-01 -1.8056098690e-01    3.2630437409e-01 -3.1629880742e-01 -2.4571623765e-02    2.4414062500e-04
 5.8536223946e+00  7.5096716046e+00  7.2502626587e+00   -7.6286432281e-03 -4.2550972609e-02 -6.4815270512e-02    2.4414062500e-04
-5.2984630516e+00  2.6070940496e-02 -3.8360346773e-01   -2.3232305247e-01 -6.8827964509e-02  8.3784228127e-02    2.4414062500e-04
-4.6303016286e+00  1.3210069276e+00  3.3837456020e+00    1.1410488913e-01 -4.1026626196e-02  1.0586450007e-01    2.4414062500e-04
 8.2684444986e-01  2.2736587541e+00 -1.0497262828e+00    4.1983948299e-01  4.7673343154e-01  1.7015159666e-01    2.4414062500e-04
-9.7314712135e-01  1.7395529194e+00 -7.2877199972e-01   -1.1344918339e-01  3.8536538487e-01  2.1405445403e-01    2.4414062500e-04
 1.8250108184e-01  9.8828126779e-01 -3.9530531737e+00    9.3048736615e-02 -6.0061772469e-02  2.0524582817e-01    2.4414062500e-04
-1.9590442401e+00  1.8935149962e+01  1.1427876192e+01   -4.8979630309e-02 -4.4377783324e-02  9.1350176276e-02    2.4414062500e-04
-1.9732874089e-01  1.6470856894e+00 -4.0889219587e+00   -6.5822235562e-02 -1.2911517551e-02 -3.9056172390e-01    2.4414062500e-04
 6.1231093339e-01  9.0211984813e-01 -1.6912643058e-01    2.8107507814e-01 -1.9028815153e-01  3.8601417394e-01    2.4414062500e-04
-3.3849078891e+00 -3.5326421994e+00 -3.1138182686e-01    2.0572159784e-01 -1.5847524421e-02  1.3832847282e-01    2.4414062500e-04
-9.0395243548e-01  1.4582971738e+00 -1.6955763897e+00    3.2228965742e-02 -4.5298735725e-02  4.7225413468e-01    2.4414062500e-04
-4.0894186208e-02 -3.3760331574e-01  2.2931655611e-01   -3.2284696458e-01 -2.4838651454e-01 -3.2596289049e-01    2.4414062500e-04
 1.3067798067e+00  7.2085257198e-01  8.7452196441e-01   -3.2034713253e-01  2.4026354212e-01 -9.4389548300e-02    2.4414062500e-04
 6.3371507351e+00 -5.4687621145e-01  4.3525418454e+00   -4.4852719405e-02  9.6839935456e-02  5.5749645490e-02    2.4414062500e-04
 1.3473605691e+00  6.6100034655e-01 -2.0956475299e+00    8.7474396963e-02  5.8103053733e-02 -2.7018066615e-02    2.4414062500e-04
 3.4974406403e+00 -2.1477636162e+00  1.3636987432e+00   -1.1884915853e-02  1.0854603774e-01 -1.9338099447e-02    2.4414062500e-04
 1.7016067910e+00 -1.4223237679e+00  7.6616368906e-01    1.1566193535e-01  1.8708461439e-01 -1.4652155411e-01    2.4414062500e-04
-9.0278673620e-02  2.3968624408e-01 -3.1552889497e-01   -5.1318213636e-02  5.5851527500e-02  2.7262490236e-01    2.4414062500e-04
 1.3909742076e+00 -2.6653207492e+00 -8.3037138336e-01    7.0713295859e-02  1.1866157310e-01  8.5841613391e-02    2.4414062500e-04
 1.0655845825e+00  9.5413365115e-01  1.1474582857e+00   -5.2294546674e-01 -3.2312523556e-01  2.3543112908e-01    2.4414062500e-04
 4.1205017051e-01 -1.0485745439e+00  2.7425506616e-01   -8.0066939473e-02 -5.2730028252e-02  2.0270419006e-01    2.4414062500e-04
-4.7652641939e-01  2.4231556408e+00  2.9000533074e+00   -2.5091258980e-01  3.1514143368e-02  6.1122257137e-02    2.4414062500e-04
-2.1221180026e+00  2.4402882159e+00 -8.0985472212e-03   -1.9572540508e-02  5.7634483019e-02  2.6071722705e-02    2.4414062500e-04
 4.4324640356e-01  1.1972506561e+00  1.1283047330e+00   -1.3393838752e-01  5.9642732940e-02  3.0002524487e-01    2.4414062500e-04
-3.7535565108e-01  5.0704595524e-01  5.1071233625e-01    2.9988849081e-01  1.2195368375e-01  3.1977776611e-01    2.4414062500e-04
 1.5708437319e+00  1.9725530341e+00  4.6715499787e+00    3.4566112197e-02  1.6982370243e-02 -9.9758495908e-02    2.4414062500e-04
-1.6950840982e+00  3.4923596943e+00 -1.8484909629e-01   -2.6265975544e-01  7.0186671813e-03 -4.9661281085e-02    2.4414062500e-04
 4.4939606658e-01 -9.6907520928e-01  3.4535985769e-01    1.9858008775e-01  2.8401573104e-01  6.3442432680e-01    2.4414062500e-04
 3.2176173092e-01 -2.2441257003e-01 -4.6996338348e+00   -5.9416998082e-02 -1.1348433118e-02  3.0141481181e-03    2.4414062500e-04
 1.3037146112e+00 -1.5843368714e+00 -3.8968103401e-01    2.7702255356e-01  2.4214429772e-01  3.0346692952e-01    2.4414062500e-04
 1.8877740973e+00 -2.1370971482e+00 -3.7876565380e+00    1.1464872026e-01 -7.5601955349e-02 -5.3895488981e-02    2.4414062500e-04
 2.8148464720e+00 -5.3419514608e+00  2.2829169942e-01   -2.3736466304e-01  3.7314730881e-02 -1.3901790895e-01    2.4414062500e-04
-3.2579577246e-01  4.7748979882e-01 -1.1285352208e+00    1.6179034268e-02  6.6053048495e-01 -8.6149151371e-02    2.4414062500e-04
-8.2000713755e-01  1.3632171326e+00  2.0174072308e+00    3.6476320907e-01  6.9276043960e-02  4.8191276678e-02    2.4414062500e-04
-3.0259338711e+00  2.5966533393e+00  2.2602416181e+00   -2.6600984823e-01 -8.1943486744e-02 -3.1077081217e-01    2.4414062500e-04
 6.5970188098e+00  9.6141129149e+00  8.6188554307e-01   -2.5275799188e-02 -1.4408260789e-02 -1.7705683332e-02    2.4414062500e-04
 6.1433694916e-01 -1.6223322555e+00  3.1094761117e+00   -5.7356808257e-03 -5.5667340722e-02  3.4041322540e-02    2.4414062500e-04
 2.1883400727e+00 -3.3802724382e-01 -2.7177324074e+00   -7.9808524802e-02  5.9410027226e-03 -1.2507748955e-01    2.4414062500e-04
-1.4688817112e+00 -6.7228457716e+00 -9.0316962678e+00    7.0279826258e-02  1.1960595152e-01 -2.6874598631e-01    2.4414062500e-04
-4.4499409018e-01 -7.9232048718e-01  6.0241811495e-01    1.4233208907e-01  1.2226379615e-01  3.0281817731e-01    2.4414062500e-04
 1.1822030562e+00 -2.8071499581e+00 -8.9633884279e-01   -7.5771814544e-02 -3.6781501222e-02 -6.5570184600e-02    2.4414062500e-04
-1.5014362049e+00  3.4632664259e+00  1.3257430381e+00    1.7999975984e-01 -1.1990713522e-02  1.0217933858e-02    2.4414062500e-04
 1.3291547085e-01  1.3113418658e+00  1.7552342020e+00    6.5064145179e-01  2.1980547517e-01 -1.1586675008e-02    2.4414062500e-04
 2.8908910506e+00  9.2292444029e-01  8.2673424781e-01    3.2795740255e-01  5.6181120943e-02  3.2570374400e-01    2.4414062500e-04
-2.2620145744e+00  4.9440946864e-01  3.8378679341e-01    1.3933596366e-01 -3.5953443229e-01  1.0231953761e-01    2.4414062500e-04
-7.0803572524e-01  3.2561768109e-01  4.4316959932e-01    3.4853224933e-01 -2.5688016201e-02  2.2896207602e-01    2.4414062500e-04
 1.5321745584e+00  9.2369649234e-02  1.5483881373e+00    1.0859411080e-01  9.2582086156e-02 -2.0420910462e-01    2.4414062500e-04
 1.9872509307e-01 -1.1121147221e-01  6.7546855026e-02    5.6878920568e-01 -2.1776481912e-02 -3.7732970828e-01    2.4414062500e-04
-8.1318469747e-01 -6.7667774285e-01 -3.8115517720e+00   -6.0702472653e-02 -4.3820827897e-04  1.4765089997e-02    2.4414062500e-04
 7.0390164153e+00  1.5107948753e+00  6.0022535949e-01    3.5194449667e-02 -1.6930408208e-01  2.0308322082e-01    2.4414062500e-04
 8.7155132444e-01  1.1767335787e+00  2.4107668947e-02   -4.5809431591e-01 -2.7657545991e-01 -2.2516095712e-01    2.4414062500e-04
-2.8968780388e+00 -8.3390717118e-01 -6.2727400119e+00    7.3472783237e-02 -3.0616584178e-02 -6.8527519206e-02    2.4414062500e-04
-1.4184231951e+00 -2.2278002561e-01  5.9772042995e-01   -4.8156310055e-02 -2.2530789764e-01 -9.9359137400e-02    2.4414062500e-04
-4.8496668536e-01 -2.1584167273e-01  1.0326181932e-01   -5.1623516592e-01  3.2526753232e-01  2.7969587848e-02    2.4414062500e-04
 1.4333719991e+00  1.1084959376e+00  7.7523417440e-01   -2.8558575618e-01  9.7000460600e-02  2.0857586087e-01    2.4414062500e-04
-1.6582734044e-02 -1.4115770675e+00  1.8402456781e+00    1.5624485104e-01  1.1635909134e-02  2.1219201829e-01    2.4414062500e-04
 5.3784273478e+00 -1.2350920306e+00  1.5434302964e+00    1.1461541687e-01  3.8146130999e-01  8.4576003932e-02    2.4414062500e-04
 5.0152799835e-01 -2.8292255287e+00 -5.4147605793e-01   -1.4452298866e-02 -2.3613892474e-01 -5.7127657268e-03    2.4414062500e-04
-5.5079752099e-01  3.8702285418e-01 -6.6863965465e-01    3.2374544017e-01  2.5936825802e-01 -2.8924946903e-02    2.4414062500e-04
 1.2581170944e+00 -7.1866119512e-01 -3.0508059692e-01   -1.0463322813e-01  2.5513747185e-01 -2.2298964221e-01    2.4414062500e-04
 2.3441608183e+00  3.2259843526e+00 -1.2468245439e+00    1.3244920929e-01 -1.4068534054e-01 -9.4669183232e-02    2.4414062500e-04
-1.7280714890e+00  1.1793149683e-01  1.8783590681e+00    3.0177924153e-02  3.6774366800e-02  9.4190304633e-02    2.4414062500e-04
-2.1971641545e+00  2.0103909717e+00 -1.1266542355e+00   -7.8884050526e-02  3.7244600996e-02  7.3014522742e-02    2.4414062500e-04
-7.4914314244e-01  2.9711265329e-01 -8.7182741112e-01   -4.5217393228e-02 -3.0185953599e-02  3.0134214430e-01    2.4414062500e-04
-2.2341967837e+00  6.8347418847e-01 -1.8484338557e+00   -3.2134076073e-02  4.4489317653e-02 -3.2368245219e-02    2.4414062500e-04
 1.1538265498e+00 -1.6934993854e-02  1.5451044742e+00   -1.3395951851e-01 -8.2225206122e-02 -7.9209168027e-02    2.4414062500e-04
 9.0621805998e-02  7.6335630562e-01  4.0237806591e-01    2.0717206283e-01  1.9009312032e-01  2.8931731407e-01    2.4414062500e-04
 9.3871982047e-01  1.8689767841e+00  6.0589262174e-01    6.0650536338e-02  5.3497612875e-02  3.2655111615e-03    2.4414062500e-04
-1.3671839899e+00  1.5471270035e+00  2.3487320659e+00    2.7860493586e-02 -3.1059062148e-03 -2.4715075007e-02    2.4414062500e-04
-1.5148076861e+00 -1.8783253123e+00  1.6924903248e+00    1.4397137614e-01  3.0494416393e-01  1.8717969952e-01    2.4414062500e-04
-6.9501955232e-01 -9.8498482575e-01 -1.2466892852e+00   -4.1645543973e-01 -3.4071920157e-01 -2.9234315577e-01    2.4414062500e-04
 1.1009094884e+00 -1.1991721910e+00 -1.7242280847e+00   -4.8387716352e-02 -9.2884437676e-02  2.8016746947e-01    2.4414062500e-04
 6.9340452820e-01 -1.3674800835e+00 -1.0299032393e+00   -2.0168861192e-01 -3.7556014307e-02  1.4842349490e-01    2.4414062500e-04
 2.2483753626e+00 -8.3888276684e-01  7.2914745198e-01   -2.7601811635e-01  4.5098001510e-01  2.1607855169e-01    2.4414062500e-04
 3.0696569061e+00 -3.6593553057e+00  4.0204058962e-01   -4.6063559875e-02 -1.8218541157e-01 -2.1016532313e-01    2.4414062500e-04
 4.8043048373e-01 -2.3537529411e+00 -2.2615421330e+00   -1.1000064784e-01  1.9004772672e-02  8.1260555324e-02    2.4414062500e-04
 4.6013355175e-02  1.6045736409e+00  1.8355108145e+00    2.2012392264e-02  6.1517198530e-02 -3.8908768759e-03    2.4414062500e-04
 8.8102319715e-01  9.8418046745e-01 -5.8274475183e-01   -9.9939293050e-02  2.5485577127e-02  4.8019267296e-02    2.4414062500e-04
-8.3546836408e-01 -5.0351131577e-01 -1.0816462548e+00   -4.2135091308e-01 -2.9816248483e-01  7.2240071985e-02    2.4414062500e-04
 2.8583227366e+00  3.5184662052e-01 -3.3796376994e+00   -3.2375600278e-01 -7.4887928515e-02 -1.1902047069e-01    2.4414062500e-04
 1.7340535223e+00  8.1488103241e-02  5.6087698953e-01   -6.4282400787e-02  3.7791575484e-01 -3.4250508063e-02    2.4414062500e-04
 2.7201259692e+00  2.2629254844e+00 -1.6879072754e+00    1.0455550676e-01 -5.6100226300e-02 -1.3776240696e-01    2.4414062500e-04
 4.3858324169e-01  7.7989472940e-01  9.8654170841e-01    3.0982235029e-02  3.8990717078e-01 -6.8865969933e-02    2.4414062500e-04
-4.2867639492e-01  3.6893852633e-01 -1.0543184066e+00   -3.8163318256e-01 -5.2250239912e-02  4.0251713632e-02    2.4414062500e-04
 2.6175203207e+00 -2.9783121525e+00 -4.1426660712e+00    4.4986936018e-02 -5.5348529316e-02  1.7257963539e-02    2.4414062500e-04
 9.7956839780e-01 -1.6453703533e+00  2.9300058444e+00    4.1370048794e-02  2.5165999033e-01  3.6846614913e-02    2.4414062500e-04
 4.7749709977e-01  8.9863784114e-01 -8.0583171347e-01    6.9295394233e-02  1.5966534051e-01  2.6176938152e-02    2.4414062500e-04
-1.2482987575e-01  7.6195014050e+00 -1.6769248528e+00    5.7703269351e-02 -2.0828669479e-01 -1.5932976731e-01    2.4414062500e-04
 2.0118607538e+00  4.1593939242e+00  3.8562940000e+00    3.4171023000e-02 -3.2784617941e-02  8.5823205984e-02    2.4414062500e-04
 2.8492881318e+00  5.1833764380e-01 -4.9083030907e-01    2.5280361706e-02 -2.3102788670e-02 -1.3596096621e-01    2.4414062500e-04
-8.9587078848e-01  1.4291404265e+00  1.2636520527e+00   -2.4771000621e-02 -8.3868325139e-02 -7.7931097263e-02    2.4414062500e-04
-7.6151394279e-01 -1.2005075165e+00  3.1123515911e-02   -7.0491064047e-02 -1.6069911465e-02 -1.0299249678e-02    2.4414062500e-04
 5.6567874975e-01 -6.0971685258e-01  1.7738701413e+00   -1.2757493059e-02 -9.8491260956e-02  8.8419614064e-02    2.4414062500e-04
-2.2417370544e+00  1.5958905971e+00 -2.6311572813e+00   -3.1758381691e-02 -2.7399641242e-01 -5.6326980374e-02    2.4414062500e-04
-3.2279431609e-01 -4.9126088388e-01  1.3096107128e+00   -4.2821800454e-02 -6.2460123475e-01 -1.4726195035e-01    2.4414062500e-04
-3.5946495694e+00  1.9819816703e+00  1.5466736899e+00    1.4757392142e-02  1.3679038508e-01  6.1901651407e-02    2.4414062500e-04
 4.6681672795e+00  4.2269079901e+00  1.3284162958e+01   -2.0808426882e-01 -3.8435366544e-02  1.7138692664e-01    2.4414062500e-04
 1.7880799896e+00  2.3751192728e+00 -2.9380183341e+00    2.0364873758e-01  8.0503644510e-03 -2.3460228014e-01    2.4414062500e-04
-5.9991379673e-01  6.4095282713e-01  4.1004790537e-01    1.3650938548e-01 -3.3942824428e-01  4.5477643457e-01    2.4414062500e-04
 8.8527044212e-01  6.3518396303e-01  1.3242607153e+00   -3.8136671768e-01  4.7503084980e-01  4.0608779343e-02    2.4414062500e-04
-6.9259564961e-01  8.4881288089e-01  3.7727369454e-01   -3.8917967197e-02  1.1104033212e-01 -3.5828095942e-01    2.4414062500e-04
 1.3264157048e+00 -1.3149139945e+00  2.4348236627e+00    3.2397428111e-01 -2.0656635015e-01 -2.8333347194e-01    2.4414062500e-04
 1.1581510090e+00 -4.1004238561e-01  1.1171935151e+00    2.8053088162e-01 -2.5174997740e-01 -7.0403129332e-02    2.4414062500e-04
 3.7113387707e-01  1.7895439165e+00  5.4994763675e-01    1.8673044779e-01 -1.3904863291e-01 -4.1189252939e-01    2.4414062500e-04
 4.8868048027e-01 -3.8478900488e-01 -6.8073160272e-02    5.6312456202e-01 -1.1371583632e-01 -1.4974961924e-01    2.4414062500e-04
-9.6234925673e-01  3.1295256730e+00 -1.0838920147e+00    1.2295012090e-02  6.2270285436e-02 -1.6095224085e-01    2.4414062500e-04
-2.8064407354e+00 -1.8955994380e+00  1.4447299444e+00   -2.8442526942e-01  3.7628620467e-01 -1.4402651363e-01    2.4414062500e-04
 1.0346198192e+00 -2.6570337017e+00 -7.9350430155e-02    4.8421061453e-02 -9.2956738079e-02 -5.4654690411e-03    2.4414062500e-04
-7.3412033352e-01  3.2532653626e-01  7.1783954246e-01   -4.1329790949e-01 -2.7168832748e-01  2.5630066699e-01    2.4414062500e-04
 3.1385068343e+00  2.4248324279e+00  4.5833378427e-02   -8.3401712231e-02  1.1320654027e-01  2.3600593174e-01    2.4414062500e-04
-6.8871279046e+00  5.0837479506e+00  2.4212950110e+00    1.6663976879e-02  3.5462784397e-02  3.2301408553e-02    2.4414062500e-04
-8.5416655761e-01 -6.8580513106e+00 -3.0040786250e+00   -1.4973047129e-01 -2.2120025711e-01  2.2540880150e-01    2.4414062500e-04
-8.6129865546e+00  1.5289513837e+00 -1.0036180761e+01    7.9072259041e-02  1.6629126298e-01 -1.2871760975e-02    2.4414062500e-04
-3.6332898087e+00 -1.7032311521e+00  5.0742150974e+00    1.3120903110e-01  9.8208571861e-02  2.2209805918e-01    2.4414062500e-04
 1.4621147497e+00 -3.0920501327e+00 -1.8303299889e+00   -2.2590128268e-01 -1.1462239139e-01  8.0141634405e-02    2.4414062500e-04
-9.8872844039e-02  1.1523698278e+00 -7.8702421143e-01    4.2789231905e-02  2.0928757241e-02  8.7781915807e-04    2.4414062500e-04
 5.1682812641e+01 -1.0174441321e+01 -2.0795579624e+01    2.2243810158e-02  2.0584854066e-03  1.0182006264e-02    2.4414062500e-04
-3.8266875613e-01  8.2864833974e-02  1.4745290030e+00   -1.1897831856e-01  1.3675230399e-01 -6.9094410428e-02    2.4414062500e-04
 8.2653946142e-01  3.9675618371e-01 -1.9220284886e+00   -1.9411801587e-01 -6.8598295932e-02 -5.4779499908e-02    2.4414062500e-04
-4.5459128416e+00  3.3949691569e+00  7.9448074325e+00   -1.4432411692e-01  1.3493603075e-01  8.0288737608e-02    2.4414062500e-04
-3.0856060696e+01 -8.9719017547e+00  5.2399081651e+00    2.5342947222e-02 -3.3418865517e-03 -4.0925503929e-02    2.4414062500e-04
 2.7487240601e-01 -1.7209387218e+00  3.1094723465e-01    1.7581890781e-01 -4.1757237827e-01  1.3669555499e-01    2.4414062500e-04
-5.1336673403e+00 -1.8880256417e+00  7.9033615628e+00   -9.7295934983e-03 -1.1332930154e-01  3.6473139083e-04    2.4414062500e-04
-1.1343544093e+00 -3.2423303154e-01  3.5348285732e-01    1.9979135080e-01 -1.5794461434e-01  3.5774988613e-02    2.4414062500e-04
 6.6918098488e-01  1.2638154690e+00  8.5916629561e-01    3.0891857333e-02 -2.0641395713e-02 -6.6921193291e-02    2.4414062500e-04
 4.5973301721e-01 -2.6573614269e-01  7.0137376422e-01    3.2316098448e-01  2.2805871971e-01  1.0312091940e-01    2.4414062500e-04
 2.2641262109e+00 -2.4077206735e+00 -1.7342173856e+00    2.0583505812e-01 -1.0945566314e-01 -1.3011072305e-01    2.4414062500e-04
 9.4835844643e-01  1.0121945861e-02  2.4573497916e-01    1.0310558483e-01 -1.3457439670e-01 -5.1087933294e-03    2.4414062500e-04
-2.2833894055e+00 -9.5279237784e-01  1.3462756513e+00   -1.8401777233e-01  1.6211103952e-01 -1.2938490059e-01    2.4414062500e-04
-1.1205819037e-01 -1.8658869216e+00 -1.2471910238e+00    6.7538783033e-02  6.7217119147e-02 -6.3608043420e-02    2.4414062500e-04
-4.2143285428e-01 -1.3505550401e+00 -1.0043883793e+00   -5.4444474585e-02 -7.2675461927e-02 -5.5010941231e-02    2.4414062500e-04
 1.4267036293e-01  2.4325117490e-01  4.1472646236e+00   -1.5844743776e-01 -3.8883774061e-02  7.5495335852e-03    2.4414062500e-04
 2.3770926453e+00  2.0838004086e+00 -1.4506886760e+00   -1.3806129168e-01 -6.7012234775e-02 -9.0600302988e-02    2.4414062500e-04
 4.9105368376e-01 -4.7327558984e-01  1.9048159550e+00   -1.3606358532e-01 -3.5798289885e-02 -1.6752335995e-01    2.4414062500e-04
-1.0442990486e+00 -1.2734067308e-01  1.0091815349e+00    4.8688015031e-02  1.3974657906e-02 -5.5761192088e-02    2.4414062500e-04
-5.1523182351e-01 -4.8685494767e+00 -2.4746009285e+00   -2.2474813382e-01 -7.6456587530e-03 -2.0589356429e-01    2.4414062500e-04
 3.3277060457e+00  9.0042841124e-01  8.0015385048e-01    1.0897477642e-01  3.1502306607e-01  6.5183968596e-02    2.4414062500e-04
 8.2904620780e+00  5.7598354941e+00 -1.5267769407e+01   -4.8313842922e-02  3.2558415966e-02 -4.3407006526e-02    2.4414062500e-04
 3.0377330056e-01 -9.3456935307e-01  9.8630061270e-01    4.1726702205e-01 -8.2469008642e-02  1.2115688148e-01    2.4414062500e-04
 1.0887512916e+01 -6.6295002613e+00 -1.9753504140e+00   -2.2003768346e-02 -1.1162264282e-01 -1.2514263350e-01    2.4414062500e-04
-7.3555738916e+00 -7.6257473995e+00 -2.5265209995e-01   -9.7817664904e-02 -1.8700859693e-01 -4.9715177126e-02    2.4414062500e-04
 5.3779019249e+00 -6.1335808810e+00  1.1913031386e+00   -2.0664381518e-01 -1.0607417617e-01 -1.4980497137e-02    2.4414062500e-04
 1.7076672215e-01  7.4329408113e-01  2.2019553060e+00    2.0309183332e-01  1.7899037320e-01 -3.4484600985e-01    2.4414062500e-04
 4.4410038225e+00  1.9491274553e+00  1.4353706881e-01   -1.0476004119e-01  3.8538538242e-01 -1.2501204584e-01    2.4414062500e-04
 1.5466564785e+00 -1.2970470170e-01  2.0801326482e+00    1.9213644544e-01  8.2427473777e-02  9.4327958338e-02    2.4414062500e-04
 1.5573235028e+00 -4.8808353680e+00 -1.1412916107e+00    1.6822255197e-01  3.6916274910e-02  4.5816130044e-02    2.4414062500e-04
 1.7138196776e+00  1.5533097066e-01  2.4189002329e-01   -1.4440397106e-01  4.9778933940e-02 -1.3715414751e-03    2.4414062500e-04
-3.7863350670e+00  3.2026850688e-01  2.3215410743e+00   -7.1807026839e-02 -5.4636956652e-02  2.1238999391e-01    2.4414062500e-04
-7.3607013736e-02  1.1447560306e+00 -7.0786380114e-01    4.0384552978e-01  2.6145262666e-01 -1.3147659211e-01    2.4414062500e-04
 1.4536502892e+00  1.1383125300e+00 -2.8407902178e-01   -3.7938026772e-01 -7.8868273636e-02 -7.2665260467e-02    2.4414062500e-04
-1.6183245113e+00 -5.2861216771e-01  1.4612773085e+00   -2.7773075411e-01 -1.9675650754e-01  2.0930291820e-01    2.4414062500e-04
 3.3966023271e-01  1.3044197937e+00  5.0216345288e-02    1.0279955837e-01  5.1301188336e-02 -5.7423577814e-01    2.4414062500e-04
 9.9754054769e-01  1.5347008125e-01  1.4607718323e+00    4.4652132950e-01  3.1152390229e-01  8.0266362029e-02    2.4414062500e-04
 2.7662607298e+00 -1.7720309377e+00  2.3077154070e+00    4.3478369256e-02  1.9882694041e-01 -1.7459798576e-01    2.4414062500e-04
 3.9384345523e+00 -6.2051665214e-01  4.2080385548e-01   -8.6157013069e-03  1.4050647804e-02  8.0156602205e-03    2.4414062500e-04
 4.4701168384e+00  1.5213237964e-01 -3.4633559228e+00    4.4295864254e-01 -1.2072569278e-01  2.0592703294e-01    2.4414062500e-04
-6.3411816272e+00 -3.9948095280e+00 -1.6348815500e+00    3.1806692535e-02  1.6237352233e-01  1.3428604289e-01    2.4414062500e-04
 1.4932054630e+00 -7.2143461837e-01  7.1595320557e-02   -9.2068303392e-02 -4.3703616279e-02  3.3548939169e-02    2.4414062500e-04
-3.2437762575e+00 -5.6593969523e-01  2.6750833853e+00   -4.0702977210e-01  7.2061695689e-03 -9.5010648670e-02    2.4414062500e-04
 8.2844009113e-01 -7.9220953925e-01 -4.9622545089e-01   -1.6575355851e-01  2.8346755875e-01  2.1774284371e-01    2.4414062500e-04
 1.5916195510e+00 -1.0046828768e+00 -3.1183107563e+00   -4.4578099438e-01  1.8890698304e-01 -2.3849419289e-01    2.4414062500e-04
-2.4724164949e-01  4.9634404435e-01  2.1777220798e-01    1.2469237106e-01 -2.8746964705e-02 -1.6524388148e-01    2.4414062500e-04
 1.0872280512e-01  1.9370416277e-01  7.2455583078e-01   -7.7470148222e-02 -2.2675201684e-01  3.6364767788e-01    2.4414062500e-04
 3.0878986715e+00  1.4491627204e+00  4.5599592596e+00    1.8701909200e-01  9.5023555558e-02  2.6506200875e-01    2.4414062500e-04
 3.2766884565e+00 -1.1766462229e+00  2.1764632368e+00   -3.0931501179e-01  3.1014843547e-01 -9.3057591069e-02    2.4414062500e-04
 1.5927380831e+00 -6.4107373137e-02  9.5386175586e-01   -5.9311860632e-02  8.2347116505e-02 -2.0970473813e-01    2.4414062500e-04
-1.9184267034e+00  3.9436728761e+00  6.6431048298e-02    3.6664599313e-01  3.6529163279e-02 -2.0338508042e-01    2.4414062500e-04
-7.4020996776e-01  1.7370551949e+00  2.4507340020e-01   -6.9396738933e-03  6.0114435421e-02  1.4639308522e-02    2.4414062500e-04
-5.9621465384e-01 -2.6540983325e+00 -6.8784862160e-01    1.7385087187e-01  3.0656688636e-01  9.0617042554e-02    2.4414062500e-04
 3.3728608405e+00 -1.3684275958e+00 -2.8710848963e+00   -2.0373418251e-03 -2.7607370982e-03  1.3079352511e-02    2.4414062500e-04
 3.8100354351e-01  4.4308990187e-03  1.3988949381e+00   -9.9000040908e-02 -5.5643686936e-02  1.2660311304e-01    2.4414062500e-04
-1.2422723694e+00  5.2824476838e-01  1.5309417092e+00    1.2375674822e-01  2.1137628872e-02 -2.6334948404e-01    2.4414062500e-04
-2.3303752558e-01 -1.8661828212e+00 -2.9887677741e-01   -1.9017544167e-01  2.6598865336e-01  3.5401384040e-01    2.4414062500e-04
-3.0371354066e+00 -1.5913297028e+00  9.4793835222e-01   -2.2258120474e-02 -2.3997254171e-01 -6.1868134303e-02    2.4414062500e-04
-5.6950113298e-01  1.1601365199e+00  8.6476534880e-01    4.4265335265e-02 -5.6340780236e-01 -3.8037725574e-01    2.4414062500e-04
 2.6421396408e+00 -8.2249414896e-01 -1.7364331146e+00    3.0565461412e-02  1.7434665015e-01  4.2425847338e-01    2.4414062500e-04
-3.1561636214e+00 -1.4004559915e+00  2.6384444958e+00    1.9617979971e-01  7.0114302724e-02  1.2440932604e-01    2.4414062500e-04
 5.0375469139e-01  1.1497250984e+00 -1.0099754987e+00   -6.3381765071e-01 -5.4572712747e-02 -1.2380168631e-01    2.4414062500e-04
 1.6106280449e+00  1.3675327289e+00 -3.0835531434e-01   -6.1474918266e-01 -9.1510718452e-02 -4.4347796283e-02    2.4414062500e-04
 2.3650824377e-01  7.2212606940e-01  3.8969250079e-01    3.6676877739e-02  3.2896165509e-02 -6.9649882496e-03    2.4414062500e-04
 1.0762012254e+00  2.6817907128e+00  1.9060655130e-03    4.8701174492e-01  3.7862013986e-01 -1.5611849268e-01    2.4414062500e-04
 2.0838098037e-01 -2.5416856397e+00 -6.6293091110e-02    3.6842623210e-01  9.8196897309e-02 -1.0383768293e-01    2.4414062500e-04
-9.7973569981e-01 -2.8315703009e+00  2.1308272417e+00    2.1749701033e-02  2.7673513654e-02 -3.8514492903e-03    2.4414062500e-04
 1.5294218253e+00 -2.1552599106e+00 -8.3427856011e-01    1.6259832304e-01  6.7867639597e-01  6.1207730312e-02    2.4414062500e-04
 2.2809026702e+00 -4.9659887082e+00 -2.9099987659e+00    3.1301131391e-01  5.4499767698e-02  2.5160147930e-01    2.4414062500e-04
 1.0276494747e+00 -2.7567085306e+00  4.9981401153e+00    1.5939049234e-02  3.3808215183e-01  1.3840862373e-01    2.4414062500e-04
-1.5365331504e-01  1.1366366397e+00 -2.8515270431e-01    1.4837153391e-01 -3.7235635960e-01  4.6332570973e-01    2.4414062500e-04
-1.7108952223e+00  1.1176050243e+00  2.3303910668e+00   -1.4618406361e-01 -1.6489343166e-01 -3.0902890551e-01    2.4414062500e-04
-3.1812961769e+00 -1.1041928069e+00  1.4395973863e+00    4.4463988718e-02  1.5333067366e-01 -2.7512774563e-01    2.4414062500e-04
 2.1348536432e+00  5.3885003267e-01  1.2297062759e+00    5.5420654714e-02  6.7230499880e-02  2.3574764288e-02    2.4414062500e-04
-1.1779514490e+00 -9.7042173312e-01 -5.1716633058e-01    1.9030247964e-01 -2.8326721366e-01 -4.1711015104e-01    2.4414062500e-04
-2.0860137581e-01 -7.5131477140e-01  9.2813395224e-01   -4.1930984041e-01  2.1324549543e-01  4.4776094746e-01    2.4414062500e-04
-1.3111620492e+00 -3.0644844258e+00  2.7398962522e+00    3.4700104107e-02  2.9579180271e-01 -2.6305989022e-01    2.4414062500e-04
 5.5303610758e-01  2.0149615699e-01 -1.1774555243e-01   -2.1866732339e-01  4.6807677339e-02  7.2211519981e-02    2.4414062500e-04
-1.9514934210e+00 -8.5223020320e-02  1.8754666649e+00    1.4550320026e-01 -9.7256849897e-03  6.3461694165e-03    2.4414062500e-04
-2.9350580347e+01 -7.6162810989e+00  6.6663431099e+00   -1.3751825135e-01 -1.0195612406e-01  4.3941642305e-02    2.4414062500e-04
 1.5027678847e+00 -2.5960904139e+00  2.6941421800e+00   -3.2335691872e-01 -1.0346351474e-01 -8.5092584820e-02    2.4414062500e-04
-7.1226281338e-02 -1.0847615830e+00  6.2281075024e-01   -3.8089960030e-01 -4.1986754930e-01 -1.5353720135e-01    2.4414062500e-04
 2.9123639316e+00  3.4573418208e+00  3.9088706501e+00   -9.6854187791e-02  3.1365133128e-01  2.7426237874e-02    2.4414062500e-04
 2.6561764940e+00 -2.2760530874e+00  2.4597115323e-01    1.3876494741e-01  4.0636981645e-02 -9.9102993447e-03    2.4414062500e-04
 1.4013523917e+00 -3.3633951718e-01  4.5534648622e+00   -5.3778604667e-02 -4.4602123455e-02 -1.0758625315e-02    2.4414062500e-04
-1.2850315679e+00  1.0919173452e+00  1.5783027070e-01   -4.5159354222e-03  5.0652938073e-02 -1.1826813390e-02    2.4414062500e-04
-1.1430779329e+00 -3.3143537150e+00 -9.2646731444e+00    5.2250457929e-02 -1.0458565493e-01 -2.6024357664e-02    2.4414062500e-04
-1.6259748002e+00  2.9568158393e-01  3.2943573418e+00   -4.4597833789e-01  1.4342618662e-01  1.6801962602e-02    2.4414062500e-04
-3.3544573642e-01  1.5755755080e+00 -2.4832893210e-01   -9.1431229649e-02  1.9532201855e-01  1.3544853921e-01    2.4414062500e-04
-8.1894566296e-01 -9.5156525193e-01 -1.4031752814e+00   -1.1535612754e-01 -2.3485500695e-01 -1.5426685858e-01    2.4414062500e-04
 1.6436652111e-01 -1.9577821671e-01  1.3522740661e+00   -1.7167122438e-01 -1.1637329446e-01  2.1556231993e-01    2.4414062500e-04
 3.6620523453e-01  3.8381145719e-01 -4.5430229073e-02    5.1861777935e-01  1.8140940742e-02 -1.3314365483e-02    2.4414062500e-04
-1.1777557967e-01  9.4981079044e-01  3.0178489653e-01    2.5636938428e-01  1.7814466709e-01 -6.1801572882e-01    2.4414062500e-04
-2.6075030338e-01  4.9091339829e-01 -1.1257143951e+00   -2.3646188054e-01 -7.9870578007e-02 -1.1215322899e-01    2.4414062500e-04
 3.0939475830e+00 -5.1563390915e+00  2.2032991329e+00   -2.6343468846e-01 -1.0870660920e-01 -2.9932834002e-03    2.4414062500e-04
-3.5794217090e-01  3.1464012041e+00  8.4056479927e-01    3.4807539838e-02  4.9496025560e-02  3.0734487946e-01    2.4414062500e-04
 1.2201164850e+00 -1.7634427350e+00 -8.7638908544e-01   -6.8296701824e-03  1.1047622923e-02 -4.0152063124e-02    2.4414062500e-04
 2.3191559271e+00 -1.3987880645e+00  5.5847115038e-02    5.4700970232e-02  3.7033277333e-02  7.1514500883e-04    2.4414062500e-04
 8.6556797874e+00 -3.7006154181e+00 -3.3166988568e+00   -1.0681779689e-01  1.6684531900e-02  2.1080395983e-01    2.4414062500e-04
-1.5929843431e+00 -1.1493904007e+00  6.2872697209e-01   -1.5641860266e-01 -2.2106547521e-01  3.2974502650e-01    2.4414062500e-04
-1.3125052315e+00  1.9397856313e-01 -1.6699724371e+00    3.5680421005e-03 -6.1725793692e-03  6.1422594606e-03    2.4414062500e-04
-2.0773374764e-01  1.3365106857e+00 -4.1373089522e-01    9.1242181487e-02 -4.6701339430e-02  9.4727128090e-02    2.4414062500e-04
-8.0188395538e-01  9.4867118337e-01 -2.2562679083e-01    1.1168416622e-01 -3.2938550360e-01 -5.3657684038e-02    2.4414062500e-04
 5.1709109142e-01 -7.4146078911e-02  3.7194300585e-01    1.4992458717e-03 -7.0321581367e-02  1.2922265487e-01    2.4414062500e-04
-1.9824036545e+00 -1.2705711609e-01  2.0481228817e+00   -1.1708162142e-01 -1.1858176508e-01  1.5247763628e-01    2.4414062500e-04
-7.2244956095e-01  2.7912082491e+00 -8.8076217063e-01    3.5832358631e-01 -3.8623927470e-01 -1.3387661407e-01    2.4414062500e-04
 2.5384561740e+00  9.6832636289e-01 -7.3229394793e-01    1.8476508887e-02 -3.8437251511e-01 -8.2783427023e-02    2.4414062500e-04
-3.7506392731e-01  2.2130700813e+00  3.6553572644e+00    1.5395716451e-02 -1.0766056771e-01  1.2457959087e-01    2.4414062500e-04
-5.3957316326e-01  1.1420068984e+00  3.0110650461e-01    4.7099242023e-02  3.6319216264e-01 -1.5168059288e-01    2.4414062500e-04
-1.2604467729e+00  2.3812880144e+00  1.4525650003e+00    2.5092884226e-01 -1.6556295237e-01 -2.2693534182e-01    2.4414062500e-04
-1.7389106910e+00  1.0093182383e+01 -4.7817254130e-02    8.2364848542e-02 -1.4730825715e-01  6.4670608713e-05    2.4414062500e-04
 2.3540475764e+00 -6.1079705915e-01 -2.0566615696e+00   -1.3979812938e-01  7.0153129444e-02 -1.9232221555e-01    2.4414062500e-04
 1.6981854012e+00  1.1192466372e+00  4.2848862136e+00    8.7720681383e-02  4.2201655078e-04 -9.2479187548e-02    2.4414062500e-04
 2.1888346127e+00  8.0534752739e-01  1.4147739771e+00    2.4883898110e-01 -3.2735130653e-01 -1.5190245899e-01    2.4414062500e-04
 9.9574977983e-01  4.6170299254e-01  4.3484714961e-01   -1.8746835112e-01  2.8101994415e-01  2.6604343210e-01    2.4414062500e-04
-1.7105458890e+01 -5.4626660422e+00 -8.3899171862e+00    1.1443119349e-01 -7.4642298464e-02 -8.3981334087e-04    2.4414062500e-04
 1.1777830494e+00 -1.2379681788e+00 -9.3346414905e-01   -1.6298481584e-01 -2.4235575099e-01  4.1222479641e-01    2.4414062500e-04
 7.2259505771e-01  1.1925087166e+00 -3.3971083312e-01    5.9090012480e-02  1.8741526872e-02 -4.2627965595e-03    2.4414062500e-04
-1.1326571333e-01  2.9481105996e+00  8.2298711105e-01   -1.6082019374e-02 -2.2833705713e-02 -1.4603449486e-02    2.4414062500e-04
 6.7047298073e-01  6.7234946137e-01 -7.2398465822e-01    4.5664490614e-01 -4.5625739308e-01  1.8976771617e-01    2.4414062500e-04
-1.0403722973e+00  6.3575595625e-01  1.6945146575e+00   -3.4412107064e-02 -2.6839798425e-02 -2.7630796149e-02    2.4414062500e-04
 8.1189479143e-01 -2.2409333139e+00 -1.4196276704e+00    1.8117589903e-01  1.6002123869e-01 -1.3198300015e-01    2.4414062500e-04
 1.7668674202e-01  4.1259670913e-01  2.2756893776e-01   -1.2058182298e-01  2.7621819010e-01  9.4445600963e-02    2.4414062500e-04
 5.1251067777e+00  8.7350314645e-01 -4.6327125881e+00   -5.3203149118e-02  4.6280870380e-02  3.0698004076e-02    2.4414062500e-04
 5.1104430312e-01 -1.2325931538e+00 -7.4525965341e-01    1.6327772977e-02  8.3071783986e-03 -1.1528878890e-01    2.4414062500e-04
-1.3172772611e+00 -1.2103550326e+00  2.3410579067e+00    4.4638011096e-01  9.7679915309e-02  1.5689836943e-01    2.4414062500e-04
 4.0126663014e-01 -2.9423502060e+00  2.0243056052e+00   -1.5400410225e-02 -1.4572485122e-02 -1.8155831118e-02    2.4414062500e-04
-2.1602449000e-01  3.0258343444e-01  2.2065284006e+00   -2.9713101889e-01  2.2401689051e-01 -4.5020648843e-01    2.4414062500e-04
-5.1955094197e+00 -2.3037054343e-01 -5.7250486992e+00    1.9484263203e-02 -5.2379465317e-02 -3.3585565691e-03    2.4414062500e-04
-1.1287180819e+00  4.5104537059e+00 -1.0150149156e+00    1.4148086479e-02  1.0569886668e-01  1.3118425584e-01    2.4414062500e-04
-6.5793849967e-01 -7.0262390037e-01 -3.3683131937e+00   -1.1519230054e-01 -5.2954894116e-01  3.3164520905e-02    2.4414062500e-04
-2.0257975174e+00 -5.7394837289e-01 -2.1333548222e+00    1.8068464138e-01 -1.3867312342e-01  2.1787803913e-03    2.4414062500e-04
-1.5808522862e+00 -2.0488914073e+00  4.2151911144e+00   -3.0236970824e-01  1.3880754333e-01 -3.5650304160e-01    2.4414062500e-04
 5.5488318825e-01 -4.6311720123e-01  7.1971945441e-01   -4.0718017670e-01 -9.4377004023e-02 -2.1233833271e-01    2.4414062500e-04
 5.5645297047e+00  6.0847887162e-01  3.7784042424e+00    3.9695186378e-03  5.3616500231e-02 -5.0775008853e-02    2.4414062500e-04
-1.0950718307e+00 -1.4204448118e+00 -6.8815745456e-02    2.8024217225e-02 -7.1370412783e-02 -8.9755428400e-02    2.4414062500e-04
 4.5971989428e-01  7.3109770937e-01  2.3410832586e-01   -2.1631370493e-02 -7.8856057248e-02 -2.2374831754e-01    2.4414062500e-04
-8.1421543818e-01 -1.6041173832e+00  7.8684279695e-01    7.9981836804e-02  1.6238460392e-02  7.6786445380e-02    2.4414062500e-04
-3.6211642005e-01  1.9094274029e+00  5.3099476137e-01    1.7641594561e-03  2.5771593402e-02  1.3680145607e-02    2.4414062500e-04
-6.4525963626e+01 -2.7175744155e+02 -2.4415816506e+02   -8.3645466058e-03 -4.2788992799e-02 -1.2997269728e-02    2.4414062500e-04
-3.8850678391e-01 -1.5701873203e+00 -3.7698859211e-01   -4.1809533421e-01 -2.9782201481e-01  1.3638951368e-02    2.4414062500e-04
 3.8646451967e-01  7.1548733154e-01 -1.8019182499e+00   -9.6911020804e-02 -3.1867420063e-01 -2.8700338524e-01    2.4414062500e-04
-7.9868894259e-01  4.6232369064e-01  5.5044085875e+00   -1.8580396829e-02  9.8737349726e-02  1.0574106392e-01    2.4414062500e-04
-5.9366550256e-01 -4.1323273952e+00 -2.8748217124e+00   -5.4032152596e-03  2.7938525284e-03 -5.1930858336e-02    2.4414062500e-04
 1.7437818222e+00 -1.6357170262e+00  3.8365958040e-01    4.2395529103e-02  2.0884008304e-01 -2.4063134465e-01    2.4414062500e-04
-2.1416509110e+00 -4.3072603072e+00 -4.1927310278e+00    6.1639264518e-02  7.4603777891e-02 -1.3627462354e-01    2.4414062500e-04
 2.3212864193e-01 -1.5558367329e-01  4.4185520563e-01   -2.1638189085e-01  1.9944174641e-01  1.8489748817e-01    2.4414062500e-04
-3.6623923118e+00  1.3152120484e+00  1.1816890357e+00   -1.2554305298e-02 -1.2541296593e-02  8.7032493383e-03    2.4414062500e-04
-2.1713126696e-01 -5.9798553158e-01  6.3524377997e-01    7.9091034357e-02  1.0931581984e-01  9.4968720124e-02    2.4414062500e-04
 9.2929417579e-02 -9.2525095548e-01  9.0257692911e-01    2.8466319310e-02 -1.0232561225e-02  9.6163406146e-02    2.4414062500e-04
-7.5384127942e+00  1.3990920637e+00 -9.5134198691e+00    5.1784183583e-02  2.5831899681e-01 -3.3539372486e-02    2.4414062500e-04
 1.2547267903e+01 -6.5152600119e+00  1.6433758332e+01   -5.2712380880e-02 -1.4352286212e-01 -1.6964230326e-01    2.4414062500e-04
-2.6541100648e-01 -1.1779041585e+00 -3.0813274175e+00    1.0352289547e-01 -1.3491000196e-01 -3.5008775475e-01    2.4414062500e-04
 1.2241179077e+00  9.9638438090e-01  1.8884648080e+00    7.6488354828e-02  3.1078668303e-02 -6.4292705798e-02    2.4414062500e-04
 7.7705795422e-01 -3.7106084812e-01 -6.4035573834e+00    1.6594065904e-01 -1.1661153279e-02 -8.2760165239e-02    2.4414062500e-04
-2.8850323981e-01  1.0067226980e+00  2.0357197373e+00   -3.8688803899e-02  4.4329493365e-02  5.5345796742e-02    2.4414062500e-04
 2.3684873642e+00  1.7090577211e+00 -4.2795956170e-01    1.4799656219e-01  3.9066121881e-01 -6.8189773105e-02    2.4414062500e-04
-9.6778006443e-02 -9.5392012453e-01  3.3091861134e-01   -2.3638437921e-01 -6.2895946206e-02  6.1692054381e-02    2.4414062500e-04
 2.2630905420e+00  9.8962329178e-01 -1.2250457643e+00   -1.3157360641e-02 -2.7612232576e-02  2.3976406594e-01    2.4414062500e-04
 9.5897953956e-01  4.0211738027e-01 -6.8610697200e-01   -2.1678058673e-01  7.1505840540e-02 -4.6805819719e-01    2.4414062500e-04
-1.6996827721e+00 -1.7646852380e-01 -5.6970171489e-01    8.5787645467e-02  4.3614887146e-02  1.1490922385e-01    2.4414062500e-04
-1.5026381715e+00  2.2029387693e-01 -3.4399444127e-01   -1.3105919121e-02  8.8805236424e-02  5.0882003603e-02    2.4414062500e-04
 1.2182603473e+00  2.8156302116e+00 -2.8884790238e+00   -4.1347238611e-01 -1.8606207324e-01  1.1833841270e-01    2.4414062500e-04
 2.6145107137e+00 -1.2042310917e+00 -1.9262497569e+00   -3.0712608855e-01 -5.6474675812e-02  1.8041128517e-01    2.4414062500e-04
-4.7453357774e+00  1.3875268493e+00  2.6415752998e+00    2.4518139134e-01  1.9982534499e-02 -1.2816453105e-01    2.4414062500e-04
 6.4679544322e+00 -1.4544136009e+00 -2.3957656939e+00   -1.1076623871e-01 -1.2884164807e-01 -2.0168955440e-01    2.4414062500e-04
-9.3720594732e-01 -3.6253722836e-01  9.2022849790e-02    1.5451734085e-02  2.6937865894e-02  2.6811754569e-02    2.4414062500e-04
-2.1565318898e+01 -1.0758611741e+01 -1.7693113457e+00    2.3176260356e-02 -4.8019156788e-02 -4.8149989863e-02    2.4414062500e-04
-4.3404422373e+00  4.0429166454e+00 -5.3586786062e-01    1.6620192237e-01 -3.2295905696e-01 -9.5635642625e-02    2.4414062500e-04
 5.3458916977e-02 -1.1054246402e+00 -1.5745708096e+00    1.2201259092e-01 -1.4857234525e-01  2.2716498205e-01    2.4414062500e-04
 2.0785477164e+00 -4.4222204934e-01 -2.0861602032e+00    7.5006526248e-02  1.7286732911e-01 -1.3349398790e-01    2.4414062500e-04
-1.1903470886e-01  3.2803749633e-01  8.9935513818e-01    1.0704766582e-01 -2.5203145650e-01  4.5371218923e-02    2.4414062500e-04
 1.2055644428e+00  9.2271220574e-01  4.5736866477e-01   -7.9151436355e-03 -1.7404426866e-01 -1.5698840266e-01    2.4414062500e-04
-6.8317840236e-03 -6.8750025463e-01  1.7217129846e+00   -4.0382282689e-01 -1.2747982185e-01  4.4225720416e-01    2.4414062500e-04
-3.6532288415e-01  1.8014923475e+00  2.0100525222e+00    1.5768848396e-01  4.6117713143e-01  2.2780354955e-01    2.4414062500e-04
-7.8803043499e-01  3.9294794917e-01 -4.0704795928e-01   -3.1859758103e-01  5.5284235067e-01 -2.7517236618e-02    2.4414062500e-04
-2.0411663072e+01 -1.2333907995e+01  3.0246342561e+00    6.1112923279e-02  5.8885828011e-02  5.9540244130e-02    2.4414062500e-04
 6.7359497769e+00  1.8250947926e+00  3.2246237964e+00   -1.8426310999e-01 -8.2028404661e-02 -1.8483181028e-01    2.4414062500e-04
-2.9391362378e-01 -5.0524770889e-01 -1.9936364054e+00    4.0737468108e-01  1.0824950593e-03  2.2737407135e-01    2.4414062500e-04
-4.7628052400e+00 -1.9957555988e+00 -1.0700591097e+00   -2.2407174826e-01  3.0361784256e-01  1.2450919208e-01    2.4414062500e-04
-2.1291049215e+00 -7.9635069074e-01 -1.1437161993e+00    1.0729781368e-01  9.1966163796e-03 -5.8727587406e-04    2.4414062500e-04
 1.2831064630e+00 -1.5870752776e-01  1.0224686134e+00   -3.1962212962e-01 -1.9461926037e-01 -1.3366654005e-01    2.4414062500e-04
 3.8937988477e-01 -2.1436025090e+00  1.7677727767e+00    8.8669877758e-02 -6.5763934766e-02  1.8618176080e-02    2.4414062500e-04
-1.1131873552e+00  3.0813738169e-01  1.0252003341e-01    2.5011520730e-01  5.9793872089e-01  6.0655776286e-02    2.4414062500e-04
 1.7400454128e+00  2.0474350210e+00 -2.1286399398e+00    3.7464294620e-02  1.0702421001e-01  1.5737891468e-01    2.4414062500e-04
-3.4542245645e+00 -4.2411373302e+00 -1.3289451856e+00   -2.9698475099e-02 -2.0274571053e-01  1.4207338691e-01    2.4414062500e-04
-3.2036477185e-01  1.0743703748e-01  6.6922658896e-01    2.5237474222e-01 -1.5356544949e-02 -2.5182297759e-01    2.4414062500e-04
-1.6225647303e-01  4.1129533757e-02 -9.1979996538e-01    2.3742439581e-01 -5.9324797455e-01  3.3775583449e-01    2.4414062500e-04
 1.6968541381e+00  2.1682659006e-01 -1.7743855559e-02    2.0827909888e-01 -1.3519953649e-01  4.1845620547e-01    2.4414062500e-04
 9.8787249205e-01  2.5774931596e-02  9.3913925861e-01    5.1495436585e-01 -2.2094695904e-01 -4.4008413726e-01    2.4414062500e-04
 1.0637522374e-01  9.2760001156e-01 -5.2812076593e-01   -1.3640451893e-01 -2.4156001854e-01 -3.0537646963e-01    2.4414062500e-04
 2.5586550813e+00 -3.5021730653e+00  4.5666553890e-01    3.4492720890e-01 -4.6619587230e-02 -1.8217799436e-01    2.4414062500e-04
-1.1606304193e+00 -9.5363103623e-02 -9.8177065459e-01   -2.1241566261e-01 -2.6580676118e-01 -4.0489981131e-01    2.4414062500e-04
 1.5626191794e+00  2.9435099879e+00  2.9376600158e+00   -4.8698923987e-02 -1.0506761201e-01  4.7988221768e-02    2.4414062500e-04
 1.6568617631e+00 -6.7715372630e-01  5.3616189209e-03   -3.3781744600e-01 -3.6885523642e-01 -2.5690722665e-01    2.4414062500e-04
-1.6479559478e+00 -2.9177998010e-01 -1.5625814165e+00   -2.6828540301e-01  2.9677631303e-02  4.6334771865e-01    2.4414062500e-04
 8.4835527475e-01  1.9364543857e+00 -3.6773571023e+00    7.9277644230e-02  5.2314026736e-02  2.8582842116e-01    2.4414062500e-04
 5.8071275140e+00  1.8056828687e+00 -5.2170566863e+00   -1.1656246240e-02  2.1603115710e-02  1.3671629439e-02    2.4414062500e-04
-2.3031490821e+00  6.7487591554e-02  5.8820813187e-01   -7.2311277265e-03 -1.1130534442e-01 -3.0593768180e-01    2.4414062500e-04
-6.6463274892e-01  1.1554812861e+00 -1.4690441105e+00    8.7068139715e-02  8.4552654173e-03 -1.5741562651e-01    2.4414062500e-04
 1.4814496083e+00  9.6779803188e-01 -3.0807937907e+00    2.2363624520e-01 -1.2673415523e-01  2.6623293846e-01    2.4414062500e-04
 5.3402132815e-01  8.2003363294e-01  1.3821280425e+00    1.1995335601e-01  1.9402156478e-01 -7.0601417729e-02    2.4414062500e-04
-1.0461147828e-01  2.1317049036e-01 -1.5309852441e+00    2.5866538840e-01 -5.4663425399e-02 -7.6463064289e-03    2.4414062500e-04
-5.7528798677e-01  8.7721450752e-01  7.5316770567e-01   -3.8987536411e-02 -3.2025068130e-01  1.3589159527e-02    2.4414062500e-04
-1.1487778773e+00 -7.0994755041e-01  1.0097919009e+00   -4.0776594949e-02 -5.1726629472e-02 -1.9642533276e-01    2.4414062500e-04
 2.7418348436e+00  5.2595524704e-01  1.0684536040e+00   -2.0687086501e-01  8.3343302327e-02  8.5509291614e-02    2.4414062500e-04
-1.5334018336e+00  9.5837082952e-01 -2.7876418753e+00    2.9573521819e-01 -6.2535787787e-02  1.3814986213e-01    2.4414062500e-04
-6.9401606147e+00  5.1107450777e+00 -3.0891456608e+00    8.7841852337e-03 -4.4761855501e-02 -2.1991597405e-03    2.4414062500e-04
 1.3662190059e+00 -1.0262522181e+00 -3.5937042256e-01   -1.6107686530e-01  4.3410382406e-02 -4.2705462287e-01    2.4414062500e-04
-2.9238217771e+00  3.0189428340e+00  1.1457667996e+00    2.1585610342e-01 -1.1089373642e-01 -1.7856494646e-01    2.4414062500e-04
 2.2150788058e+00 -2.4517860714e+00  1.1256112271e-01   -1.5156028881e-02 -3.7393539567e-02  2.6464114870e-01    2.4414062500e-04
-3.4413209202e+00 -4.4976768344e+00  8.7650821181e+00   -3.7258037074e-03  3.4733001355e-03 -3.1018103508e-02    2.4414062500e-04
-7.5816356080e+00  4.7877569333e+00  9.1810402399e+00   -1.0653305460e-01  1.3327474375e-01 -1.1531492536e-01    2.4414062500e-04
 1.3529784120e+00 -1.9493274769e+00 -5.3980217199e-01   -7.9879763745e-02 -2.6364864262e-01  3.4255051496e-01    2.4414062500e-04
-1.7787806661e+00 -5.3094586493e-01  1.0728400749e+00   -4.2186226641e-03  6.7814046486e-03 -1.2945276259e-01    2.4414062500e-04
-8.3429414233e-01  3.6956090469e+00  4.2973119171e+00   -7.1223450036e-02 -5.0690690570e-02  6.4529731379e-02    2.4414062500e-04
-2.9401603748e-01  1.2946684916e-01  4.9286008041e-01    3.1938033070e-01 -1.2497073228e-02 -1.7687602676e-01    2.4414062500e-04
-2.7148133454e+00 -2.4940702675e+00 -1.8072963737e+00   -5.9329979827e-02  1.0173448108e-01  6.8018613109e-02    2.4414062500e-04
 1.7779977046e-01 -4.9684597719e+00 -2.6410456099e+00   -2.9792072728e-01  1.3120083452e-01 -1.1407814922e-01    2.4414062500e-04
 4.6459153320e+00 -2.7019400744e+00 -4.5120798907e+00    6.6906472310e-04  3.1203404007e-01  6.3677223137e-02    2.4414062500e-04
 3.6331814274e-01 -3.8189769519e-01 -6.7688495555e-02   -2.9930754010e-02  1.4846079644e-02  5.7014659472e-01    2.4414062500e-04
 1.7497283391e+00 -1.3667424518e+00  2.3462659484e+00    4.5482348441e-02  2.5412705718e-01  1.3474807237e-01    2.4414062500e-04
-1.8673207597e+00  8.8336471020e-01 -6.7620546582e-01   -7.6841781158e-02  2.0338064229e-02  3.1447514828e-02    2.4414062500e-04
 2.0544595223e-01  7.7738357629e-01  5.8110460022e-01   -1.5106052824e-01  1.2415400432e-01  1.3130372285e-02    2.4414062500e-04
-4.3642152209e+00  2.2766151301e+00  9.2184068112e-02   -4.5403199446e-02 -2.8200762219e-03 -9.7377293140e-02    2.4414062500e-04
-8.5891256448e-01  1.2337892253e+00 -1.6383025456e+00   -8.2902620952e-02  6.1933422528e-02 -1.9148924737e-01    2.4414062500e-04
-2.1712328305e-01  2.2362859960e+00 -2.0360368513e+00   -5.0495962708e-02  1.1214530924e-02  3.3487373256e-02    2.4414062500e-04
 8.1128583623e-01 -1.7572129381e+00 -4.4331368295e-01   -1.1937967911e-01  5.9518707024e-02 -1.4980543038e-01    2.4414062500e-04
 1.1120676212e-01  8.9073910876e-01  1.6344603356e+00   -2.3323768520e-01 -1.7787682058e-01  1.9742671398e-01    2.4414062500e-04
-3.7926682514e+00  1.0435685289e+00  3.1506105401e+00   -2.7687060874e-01 -8.5168281987e-02 -1.4775228075e-02    2.4414062500e-04
-7.6395392038e-01  1.8732412190e+00 -5.0455405103e+00    2.0013600662e-02 -2.1716277266e-02  2.1951443119e-02    2.4414062500e-04
 1.2322261712e+00 -7.2842669796e-02 -3.5028462646e-01   -3.0177967636e-02  3.9491073019e-03  9.5959506547e-02    2.4414062500e-04
-1.5309526678e-01  2.5521697160e+00 -8.9271026617e-01   -2.1185785437e-01 -2.1276546449e-01  2.1706105406e-01    2.4414062500e-04
-6.7097990505e-01 -8.0157325733e-01 -3.8543738783e-01   -6.4839836425e-02 -2.3750933499e-01  3.8544510841e-01    2.4414062500e-04
-3.4359605521e-01 -8.8671678046e-01  4.3909027901e-01   -4.4897041965e-01  2.3773734312e-01  8.8710593721e-02    2.4414062500e-04
-7.2631448844e-01  1.5642422778e-01 -8.2202452362e-01    5.0282350533e-03  1.4633998274e-02 -2.4954181506e-01    2.4414062500e-04
-1.7381306932e+00 -4.3235126841e+00  8.2141125056e-01    5.0382059242e-02  3.7313580046e-01  1.6691014143e-01    2.4414062500e-04
 2.0070308812e-01  4.5325937316e+00 -1.6997991966e+00    1.7485755398e-01 -1.1193619278e-02  1.9696646772e-01    2.4414062500e-04
 1.3830559283e+00 -7.3063576806e-02  1.9875856790e+00   -3.5494569883e-02 -2.5670064583e-01  1.0715824767e-02    2.4414062500e-04
 6.3218687809e-01  1.3222297547e+00 -3.0689590319e-03    1.8358854266e-02  2.7019449587e-01  1.9210420251e-02    2.4414062500e-04
 3.0104623043e-01 -7.8410501697e-02 -5.1054741690e-01   -2.7741674497e-01  1.6932998754e-01 -5.6599102742e-01    2.4414062500e-04
 2.1909149204e-02  4.3080788417e-01  9.0522057379e-01   -3.1453142723e-02 -4.7552026290e-01  4.8904300698e-01    2.4414062500e-04
 9.8935696275e-01  1.6218807999e+00 -7.9495164530e+00   -1.0104891315e-01 -1.8185331629e-01 -1.4206822075e-01    2.4414062500e-04
 1.7395801034e+00 -8.0381564565e-01  6.5863989447e-03   -6.2223450279e-02  6.7352506426e-02  3.6823503523e-02    2.4414062500e-04
 8.6582339587e-01 -3.9134928095e-01  6.6221017964e-01    3.1839311987e-01 -2.4597601393e-01 -2.4635206006e-01    2.4414062500e-04
-8.1669263988e+00 -1.0920215334e+00  2.9261976438e+00   -9.3156552666e-02 -3.1525996533e-02 -1.2832388825e-02    2.4414062500e-04
-7.4913842689e+00 -4.1242413491e+00  6.4807323702e-01   -1.9714247554e-02  8.5974654103e-02 -6.5563692476e-02    2.4414062500e-04
-1.8945065322e+00 -6.4440520496e-01  1.0430151788e+00   -1.3106693345e-01 -2.1163078121e-01 -1.3883127612e-03    2.4414062500e-04
-1.6585253266e+00  9.3362550261e-01  7.9431781676e-02    1.6525709644e-01  1.2114686584e-01 -3.0666515477e-01    2.4414062500e-04
-3.3398668561e-04 -1.4243643235e+00  3.9478372061e-01    3.7208775137e-02 -2.8363598192e-01  1.6705627150e-01    2.4414062500e-04
-2.0831356576e+00 -6.3766831846e-01  2.0334075151e+00   -3.8983100743e-01  1.8975124150e-01 -8.3373861462e-02    2.4414062500e-04
-8.4040068629e-01 -4.6873822086e-01 -1.1259668152e+00   -2.1613806739e-01  2.1237422029e-01  2.2509810840e-01    2.4414062500e-04
-1.4626986257e+00 -1.1740140124e-01  4.8542075874e-01    1.8098221025e-01 -9.7384677297e-02 -1.3295784727e-01    2.4414062500e-04
-4.7625758036e+00 -7.3858548553e+00 -6.5724414360e-01   -2.1465354900e-02 -8.6695474099e-03  4.3721161936e-03    2.4414062500e-04
 4.8064504654e-01 -4.1032728374e-01  5.7644028018e-01   -1.0415569595e-01  2.4242074403e-02  1.8742063528e-02    2.4414062500e-04
-9.3654687215e-01 -5.0331337239e-01  8.2237397131e-01    3.4463242430e-01  7.3843448530e-02 -3.5439482908e-01    2.4414062500e-04
 8.7347268586e-02  1.4729932842e-01 -9.1596830196e-01   -2.8970297054e-01  1.9577180415e-01 -3.2867783971e-01    2.4414062500e-04
 3.3456619316e-01  7.2214146365e-01 -9.5992857193e-02   -1.1400768636e-01 -1.2746147738e-01 -3.1733206499e-01    2.4414062500e-04
 6.0995118237e-01 -3.6606481596e-03 -8.5285300123e-01   -1.1750538459e-01  2.2773303907e-01  3.1552713097e-01    2.4414062500e-04
-1.9852628486e+00  5.2868285013e+00  6.2690030161e+00    2.8025842173e-01  4.0988606837e-02  6.2615617508e-02    2.4414062500e-04
 5.1401267610e-01 -1.4132788358e+00  1.0441810703e+01   -2.4377419471e-03 -1.5972722839e-01 -4.5549855066e-02    2.4414062500e-04
 9.2474604899e+00 -1.0382078667e+01 -9.6337006719e+00   -4.1016971437e-02  3.9371688961e-02 -1.3082858475e-02    2.4414062500e-04
 6.7730555452e-01 -1.6921655605e+00 -5.3121657434e-01   -1.1087658653e-01  2.1389437127e-01 -1.6988150786e-01    2.4414062500e-04
-3.8105993246e+00 -7.5878363484e+00  1.2631848228e+01    8.9624728639e-02 -4.4979638736e-02  5.2070301263e-02    2.4414062500e-04
 9.7121513551e-01 -3.6885565427e+00 -7.5080543564e+00    1.3081084122e-01  3.3395482000e-01 -3.3401383525e-03    2.4414062500e-04
-1.4935236993e+00  7.8058609093e-01 -7.9194647290e-01   -6.9077694409e-02 -2.8575140164e-02 -2.7867358625e-01    2.4414062500e-04
-4.6636049635e-01 -2.8778510841e-01 -2.9653340102e+00    1.1716035676e-01  5.2784663070e-03 -9.4294698491e-02    2.4414062500e-04
 1.4957828662e+00  1.9768631929e+00  2.3962627869e+00    1.3525841658e-01  1.7606089005e-01  1.7290596341e-01    2.4414062500e-04
-1.0118444820e+00 -5.4494216675e-01  5.7309661892e-01    1.6865829462e-02  1.2893273892e-04  1.6273859075e-02    2.4414062500e-04
 2.8536071610e+00 -6.2167484700e-01  3.5911021203e+00   -2.2519561137e-02  6.2654306218e-02  2.5038619599e-01    2.4414062500e-04
-1.8874790985e+00 -1.8834663437e+00 -1.6184301636e+00   -1.6141787917e-01  1.6139546740e-01 -1.1308029625e-01    2.4414062500e-04
 2.6431053248e-01 -1.2958824963e+00 -1.2317711000e+00    5.5922204548e-01 -1.5969572420e-01 -1.5631178735e-01    2.4414062500e-04
 1.0430256758e-01 -5.1971747003e-01 -4.1570607535e+00    3.1703814438e-03 -4.5936719912e-02  1.0748663482e-02    2.4414062500e-04
-1.5104502207e+00 -5.6259373600e-01  1.7176743554e+00   -1.5349066029e-01  9.0072039037e-02  6.9615485361e-02    2.4414062500e-04
-6.9395262286e-01  5.1412389563e-01 -7.6194133931e-01   -1.2215604279e-01 -1.3980853051e-01  1.4141633717e-01    2.4414062500e-04
 5.0883414618e-01 -6.3214516021e-02 -2.1837891382e+00    1.4987913542e-01  2.3176667164e-01 -2.9396723701e-01    2.4414062500e-04
-4.0881757363e-01 -2.4531458885e-01 -9.3787472719e-01   -3.6850317507e-01 -2.6079417847e-01  3.2074101017e-01    2.4414062500e-04
 6.4832648034e-01  4.8779506378e-02 -2.1098630327e+00    1.3484087264e-01  3.8596044358e-01  3.0041988877e-01    2.4414062500e-04
 1.0419917590e+00 -4.1083717214e-01  1.2270910199e+00   -3.1201480475e-01  1.5920500758e-01  9.0532141069e-02    2.4414062500e-04
-1.3479235369e-01  8.5559620141e-01 -4.2486150326e-01    7.0128262130e-02 -8.8980648670e-02  1.4323673230e-01    2.4414062500e-04
 6.0228579234e-01  1.1859618104e+00  3.0080901861e-02   -2.5199225794e-03  1.2644023720e-01  6.2567022673e-02    2.4414062500e-04
-9.8603190868e-01  7.3762237325e-02 -1.4137630612e-01    1.4026207227e-02  8.8795894796e-02  3.9727071366e-01    2.4414062500e-04
-2.3760377308e+00  2.4717503338e+00 -2.5996083161e+00    1.2914464512e-01  4.8580112351e-02 -2.3097620592e-02    2.4414062500e-04
 4.2753586850e-01  4.5080872625e+00  4.6984208709e+00   -1.0777383220e-01 -7.2145589929e-02  3.0545799934e-01    2.4414062500e-04
 4.5186344881e-01  1.1281020375e+00 -1.1873063713e+00   -4.9283122864e-01  3.7864332438e-02  1.5695173793e-01    2.4414062500e-04
-2.0402236393e+00  8.3312945360e-01  2.1668024021e-01   -3.4837722251e-02  1.5854844136e-01 -1.2247219519e-01    2.4414062500e-04
-4.8997180452e-01 -4.6889229343e+00 -5.5923392685e+00   -4.2147481885e-02  6.0452896690e-03 -1.4716384662e-02    2.4414062500e-04
 9.9062379510e-01  4.4657539250e-01  1.6961497194e+00    2.2993896462e-01  1.3490703180e-02 -4.8046321100e-02    2.4414062500e-04
-2.0286752805e+00  8.2807126834e-01  2.4567564070e+00    4.7914466595e-02 -7.5820713946e-03  6.9683495278e-03    2.4414062500e-04
 2.3978295414e-01 -2.0578102821e+00 -3.4025224575e+00   -7.6668354379e-02 -8.8625044838e-02 -4.2135399398e-03    2.4414062500e-04
 1.6440547476e+00 -1.2180456114e+00 -2.3387049315e+00    3.8180142117e-01  1.6661021892e-01  4.6225627432e-02    2.4414062500e-04
 5.6925470358e+00 -1.2943651889e+01  1.8062891042e+01    1.3330410099e-01 -4.1380602018e-02  5.8927370801e-02    2.4414062500e-04
-7.1004681023e-01  6.0349793349e-02  4.2554054676e-01   -1.0697698355e-01  3.2964714962e-01  3.8508269026e-01    2.4414062500e-04
 4.6152929083e-01  9.2400480740e-01 -5.1873363129e-01   -5.0375267327e-02  2.1411967886e-02 -1.5203061068e-01    2.4414062500e-04
-2.0072109641e+01  5.6755134623e+00 -2.2830240618e+00   -8.8890292113e-02 -7.3439911119e-02  1.0950711968e-01    2.4414062500e-04
-1.1647713882e+00 -1.8009920207e+00  1.9288895969e+00   -1.3153356094e-01  3.6662077787e-01 -1.4277574812e-02    2.4414062500e-04
 1.4638194159e+00  1.5680485792e+00  3.5678078902e-01   -2.9441400888e-01 -4.3786858251e-02 -7.1361629907e-02    2.4414062500e-04
 7.7363581606e+00 -1.2073137187e+00  6.1340304009e+00   -4.8440138669e-02 -4.5282779384e-02 -3.4711840236e-02    2.4414062500e-04
-7.1355874844e+00 -2.1672700915e+00 -2.1414050060e+00    1.5436747127e-01  1.0230350785e-01  1.1415773835e-01    2.4414062500e-04
-5.1599208431e+00  4.3411309646e+00  8.9793371669e-01   -1.6386879299e-01  1.5980966502e-01 -8.9736165073e-02    2.4414062500e-04
 3.2362794797e-01  3.8029499939e-01  5.3251067354e-01   -2.6028826677e-01 -2.2276892339e-02  2.0697148627e-01    2.4414062500e-04
 1.6614190397e+00  1.5779117343e+00 -2.5753517854e-01    3.4272610191e-02 -2.0566029837e-01  2.2642243995e-01    2.4414062500e-04
 9.6192094671e-01 -9.6401716627e-02  5.4956184373e+00    1.0991186073e-02  2.1527796649e-02  6.4899290771e-02    2.4414062500e-04
-1.2130851488e-01  8.2807025530e-01  2.1629427076e+00   -7.5368358975e-02 -2.1809487359e-02  1.3960795260e-01    2.4414062500e-04
 3.4981121126e+00  1.4516449083e+00 -7.5227575494e-01    7.6975712904e-02  5.9427361318e-03 -1.2425096007e-01    2.4414062500e-04
-5.0378903107e-01  5.4568359469e-01  5.3431893939e+00    1.7532980396e-01  6.9646532648e-02 -3.0719036839e-01    2.4414062500e-04
 4.4564391635e-01  3.7016761030e+00 -3.7832965511e-01    5.2394096311e-02 -6.7247546922e-02 -2.3318233501e-02    2.4414062500e-04
-6.9287222513e-01  7.4933499991e-01 -1.3848379296e+00    4.5275215959e-01 -7.2288548506e-02  2.2932692161e-02    2.4414062500e-04
 3.4229814050e+00 -3.5490220528e-01 -2.1383074036e+00    7.1094346366e-02  3.9024022125e-01  1.4627581540e-01    2.4414062500e-04
-2.3628456166e+00 -6.0777884612e+00 -7.4229603526e+00    2.3690908597e-02  6.1640947554e-02  4.4188238873e-03    2.4414062500e-04
-8.0463551915e-01  1.1989898637e+00 -1.7755771026e+00    1.0533592126e-01 -4.3308668776e-02 -1.6923740207e-02    2.4414062500e-04
 1.2348352489e+00 -1.2108055277e+00  5.8671916798e-01   -2.6650622178e-02 -3.6037531712e-01  4.6869289231e-01    2.4414062500e-04
-4.7303721115e-01 -1.6677923585e+00 -2.8510658193e+00   -5.8644683417e-02 -1.2680825357e-01  1.6046559982e-01    2.4414062500e-04
 8.2054998180e-01 -5.4351863256e-02 -1.3698486175e+00    1.3898676261e-01 -3.0274115784e-02 -3.4902349203e-02    2.4414062500e-04
-6.7029006328e-01 -1.6014392977e+00 -5.7576120072e-01    3.3598032830e-02  1.5485243461e-01 -1.8044315422e-01    2.4414062500e-04
 1.7565418971e+00  1.1319129417e+00  5.9203919921e-01   -8.3861421622e-02 -2.3658477486e-01  1.2641113020e-01    2.4414062500e-04
-1.7574572255e+00  4.1863866072e+00  3.4727284813e+00    6.4247892845e-02 -4.6529515924e-02  2.5703572378e-01    2.4414062500e-04
 2.5634313709e+00 -3.2673923178e+00  1.0095318797e+00   -7.9293309842e-02 -5.6203517631e-03 -4.6147776936e-02    2.4414062500e-04
 4.0924197805e+00 -4.4501523661e+00  2.7331585216e-01    1.2820170923e-01  2.7392831107e-01 -6.1641899445e-02    2.4414062500e-04
-1.1519887309e-01 -1.1537776940e-01 -1.2573863721e-01    4.4856428742e-02 -3.2840134155e-02  6.8559675547e-02    2.4414062500e-04
-8.8532430739e-01 -9.1616627852e-01  1.6323800137e-04    9.4905333364e-03 -7.9496129720e-03  9.7374699162e-03    2.4414062500e-04
 5.7295636506e+00 -5.5589538696e+00  3.5542138037e-01   -2.1862813133e-01 -1.0493737712e-01 -9.3463808517e-02    2.4414062500e-04
-2.6957491859e+00  1.5590145412e+00 -8.6783421680e-02    3.2104785208e-01  2.1357985115e-01 -2.8715338993e-02    2.4414062500e-04
-2.2295077720e+00 -9.8393285557e+00  1.8742264415e+00   -2.9765402747e-01  7.2678172339e-02 -1.6725921442e-01    2.4414062500e-04
-1.2338094805e+00  1.2729105336e+00 -1.1836014032e+00    3.2520768609e-01 -1.2969726991e-01 -2.8866922732e-01    2.4414062500e-04
-1.2852519548e+00  6.3289366004e-01  8.3907937490e-02   -6.6875774485e-02 -5.1224021250e-02 -3.3016648989e-01    2.4414062500e-04
-2.6081353612e+00  1.9400637537e+00 -1.0637673535e+00    2.9524796043e-02  1.7259585202e-02  9.1807722224e-02    2.4414062500e-04
-1.0775136848e+00  9.0644221748e-01 -4.0035853197e-01   -1.3622306715e-01  9.1427808012e-02 -1.0812540556e-01    2.4414062500e-04
-1.6654645729e+00 -6.3982316675e-02  1.7257594591e-01   -2.5618232326e-01  2.2988529419e-01 -2.4675606651e-01    2.4414062500e-04
-1.6830172669e+00  1.4578797559e+00  1.8771494612e-01    1.7277211772e-01 -3.4596358966e-02 -3.6522391151e-02    2.4414062500e-04
 4.1597287913e+00  3.7817288990e-01 -1.5731854790e+00    2.9200243448e-02  9.3622334783e-03  3.9981154451e-01    2.4414062500e-04
 2.8424533528e+00  5.2721494817e-01  1.7736699186e-03   -2.3317658447e-01  4.6398836891e-02 -1.6772171919e-01    2.4414062500e-04
-4.5644394614e-01  2.5613930610e+00  1.5306675280e+00   -1.6204107302e-01  2.9443163693e-01  2.4150673064e-02    2.4414062500e-04
 8.8187872818e-02  1.5011400457e-01 -2.5189625753e+00    7.5990853584e-02  1.3106448583e-01 -6.2585435864e-02    2.4414062500e-04
-8.7733714435e+00 -5.8138404249e+00 -1.2901809014e+00   -1.0309427154e-02  3.8680311873e-02 -2.3172872872e-02    2.4414062500e-04
-1.8320288409e+01 -3.1269084054e+00  4.1044815020e+01    2.1405750163e-02 -1.8375765131e-02 -1.5024850583e-01    2.4414062500e-04
-2.3529370733e+00 -8.0760223386e-01 -4.4718515205e-01    3.0652108257e-01  1.5681581799e-02 -1.9641494444e-02    2.4414062500e-04
-2.4934696833e+00  7.2699956885e-01  9.9113930441e-01    4.7723172074e-01  3.0471296431e-01  2.2718830567e-02    2.4414062500e-04
 8.8490568970e-02  3.2861834515e-02  4.2360532064e-01    2.8188324251e-01  4.9309086122e-01 -8.4487098300e-02    2.4414062500e-04
-2.7179669526e+00 -3.0063567576e+00  1.7621911530e+00   -1.5083408929e-01  8.5379852467e-02 -1.9192655941e-01    2.4414062500e-04
-3.4655496267e-01 -3.7169640571e+00  5.8239311775e-01    5.6608259957e-02 -4.6014286843e-02 -9.6854701831e-02    2.4414062500e-04
 1.4845521880e-02 -8.1620262468e-01 -2.3954862811e-01   -1.5579745347e-02 -1.7007157811e-01 -2.5118123198e-01    2.4414062500e-04
 3.6151185956e-01 -2.4363716805e-01  1.1160454388e+00    3.9414677994e-02 -4.8631099710e-02  3.9748407359e-02    2.4414062500e-04
-5.0979277406e-01 -3.5137865481e-01  4.5832439975e-01    1.5887081677e-01  1.9457062111e-01  2.6566361325e-01    2.4414062500e-04
 1.0180331225e+00 -1.0702722751e+00  1.7726595456e+00   -1.4333552834e-01 -3.6512241851e-01 -9.3933760054e-02    2.4414062500e-04
-2.0821018541e+00  1.8130030691e+00 -1.0439715266e+00   -2.2894688918e-01 -6.1373744437e-02  1.3446097325e-02    2.4414062500e-04
-4.1045576606e-01 -7.3563076222e-01  1.4420669370e-01    1.2157206278e-01 -1.1935220057e-01 -3.5166250418e-01    2.4414062500e-04
-4.1440574252e+00  9.4878564780e+00  3.0558833853e+00   -3.1262680463e-02 -1.7765014395e-02 -7.8587572057e-02    2.4414062500e-04
-1.0642373948e-01 -2.3224668306e-01  7.5615916095e-01    8.9319816004e-02 -2.7963892573e-01  3.1658716686e-01    2.4414062500e-04
 9.9502121442e-01  4.6782293307e-01 -7.4890685595e-01   -8.3782802543e-02 -2.6356319580e-01  7.3471297886e-02    2.4414062500e-04
 1.2647994407e+00 -4.3940573635e+00 -1.3342719371e+00   -1.7192049629e-01 -6.2780775291e-02  3.7680119309e-02    2.4414062500e-04
 2.2810070329e+00 -1.3871841470e+00 -2.2365156173e+00   -5.9036405907e-02  8.0185384882e-02 -7.5990508430e-02    2.4414062500e-04
-2.9687534270e+00 -4.9069950293e+00 -8.1373440329e-01    1.2287787364e-01  4.0698617558e-01  1.7751500537e-01    2.4414062500e-04
-3.8438505047e+00  3.3077460686e+00  5.8731669084e+00    1.7222155552e-02 -5.2175851983e-02 -1.0526911282e-01    2.4414062500e-04
-9.0938585706e+00  3.4512000155e+00  1.6196863734e+01   -2.2771281731e-01 -1.1911408048e-01  4.2760028533e-02    2.4414062500e-04
-1.4185406797e+00  2.0161927895e+00  2.0911821282e+00   -8.2517329492e-02 -1.8389780067e-02  9.0491632980e-03    2.4414062500e-04
-8.5255576381e-01 -2.7083152753e+00 -5.4315782502e-01    1.5318540071e-01  8.4572428032e-02 -6.3703347404e-03    2.4414062500e-04
-4.1178772426e-01  1.5185550234e-01 -1.5351729432e-01   -3.3712701589e-01  1.7753040866e-01  3.0810738071e-01    2.4414062500e-04
 1.4276172764e+00 -1.8432688225e+00 -7.5181242828e-01   -2.7154089684e-02  4.6509033306e-01 -1.7696361978e-01    2.4414062500e-04
-6.8020732281e-02 -1.4207460158e+00 -8.2754047071e-01   -4.7489819555e-01  7.1221358831e-02 -2.1329360483e-01    2.4414062500e-04
-6.7451629621e-01  1.9138958830e-01  4.6757155679e-01    6.0656346090e-01 -1.0472533191e-01 -3.8165779484e-02    2.4414062500e-04
 2.3024489231e+00 -2.2625496808e+00 -3.2738711563e-01    2.8863049147e-01  2.3044468756e-01  2.3433370028e-01    2.4414062500e-04
 5.7793942497e-01 -5.8236430968e-02  5.6840188918e-01   -1.8034989587e-01  3.2912495310e-02  4.5843745379e-02    2.4414062500e-04
 2.9714689104e+00  6.9011917343e-01 -1.4659664880e+00   -1.3525362859e-01 -6.8796066267e-02 -2.4141136896e-01    2.4414062500e-04
 8.3284346257e+00 -5.0716815022e+00 -7.8789150873e+00   -5.1373061988e-02 -3.8260116171e-02 -4.9153691029e-02    2.4414062500e-04
 8.9982351901e-02  1.2424169112e-01 -2.2185126476e+00   -1.7500363831e-01  3.9581084562e-01  1.9714508692e-01    2.4414062500e-04
 1.5185619802e+00 -2.8807941972e+00  1.2058337841e+00    1.8297683749e-01 -2.7921193969e-01  4.8511380159e-02    2.4414062500e-04
 3.1041030967e-01  2.9017317212e-01  3.0983742080e-01    4.2087930344e-02  4.9079985183e-01  2.3206698904e-02    2.4414062500e-04
 4.6276253117e-02 -4.6426301561e-01  1.9599776972e+00   -3.2630985362e-01  9.4930720574e-02  3.8658432545e-01    2.4414062500e-04
 1.1472783409e+00  7.5112052827e-02 -6.7408829093e-02   -2.1097589897e-01  3.5953165390e-01  5.0251177858e-01    2.4414062500e-04
-9.7754748489e-03  1.2880641188e-01  1.6624859222e+00   -1.4008481685e-01 -6.8547113287e-02 -1.0125395806e-04    2.4414062500e-04
 4.2505929138e-01 -3.4785573514e-01 -1.9929483268e-01   -2.9241311569e-01 -3.0995492794e-02 -2.9907387712e-01    2.4414062500e-04
-5.3907633128e-02 -2.2595758802e+00 -1.0252507012e+00   -5.0682018519e-02 -4.5337388311e-02 -1.6361697239e-01    2.4414062500e-04
 6.6316406861e-01 -1.4017645218e+00 -4.3652404887e+00    2.1846412270e-01 -2.4168259207e-01  1.2498655738e-01    2.4414062500e-04
 3.5454289213e+00 -1.0681791597e+00  1.9742561431e+00   -1.7802638882e-01 -2.5243345084e-01  1.1197887687e-01    2.4414062500e-04
-1.4952756821e+01  1.1861506306e+01 -2.2779976743e+00    1.2651056836e-02 -2.6423585735e-02 -1.1706732181e-02    2.4414062500e-04
-2.9521028589e+00  2.8987670523e+00 -6.2124453467e+00   -3.3681762209e-03  1.8626810198e-02  6.1076045794e-02    2.4414062500e-04
 2.0742263984e+00  3.2623081850e+00 -1.0683200981e+00    1.2197456924e-01  2.1318869719e-01  3.0883193338e-01    2.4414062500e-04
-1.8170427690e+00  2.0163814780e+00  3.5908875880e+00   -3.3559904478e-02  3.1059785213e-02 -2.9174914916e-01    2.4414062500e-04
-1.2253324386e+00  1.6120520201e+00  2.3179866831e+00   -1.6228815630e-01 -1.9999939272e-01  2.2671396832e-01    2.4414062500e-04
-2.4022315186e-01 -3.3092604779e-01  2.0592575327e-01   -7.0270325799e-02  2.8289906800e-01 -1.6226483392e-01    2.4414062500e-04
 3.2456906482e+00 -2.2998816185e+00  2.1800173418e+00   -3.4466542557e-01  1.0273406625e-01 -1.7364285736e-01    2.4414062500e-04
-2.2312120430e-01  1.4433955191e+00  2.9409832389e+00    7.0140926810e-03 -2.0380505511e-01 -2.2372054016e-02    2.4414062500e-04
-1.7964525108e+00 -8.3461558064e+00 -3.1973606381e+00    1.5410538305e-03 -3.2333114120e-03 -4.9050494954e-02    2.4414062500e-04
-6.5519161317e-01  9.2558046450e-01 -8.1960565981e-01    5.6764284557e-01 -1.4374816514e-01  6.2627015761e-02    2.4414062500e-04
-5.8710230161e+00 -2.6456331284e+00  6.3913167746e+00   -4.8377148256e-02  1.1092234209e-02  1.4279856733e-02    2.4414062500e-04
-6.7822766480e-01  4.3429538155e-01 -9.8782512040e-01    1.8805219733e-01  2.1073006899e-02  6.9567314503e-01    2.4414062500e-04
 7.3014206566e-01 -4.6438141542e-01  1.4393277263e-01    5.8054486874e-02  2.2117496028e-01 -1.1182701044e-01    2.4414062500e-04
 1.0825368430e+00 -2.6042814183e+00 -1.6876566384e+00    2.9813072025e-02  8.4814401606e-03 -7.1698020739e-02    2.4414062500e-04
-1.1688759981e-02 -3.5374544303e-01 -1.8100605575e+00    2.6725316615e-01 -1.6733356961e-01  1.9999272791e-01    2.4414062500e-04
-2.1601907796e-01 -2.4750013792e+00  1.0510083987e+00   -2.6760717735e-01 -5.0553715860e-01  2.0785076708e-01    2.4414062500e-04
 3.4432940185e-01  1.8829907716e+00 -9.9571965661e-01    1.7157497705e-01 -2.1286000984e-01 -3.9871246959e-02    2.4414062500e-04
-1.1722388133e+00 -2.6850192300e-01 -4.6170213071e-01    2.3878811307e-01 -1.7724303513e-01  1.9622490268e-01    2.4414062500e-04
 4.9370542450e+00  3.1300148205e+00 -1.9221518663e+00   -7.1690102025e-03 -1.2217556924e-02 -1.9323116031e-03    2.4414062500e-04
-5.2647263132e-01  7.2124522944e-01  4.9842711086e+00    2.1076091763e-01 -2.9721637302e-01 -2.6153616389e-01    2.4414062500e-04
-3.6404263336e-01 -1.2329417803e+00 -1.0500093789e+00   -9.9710917425e-02  2.8614619200e-01  2.1136039549e-01    2.4414062500e-04
-6.9083718500e-02  1.8448653794e+00  7.9786591025e-01   -2.1185565604e-01  3.1012880751e-01  6.3927935148e-02    2.4414062500e-04
-7.4969202220e-01 -2.8340479114e+00  3.4006356698e+00   -8.8128709780e-02 -2.3928151850e-01 -2.0185571051e-01    2.4414062500e-04
-2.3168125581e+00  8.5340467562e-03 -3.7980223331e-01   -9.8854717987e-02  8.6746321490e-03  3.3034996954e-01    2.4414062500e-04
 3.1032385346e+00  1.7194041732e+00 -1.6975802103e+00   -5.2347127808e-02  5.6070223529e-02 -1.7567407303e-01    2.4414062500e-04
 5.1296957527e+00 -3.1403850701e+00  5.6235146835e+00   -8.7844637603e-03 -1.9609079130e-01  3.3364542034e-02    2.4414062500e-04
 2.1095638304e+00  3.8156012642e+00  3.7166482607e+00    9.4723259062e-03  3.3444741270e-02 -4.7029150885e-02    2.4414062500e-04
 7.1104602942e-01  2.9594582831e+00 -1.0056078695e+00   -1.0434273476e-01  1.0662637274e-01 -1.2863077042e-01    2.4414062500e-04
 4.1806946458e+00 -8.6266691772e-01  2.3397236114e+00   -1.5111657587e-02 -1.1195547934e-01  4.4625583684e-02    2.4414062500e-04
 6.1388080121e-01  4.0991301782e-01  1.2576193236e+00    6.1170466463e-01  2.1119300099e-01 -4.4035117387e-01    2.4414062500e-04
 1.4287850097e+00 -4.3312543367e+00 -3.4075449230e+00    1.2002773665e-01 -3.3547624629e-02  6.0571546300e-02    2.4414062500e-04
-4.5900292692e-01 -8.7600841246e-01 -1.1685192332e+00    4.8604975303e-02 -1.3312609906e-02  1.0364409971e-01    2.4414062500e-04
-5.9554093077e-01  1.6864108028e+00  1.4995109332e+00   -1.2306555205e-01  3.0893702220e-01 -1.9905435726e-01    2.4414062500e-04
 3.1080987817e+00  1.5191259624e-01 -9.1902109173e-01    2.6775404820e-02 -4.8410210465e-02  3.6104397310e-02    2.4414062500e-04
-1.7748200953e+00 -1.0553824964e-01 -4.0158745423e-01    1.9258486557e-01  2.3290847271e-01 -4.6867208527e-01    2.4414062500e-04
-4.3905212860e-01 -2.3229198801e+00 -4.8254741511e+00   -5.3864111291e-02  1.3034745952e-01  2.3076662936e-02    2.4414062500e-04
 2.1808467181e+00 -1.0555239282e+00 -1.9328014262e+00    3.3000089427e-03 -1.5503270024e-02  9.5403456336e-02    2.4414062500e-04
-2.7702969184e+00 -9.3372926310e+00 -4.1624932948e+00   -1.1540804672e-01 -1.3229701422e-01  2.0842624178e-01    2.4414062500e-04
 1.0985562336e+00  3.1135929272e-01  1.3864681227e+00    1.2774163950e-01 -3.1312258688e-01 -2.3811919707e-01    2.4414062500e-04
 2.3382774172e+00 -2.9162716329e+00 -8.2807369382e-01   -3.3834642878e-03 -2.5791754764e-01 -2.1983731060e-01    2.4414062500e-04
-4.0672797096e-01  1.2280088757e+00  3.2131650773e-01   -9.6961287249e-02 -2.1403710419e-01  4.4408500689e-02    2.4414062500e-04
 7.8103817364e-01 -6.0644576387e-01 -8.5991846477e-01    2.0931813629e-01 -2.6571434062e-02  3.1374803879e-01    2.4414062500e-04
 1.5887160132e+00  1.7184836432e+00  1.5069867606e+00   -2.7848282754e-01  3.8187262263e-01 -1.6226174826e-01    2.4414062500e-04
 6.4497681083e+00 -1.5172366650e+00  3.5064385259e+00   -3.5021019437e-02 -5.2921859003e-03  4.8256360707e-02    2.4414062500e-04
-4.2236568721e-02 -5.7969426740e-02  2.5049009217e+00   -6.0977455757e-02 -1.2667395952e-01 -1.3673779894e-01    2.4414062500e-04
-2.7666760039e+00  3.6364339325e-01  6.2314296896e-01    2.7817928749e-01  4.1680274255e-02 -7.0111593056e-02    2.4414062500e-04
 6.3963770144e+00  6.1360296709e+00 -6.3021948896e+00    4.9276195222e-02  3.0061781248e-02 -1.5181941115e-02    2.4414062500e-04
 4.3830466476e-01  2.0007781683e-01  1.4275537958e+00   -3.4358005914e-01  2.1613479502e-01  2.4088178383e-01    2.4414062500e-04
 4.5051547632e+00  3.5622703756e+00 -9.1616828153e-01   -9.9072865207e-02  7.8871149317e-04  1.4058459258e-01    2.4414062500e-04
 3.0552490486e+00 -3.1933959644e+00  8.5884309571e-01    3.6403704240e-02  1.6942425099e-01  2.8688231965e-02    2.4414062500e-04
 2.5932990521e+00 -1.6527270511e+00 -1.8281840314e+00    2.3645415876e-01 -6.5248844236e-02  1.5135005104e-01    2.4414062500e-04
-1.5313554829e+00  3.9929158286e-01 -1.3057083629e+00   -3.3229557977e-01  1.6330574798e-02  2.4906918175e-01    2.4414062500e-04
 4.5881262031e+00  4.4661319387e+00 -1.0951916131e-01    1.2832521550e-01  1.0414197082e-01 -3.0754460458e-02    2.4414062500e-04
-1.7166291131e+00 -1.2474315769e+01  5.7318752924e+00    3.5518561580e-02 -2.1017964835e-02  3.7837704016e-03    2.4414062500e-04
-2.0384630099e+00  3.7300749748e-01 -1.2314882819e-01    5.7494984739e-02  1.0545993918e-01 -1.0304356146e-01    2.4414062500e-04
-5.2512884334e-01 -4.0817773432e-01  2.1429398332e+00    5.4064974234e-01 -8.9908729883e-02 -4.1867215624e-01    2.4414062500e-04
 3.7136373533e+00  1.8349657269e+00 -1.0752586909e+00   -1.1398450547e-01  3.9719965354e-01 -2.2092625391e-01    2.4414062500e-04
 1.4432779212e+00  2.3395882159e+00  6.8359825415e-01   -2.5750737855e-01  8.1017668479e-02  2.0403107062e-01    2.4414062500e-04
-1.1637971056e+00 -1.4598986701e-01  8.0506831786e-01    4.7041618190e-01 -3.1575376190e-01 -6.6609186861e-02    2.4414062500e-04
-2.0454341508e+00  3.5428918020e+00 -5.7278877230e+00    2.5192433917e-02  2.4301298499e-01 -2.0669314615e-01    2.4414062500e-04
-2.9336808343e+00  1.6443847788e+00 -1.3865110132e+00   -1.9023997784e-01  2.5515563532e-01 -1.8294561192e-02    2.4414062500e-04
-4.1750268451e-01 -2.1658215877e+00  5.0482975441e-01    4.3185777255e-01  1.3667442799e-01  1.6077769984e-01    2.4414062500e-04
 5.4374259296e-01  1.7882203410e+00 -1.3207524596e+00   -1.2734327797e-01 -5.8894607755e-02  8.9751599031e-02    2.4414062500e-04
-8.4983673810e-01  3.2831631437e+00  2.3615629137e-01   -5.4479859906e-02 -7.1061184682e-02 -3.2548100785e-01    2.4414062500e-04
 4.0688360410e-01  1.6495775733e+00 -8.6218212410e-01   -5.0453150536e-01 -1.5212891576e-01  1.2304524120e-01    2.4414062500e-04
 1.5872179465e-01 -1.3161197031e-01  3.2795020915e+00   -4.2221751705e-01  4.6169739123e-02  7.9220390954e-02    2.4414062500e-04
-3.2252808219e-01  1.0713566203e+00  3.9492796956e-01    2.0945340935e-01 -1.2679195210e-01 -5.8928787892e-02    2.4414062500e-04
-8.1856117135e-01 -1.7831556623e+00  6.2187796776e-01    2.2346214742e-01  2.4417211178e-01  5.3728974975e-01    2.4414062500e-04
 1.0636599763e+00  1.6606266893e+00  4.7869082420e+00    1.4594963197e-01 -3.4877170160e-02  7.7281652705e-02    2.4414062500e-04
-4.9015364130e-01  9.7125128845e-01  6.4128972442e-01   -7.6883376964e-03 -9.2058226697e-02 -2.5531433592e-02    2.4414062500e-04
-1.3810683855e+00  3.0971164612e+00  1.9736305643e+00    1.2607982446e-01 -1.3573992185e-01  1.5213742724e-01    2.4414062500e-04
-1.9290851787e+00  1.8926540806e-01 -3.4250930291e+00    1.1702436043e-01 -2.3377891441e-01 -1.4272488571e-01    2.4414062500e-04
-1.3713956208e-01 -8.3689780718e-01  4.1766054390e+00    1.2061086412e-01 -1.4094355781e-01  3.6576114114e-01    2.4414062500e-04
-3.9395705245e-01 -2.6771654115e-01 -3.2698119240e-01   -6.4386750929e-02 -2.3302172865e-01 -1.6722160267e-02    2.4414062500e-04
-4.6169933090e+00 -1.8943528470e+00  1.9639873097e+00   -2.3236889637e-01 -1.4294271930e-01  9.4270321427e-02    2.4414062500e-04
 1.2963431613e+00 -9.6960887157e-01  3.5687689211e-01   -1.2502210717e-01  1.3088371215e-01  4.7019981116e-01    2.4414062500e-04
 1.3948085806e-01 -8.4806229568e-01  9.9392377198e-01   -3.7282982885e-01  2.6537049671e-01 -3.5908653879e-01    2.4414062500e-04
-5.5321123529e-01  7.0843689940e-01 -5.8010553354e-01    6.0678467083e-02  2.3118153028e-01  1.7313054477e-01    2.4414062500e-04
 1.8978140424e+00 -2.4184427386e+00 -2.7890353798e-01    4.0417977544e-01 -1.7441813736e-01 -4.7033342592e-03    2.4414062500e-04
-6.9700018548e-01 -1.8975869606e+00  3.4450417311e+00   -6.0842702522e-02 -1.8371460065e-01 -1.1160637193e-01    2.4414062500e-04
 1.1367431309e+00  2.9350999808e+00 -1.4350312919e+00    1.7614030517e-01 -3.2731094771e-01 -2.2150481398e-01    2.4414062500e-04
-7.3217782785e+00  4.4049558695e+00  8.2912088646e-02   -1.8034445526e-02  2.7604411316e-01  1.1712830178e-01    2.4414062500e-04
 6.3907490482e-02  2.1450605296e+00  5.4262617159e-01    1.2562180124e-01 -3.2605474336e-01 -2.7587855866e-01    2.4414062500e-04
-5.0636693497e-01  6.2186991936e-01  7.5108065792e-01    3.5472520935e-01  3.1523938344e-01  2.0803637783e-01    2.4414062500e-04
-1.2970766901e+00  1.0945851085e-01 -1.1135696126e+00    6.6204954089e-01  7.7950656977e-03 -4.0290190396e-01    2.4414062500e-04
 9.5065365623e-01  1.0778270834e+00  5.4446291400e-01   -2.9191301297e-01  2.0103386785e-01 -1.7828927585e-01    2.4414062500e-04
 1.6942008693e+00  1.1826446271e+00 -3.5104752518e+00   -2.0955597996e-02  2.0414815246e-01  1.3996920724e-01    2.4414062500e-04
 1.4602882085e+00  3.8785559696e+00  2.2776621922e+00   -2.4249239834e-01 -1.8280122626e-01  5.8871790559e-02    2.4414062500e-04
 1.0966811672e+00  1.6176926618e-02 -2.2650914589e+00    2.0837363574e-01  2.0128901319e-01 -2.4463758693e-01    2.4414062500e-04
 2.0584442561e-01  1.6482323704e+00 -5.2741567772e-01   -2.8797819899e-01 -2.7039987346e-01 -1.7553720807e-01    2.4414062500e-04
-1.3527101454e+00 -1.8407947350e+00 -3.2230289948e-01   -5.3893263115e-02 -6.0206745058e-02 -1.4685985322e-02    2.4414062500e-04
 2.6345052075e+00  4.7291978575e-01  2.5253338393e+00   -5.6387377484e-02  9.4526038966e-04 -2.3715511406e-01    2.4414062500e-04
-3.8131586657e-03 -4.1702380214e-02  1.3514560629e+00   -1.9530549834e-01  4.1818840125e-01  1.1997117640e-02    2.4414062500e-04
 1.9725325950e+00 -1.2890563685e+00  1.3966428028e+00    5.5558592790e-02 -5.8279079721e-02  3.4443250670e-01    2.4414062500e-04
-5.9353116316e-01 -1.2101075258e+00  6.4834952821e-01   -1.0854979137e-01  1.8478369749e-01  5.7351942403e-02    2.4414062500e-04
-2.9837097874e+00  1.4659367478e+00  3.1014779436e+00    7.2171549064e-02 -1.3078843532e-01  1.2128639808e-01    2.4414062500e-04
-9.1977049338e-01  1.9129603446e+00 -1.7524462915e+00    1.1083354409e-01 -4.2355615107e-01  1.2963002336e-02    2.4414062500e-04
 1.7953477606e+00  1.3843708621e+00  1.3601026897e+00    2.9372989747e-02 -9.6092592965e-03 -4.7207749907e-02    2.4414062500e-04
-1.5643417427e-02  2.3951197425e+00  1.3875509999e+00   -3.3470193543e-01  3.2060672103e-01 -7.7830213658e-02    2.4414062500e-04
-7.5549474031e-01  9.5853911469e-01  1.5863469979e+00    8.2502065259e-02 -2.2622743418e-01 -1.2369319784e-01    2.4414062500e-04
-2.1198980168e+00 -5.1899793585e+00  1.9267792021e+00    3.5228890382e-02 -6.4689266863e-02 -1.0819430848e-02    2.4414062500e-04
 3.3611819021e-01 -1.2984772882e-01  4.9668864138e-01    6.8106057555e-02 -3.1248589852e-02  6.9822040967e-02    2.4414062500e-04
-4.2276739512e-01  1.3423083435e+00  1.0402295118e+00   -4.9691172111e-01 -2.0338267140e-01 -2.1603399769e-01    2.4414062500e-04
 1.2155842204e+00  1.6317889133e-01  1.4676925593e+00    5.8301109129e-02  1.6365433632e-01  1.5486386830e-01    2.4414062500e-04
-3.9542628954e-01  1.0742371894e+00  8.6605191179e-01    1.1323902230e-01  4.2345019298e-02  3.4388489463e-02    2.4414062500e-04
 1.0648299201e+00  2.9028718274e+00 -2.2299554641e+00   -6.6607388230e-02 -3.6017634620e-02 -2.9459643557e-01    2.4414062500e-04
 5.6026886401e-01 -2.5132748304e-01  1.6258195317e-01   -1.2218652977e-01 -2.4547016805e-01  6.6612432446e-02    2.4414062500e-04
-2.7863520897e+00  1.5379749521e+00 -2.1785559266e-01    5.5666437284e-02  8.7023827228e-02 -9.5915886987e-02    2.4414062500e-04
 1.9725745025e+00 -1.9105012252e+00  3.2623133012e+00    1.4653087676e-02  2.2253925736e-01  7.9408816216e-02    2.4414062500e-04
-5.0265101190e-02  1.4649121783e+00  1.0389430221e+00   -2.3830685619e-01 -2.2635545732e-01  2.3238519322e-01    2.4414062500e-04
-4.4587813762e-01 -1.2398410870e+00  9.8910807261e-01   -1.2958016195e-01  5.0130376037e-01 -2.0131870553e-01    2.4414062500e-04
 6.8150986418e-01 -1.0738013388e+00  2.0495705642e+00    1.9385302917e-01 -3.7136912689e-01  1.9664133195e-01    2.4414062500e-04
-1.7342940609e+00 -3.5018587706e-01  6.4413995467e-01    4.7821102012e-02  2.2328803425e-01 -1.4960468471e-01    2.4414062500e-04
-7.7720823454e-01 -1.3401528597e+00 -3.4899708554e-01    3.3517072187e-01 -2.4763995708e-01  1.9621835473e-01    2.4414062500e-04
-5.8475957831e-02 -8.0747486239e-02  3.4676670809e+00   -1.0666765488e-01 -1.3277699858e-02  1.8065421413e-02    2.4414062500e-04
 1.2615381698e+00 -5.0255828226e-01  1.0915757430e+00   -2.8252597022e-01  3.0122903010e-01 -1.9694183663e-01    2.4414062500e-04
 9.7843157665e-01  3.2758435507e+00  1.9045898470e+00    3.1283382070e-01 -4.4384836335e-02 -1.0940660546e-01    2.4414062500e-04
 2.0412591632e+00  6.0388513992e-01 -1.0847281517e-01    8.1922975935e-02 -7.8396005774e-02 -3.6092246148e-02    2.4414062500e-04
-3.8995142672e-01 -4.6525757066e+00 -3.2091787289e+00    2.8111911216e-01 -8.6521881545e-02 -1.1865517586e-02    2.4414062500e-04
 1.7545791739e+00  8.8189722258e+00 -5.4377708693e+00   -1.2661466035e-02 -8.0802168478e-02  2.0675298901e-02    2.4414062500e-04
-2.5717689827e+00  2.1987371239e+00 -2.5100150013e+00   -3.4536710985e-01  8.3479056948e-02 -8.3976223566e-02    2.4414062500e-04
 1.6745764768e+00  1.1886211301e+00  3.7944179706e-01   -4.8115403330e-01  7.3879036991e-02  1.8071914499e-01    2.4414062500e-04
-3.9249031136e-01  5.7211035656e-01  3.1102676877e+00    7.4797966188e-02  2.1802613365e-01 -5.1506537138e-02    2.4414062500e-04
-1.4395604358e+00 -1.6428497793e+00 -4.0597322859e+00    6.8244609219e-02 -1.1581258036e-01 -2.7245819914e-01    2.4414062500e-04
 1.8723375209e+00 -8.2821579749e-01  8.7892153358e-02    2.4188583522e-02 -6.5168007206e-02 -4.6194470693e-02    2.4414062500e-04
 2.6717919469e+00  2.4239598143e-01 -1.0565116401e+00    2.6941588473e-01 -1.6289580189e-01  3.9322063421e-01    2.4414062500e-04
 6.1791121232e-01 -9.1459786116e-01  1.7735116660e-01    2.8853011935e-01  3.8476963396e-02  6.1366316554e-02    2.4414062500e-04
 7.4044742732e-01 -2.2370582643e+00  8.2592961430e-01   -2.4485547206e-02  5.7213344136e-02 -5.4208456878e-02    2.4414062500e-04
-4.9984766491e-01  3.8150919166e-01 -2.1064237036e+00    1.1781777511e-01 -2.0432564886e-01 -5.7281790696e-02    2.4414062500e-04
-5.3798100007e-02 -3.9015427124e-01  1.6772170032e+00   -4.3636470040e-01  2.1519105419e-01  1.4231957378e-01    2.4414062500e-04
 1.5585763071e+00  9.8744035710e-02  3.7636912417e-01   -1.2893897363e-01 -4.3129645633e-01  2.6233158062e-01    2.4414062500e-04
-5.5080285617e-02 -1.0134408582e+00 -2.3054720357e-01   -1.5977204471e-01 -1.6420888137e-01 -1.5263837491e-01    2.4414062500e-04
 9.0788721012e-01  1.2618913565e-01 -4.9229771232e-01    3.9810991210e-01 -1.8893505309e-01  3.5365776217e-02    2.4414062500e-04
 1.1755636021e-01  7.1834326448e-02  6.0616155279e-01   -2.1322643918e-01  3.6306752325e-01  7.6405255814e-02    2.4414062500e-04
 2.3186332709e-01 -6.1892802105e-01 -8.0542987851e-01    8.5430721192e-02  6.7669756756e-02 -6.9091679581e-01    2.4414062500e-04
-8.4235870922e+00  2.8706783773e+00 -1.1952143061e+01    1.0482891430e-01 -4.3081949769e-02 -1.9363994548e-02    2.4414062500e-04
-6.9590769663e-01  5.1035653412e-02  1.1423044919e+00    3.6578223178e-02  4.2621284275e-01  3.1932462090e-01    2.4414062500e-04
 1.6903895740e+00 -1.2420506391e+00  3.9300743522e-01    1.7126767401e-01  3.6693423208e-01  3.7259175433e-01    2.4414062500e-04
 1.5838658443e+01  7.5428619193e+00  1.8351968493e+01   -7.9165194574e-02 -7.4387927934e-02  1.4348310713e-01    2.4414062500e-04
 1.7491820529e+00 -9.7257643505e-02 -1.3518544228e+00   -1.8540070507e-01  4.6505572921e-01 -4.0809790967e-02    2.4414062500e-04
 5.7018363806e-01  6.2545468240e+00 -1.2129212418e+00   -1.4206930472e-01 -2.5941545721e-02 -3.6456669082e-01    2.4414062500e-04
-1.5882573468e+00  2.0784022161e-01 -2.3302011962e-01    1.9299668677e-01 -1.7668795902e-01  5.1112876776e-03    2.4414062500e-04
 3.7815665499e-01  2.1486792706e+00  1.1481863854e+01   -4.6865034241e-02 -3.8028681145e-03  2.4211913078e-02    2.4414062500e-04
-1.0823973284e+00 -1.7673972542e+00  9.3898227996e-01   -4.4077877902e-01 -2.7101791326e-02  4.3168245468e-01    2.4414062500e-04
 5.5386097229e-01 -2.0442814050e+00 -2.7959195085e+00   -6.7266400708e-02 -5.1572805402e-01  2.1570518476e-02    2.4414062500e-04
-9.6546692312e-01  1.5945698901e+00 -4.1256214301e-01    2.3117832802e-01 -2.4707800673e-01  6.8275578469e-02    2.4414062500e-04
-1.9190818043e-01 -1.3418695998e+00 -2.2175884066e-01    8.9347271258e-02 -3.6284982536e-02  3.3613405024e-02    2.4414062500e-04
 3.3036483308e-01  1.4608978789e+00  3.1882620282e-01   -3.1030822103e-01  2.2321931938e-01 -3.4274822787e-01    2.4414062500e-04
-7.2264658245e-01 -1.2809291925e+00 -8.6246274457e-02   -5.0960597287e-01  1.9440894139e-02 -2.5727977629e-03    2.4414062500e-04
 1.8860689854e+00 -2.0528409236e+00  5.0871392701e-01    2.8580486212e-01 -2.7386142677e-01 -2.9752911771e-02    2.4414062500e-04
-1.2744294848e+00  2.5964657149e+00 -6.7282759643e-01    1.1982270601e-01 -2.9231127208e-02  2.8188286760e-01    2.4414062500e-04
-2.5689989486e+00  6.2906235202e-01 -2.7254499601e+00   -4.7816723782e-02 -1.4161804808e-01 -1.9080737494e-02    2.4414062500e-04
-1.4943000070e+00  8.3437161035e-02  1.5567364976e+00   -3.6730010600e-02 -1.5217133831e-01 -1.5197518827e-01    2.4414062500e-04
-2.1449078810e-01 -2.5196456555e-01 -1.0884360594e+00   -3.3439348779e-01  5.5441218954e-01  1.6667899622e-01    2.4414062500e-04
 2.4957792672e+00 -4.1180974702e-01 -2.0941384771e+00   -5.2668616900e-02 -7.8213119225e-03  4.8333736792e-04    2.4414062500e-04
 6.5242042862e-01 -5.6569756659e-01  6.8332461805e-01   -1.3409547955e-01 -9.4373448887e-02 -7.3244608312e-02    2.4414062500e-04
-5.3902215133e+00  6.6258421035e+00 -5.4246799496e+00    8.0785285617e-02 -4.8267621843e-02 -7.0721456642e-02    2.4414062500e-04
-3.9743617963e+00  1.9979917555e+00 -7.6226877531e-02   -2.1951107508e-01 -1.5026166605e-02  2.4695569432e-01    2.4414062500e-04
 2.3265652240e+00 -1.6708168789e+00 -7.9591094393e-01    1.3130610162e-01 -2.6451399158e-01 -3.6291436484e-01    2.4414062500e-04
 3.0887356348e-01 -9.1677247458e-01 -3.3786978572e-01    1.7878989879e-01 -2.4025186848e-01 -1.3717253826e-01    2.4414062500e-04
-1.9114135063e+00 -2.7668669152e-01 -1.4279494589e+00   -2.6086900831e-01 -1.6378585201e-01 -1.0752464252e-01    2.4414062500e-04
-2.7195872652e-01  1.2081249531e-01 -1.1950075017e+00   -9.9082667326e-02  4.8510105853e-02  3.6233549481e-01    2.4414062500e-04
-1.2781859406e+01 -1.0729042438e+01  3.4028730753e+00    1.0444886802e-02 -3.0547342246e-02 -8.7824283794e-02    2.4414062500e-04
-7.0556472232e-01 -7.6596751444e-01 -1.9068932811e+00    4.9285889088e-01  1.6297341978e-01  9.8552163781e-02    2.4414062500e-04
 3.1387820625e-01 -2.8053868887e+00  2.0225552183e+00   -2.8264864617e-01 -1.8680712991e-01 -2.6463064784e-01    2.4414062500e-04
 3.4567582668e-01 -9.6058575588e-01 -2.4002393660e-01   -1.1510420633e-01 -3.1963411293e-01  2.8601085682e-01    2.4414062500e-04
 1.9333862947e+00 -4.8453350235e-01  1.2234829706e+00    7.0126548169e-02  2.0068394216e-01 -7.4938176030e-02    2.4414062500e-04
-2.2245925210e-01  2.7501246236e-01 -1.2343471408e+00    3.0279814596e-01  2.6348550347e-01 -3.7892102618e-01    2.4414062500e-04
 8.1004539300e-01 -2.5014261374e+00 -1.3016729261e+00   -7.8440306036e-02 -8.7497638141e-02  6.9986524230e-02    2.4414062500e-04
-3.9406175174e+00  1.2720221405e+01 -1.2109131741e+01    5.6634510457e-02  1.8938819147e-02 -3.6897067439e-02    2.4414062500e-04
 4.7376028762e-01 -4.1731498999e-01  2.2630807520e+00   -9.7924579156e-02 -8.8304640087e-02  1.0861486843e-01    2.4414062500e-04
-2.2262860681e+00  3.2817107205e+00 -1.7382786893e-01    1.2511489784e-01  3.4582730267e-02  7.6228276486e-02    2.4414062500e-04
 6.5825048598e-01  2.1149280025e-01 -7.5741779073e-01   -4.6151031120e-02 -2.3442593830e-01  3.0166398099e-01    2.4414062500e-04
-1.8306672746e-02 -5.8332322723e-01  1.5054210515e+00   -8.4659167600e-02 -7.0621741672e-02  1.2014445375e-02    2.4414062500e-04
 1.0223984969e+00 -3.3844575902e-01  5.0745529557e-01    1.3838998508e-01  4.6855836668e-02  3.0102148799e-01    2.4414062500e-04
 5.7996345560e-01 -3.5254201812e-01  1.2129490567e+00    3.4266508075e-02 -2.8554537351e-01  3.0101270521e-01    2.4414062500e-04
 5.4323265577e-01 -1.0337590684e+00  4.9633648354e-01   -8.7601984678e-02 -7.8316972560e-02  9.1362471854e-03    2.4414062500e-04
-2.3352385216e+00 -7.8853701149e-01  2.3320753198e+00    1.1586519707e-01 -2.4909290666e-01 -8.8179579762e-02    2.4414062500e-04
-5.2627977589e-01  4.6563062380e-01 -2.3119674152e+00   -1.3488372884e-01  5.2384195670e-01 -2.7107011771e-01    2.4414062500e-04
-9.5997779128e-01 -8.1127502754e-01  2.7173285015e+00    5.6304175334e-03 -5.3556085079e-04 -1.8549962553e-02    2.4414062500e-04
-1.7334285282e+00 -4.8805140661e-01 -2.5783990252e+00   -2.6337285376e-01 -1.1467521253e-01  1.6507430453e-01    2.4414062500e-04
-1.1594343577e+00 -6.5483834839e-01  1.3327258972e+00   -4.4839164155e-03 -1.7679044642e-01  7.1912708357e-02    2.4414062500e-04
-4.8801413483e+00 -1.8031643126e+00  2.7906472544e+00   -4.5996094592e-02 -6.9404079956e-02 -4.3399734257e-02    2.4414062500e-04
-1.5833791629e+00  2.1342180372e+00 -6.2288389621e-01    1.4295761158e-01 -6.0535532903e-02  7.9865401089e-02    2.4414062500e-04
-4.3219954043e+00  1.3732038625e+00 -4.6526179805e+00    4.5963264498e-02  9.5706769427e-02  3.6790284748e-03    2.4414062500e-04
-1.1417051645e-02  3.9842537969e+00  2.9385168350e+00    1.1939174485e-01  2.1488792253e-01 -2.1589298040e-02    2.4414062500e-04
-1.0459204651e+00  3.1258260269e+00 -2.1127845460e+00    5.8716376288e-02  8.4918041228e-02  1.0296230915e-01    2.4414062500e-04
 2.2103188193e+00 -1.4425531103e+00 -6.6017459129e-02   -8.3254241472e-02 -5.9519506276e-02 -6.5836478186e-02    2.4414062500e-04
-2.7567273562e+00 -3.6923718297e+00 -2.9279975946e+00   -2.1632611424e-01  4.8002125641e-03  3.6309180248e-01    2.4414062500e-04
-2.6077387868e+00 -1.9866596243e-01 -2.5471220501e+00    1.3758371134e-01  8.3666478703e-02 -1.1636508599e-01    2.4414062500e-04
 8.0974417290e-01  4.2730808088e+00 -6.3957301541e-01   -3.5871348074e-01 -7.2595504419e-02 -1.2934923821e-01    2.4414062500e-04
 7.1310844917e-01 -4.6704620073e-01 -8.4910580467e-02    4.1723065459e-01  3.8606621039e-01 -5.0388479052e-01    2.4414062500e-04
-4.7134383942e-01  4.8016832918e-01  2.0944020222e+00    2.1045617039e-01  2.5099725082e-02  4.5403944412e-02    2.4414062500e-04
-7.2452977379e-01 -2.1139241259e+00  2.6600433132e+00   -3.5220231211e-01 -1.8923479786e-01  1.5397507481e-01    2.4414062500e-04
 8.2141458951e-01  2.2033154811e-01  5.0308350951e-01   -4.7560087817e-02  2.0816509332e-01  4.4822115319e-01    2.4414062500e-04
 1.1064950246e+00  9.2076666022e-01 -2.2469167671e+00    5.7638490981e-02  6.8344607884e-01 -1.0434730098e-01    2.4414062500e-04
 1.5404671924e+00  2.3294096506e+00 -7.6401403644e-01    1.4901462669e-01 -3.0430564240e-01 -1.0000770134e-01    2.4414062500e-04
-1.5077378419e+00  2.0772841650e-01 -5.0096214282e-01    4.0655116481e-02  1.1191225588e-01 -7.7358107030e-02    2.4414062500e-04
 4.4245610742e-01  1.7788648810e+00 -3.2271830042e-01   -1.8298217468e-02 -2.6878229152e-01 -2.8904438896e-01    2.4414062500e-04
 2.8421027344e+00 -2.3476092939e+00  1.8602402764e+00   -2.1282503219e-01  1.6119569803e-01  3.7297690046e-01    2.4414062500e-04
 7.2581218076e-01  5.1316338186e-01  5.6871173476e-01   -1.2851530604e-02  1.2934580424e-01 -8.1674828612e-02    2.4414062500e-04
 2.8426964106e-01 -2.5771820989e-01 -1.5345327275e-01    6.9339819263e-01  1.5872627688e-01 -8.7697025245e-02    2.4414062500e-04
-4.7664515680e+00  5.9571923483e+00 -4.9437386667e+00    1.5280955443e-01 -6.0767778806e-02 -2.1173005073e-01    2.4414062500e-04
 1.6756478587e+00 -2.5928737692e+00  2.4678607115e+00   -1.7844589886e-01 -2.6694815520e-01 -1.0648913356e-02    2.4414062500e-04
-4.4198178535e-01  2.8470037937e+00  7.2165069467e-01    1.3280508717e-01  5.4688411899e-01 -4.8475999195e-02    2.4414062500e-04
 2.7323247710e+00 -1.9894260216e+00 -3.1074604108e+00   -2.5419926778e-01  3.1359604194e-01  1.8088566223e-01    2.4414062500e-04
-9.6438995100e-01  9.0921431645e-01 -1.0214524796e+00   -1.0876728431e-01  1.0031854435e-02 -3.7247061248e-01    2.4414062500e-04
 2.4257558615e+00 -2.6740383209e+00  8.6713628768e-01    1.0017774100e-01 -1.2259767562e-01  7.2225800499e-02    2.4414062500e-04
-1.9172670110e+00  6.8770682567e-02 -2.3829499166e+00   -2.8719918200e-02 -1.7699223376e-02 -7.4047991275e-02    2.4414062500e-04
 7.0040816620e-02 -8.7041803353e-01 -1.4985752347e+00    3.5701717914e-02  2.7896817403e-01 -9.7586926571e-02    2.4414062500e-04
-5.1067432497e-01  5.1817879053e-01 -1.5905735141e+00   -2.3077785972e-01  1.5677646623e-02  1.8306533103e-01    2.4414062500e-04
-3.4684138429e-01 -2.1507256272e+00  1.1734902382e+00    1.0180460295e-01 -2.3358943460e-01  1.0421681517e-01    2.4414062500e-04
 8.9579775107e-01  5.2164006359e-01  3.2884237961e-01    2.9965456679e-01 -9.9685369978e-03  3.1684338656e-01    2.4414062500e-04
-5.0229217185e-01  3.8619973033e+00 -1.1981951297e+00    1.3855361793e-01 -8.8344725657e-02 -1.2419454889e-01    2.4414062500e-04
-3.2129258612e+00 -3.4206586156e+00  6.5316747121e+00    4.2538786598e-02  1.0417606097e-02 -2.5775617590e-02    2.4414062500e-04
 8.6953939582e-01  6.6517991024e+00  3.9462119313e+00   -1.3308133281e-02 -8.3916992728e-02 -1.5532217910e-01    2.4414062500e-04
 2.4762474812e+00 -1.6025820666e+00 -8.4702711608e-01   -1.7008789141e-01  6.4781055807e-02 -4.1035877664e-01    2.4414062500e-04
-1.0692068713e+00  9.4164811824e-01  4.7491016595e-01    1.3827096254e-02 -6.5024519878e-02 -3.9492838184e-02    2.4414062500e-04
 1.4105570477e-01  2.3449469538e-01 -3.5221579024e-01   -3.3060667140e-01 -3.0076642065e-01  1.7137974765e-01    2.4414062500e-04
 7.7349081437e-01  7.6659526133e-01  2.6760689818e+00    5.0855471242e-02  1.3789744790e-01 -3.5540322155e-01    2.4414062500e-04
 8.5828586622e-01  9.4880584303e-01 -1.0741634820e+00    1.0163828244e-02 -1.1493260013e-01  1.7981609610e-01    2.4414062500e-04
 4.0112299002e-01 -1.1859347252e+00  1.2016248569e+00    2.1687644890e-02  9.9678144667e-02 -3.2685280815e-01    2.4414062500e-04
 3.1820834902e+00  1.6198773551e+00  8.5402960442e-01   -2.2927519676e-01 -1.1396143417e-01 -1.1026535223e-01    2.4414062500e-04
-6.9788978399e-01 -1.5207577112e-01  8.5677726405e-01    9.2790405450e-04 -3.6027678152e-02 -1.2628772580e-02    2.4414062500e-04
 1.2604734774e+00 -2.3677897817e+00 -1.5457244806e+00   -1.2476655776e-01  4.0724598876e-01  5.9363009785e-02    2.4414062500e-04
-4.0622448318e+00  7.8170192768e-01  1.0792783107e+00    7.7475450042e-02  2.8334021412e-02  7.0530107995e-03    2.4414062500e-04
-4.8529215965e-01  2.2849589566e-01 -3.6840721158e-01   -4.5642833016e-01 -5.8014327151e-02 -1.0151523939e-01    2.4414062500e-04
-1.2273460379e+00  2.4325564765e+00  1.1776890364e+00    1.3825005733e-02 -1.7769222895e-01 -2.8521845924e-01    2.4414062500e-04
-3.3192834514e+00 -1.5889913667e+00  1.5311656627e+00    1.3051836196e-01 -2.0840084674e-02 -2.8638021250e-01    2.4414062500e-04
 2.2089078710e+00 -7.4777073615e-01  2.2862625256e-01   -3.2715573912e-01  1.4786744831e-01 -2.2392620032e-02    2.4414062500e-04
 7.2674455365e-01 -8.0934838859e-01 -1.3946732310e+00   -2.0663080008e-01  2.5781083016e-01  4.3991944902e-01    2.4414062500e-04
 3.9805175649e-02 -6.0854451972e-01  1.1043301939e+00    1.2948893774e-01  3.1051676615e-03 -1.9448679180e-01    2.4414062500e-04
 1.2655737316e+00 -7.9069663389e+00 -7.9849247524e+00    4.9774406358e-03 -2.9380390801e-02 -7.2020243583e-02    2.4414062500e-04
 6.2588071701e-01  9.2744857245e-01 -1.9321868018e+00   -2.8472405727e-01 -2.2370147717e-01 -7.5462232230e-02    2.4414062500e-04
-4.7502790084e-01  4.6370595531e-01  1.2931909279e+00   -3.2393840977e-02  2.4857554311e-02  2.6271286504e-01    2.4414062500e-04
 3.6949048945e-01  6.5365456501e-02 -7.0583773719e-01    3.5480263477e-02 -3.1001683431e-01 -9.0241561362e-02    2.4414062500e-04
-8.9683872021e-01  2.4930379348e-01 -1.2029823543e+00   -2.0390653192e-01 -5.1313884496e-01 -1.9484466221e-01    2.4414062500e-04
 1.8742211018e+00 -6.1824955314e-01 -5.0834111397e+00   -1.4184797003e-01  5.2049343949e-02 -8.8004330939e-02    2.4414062500e-04
-1.1285298268e+00 -4.5620645705e-01 -4.4812316294e-01   -1.1418279949e-01  1.6971709388e-02 -2.5498673046e-02    2.4414062500e-04
 1.3212631328e+00  1.7222213467e+00  2.9994406241e+00   -1.5174307574e-01  1.4800294144e-01 -1.2245324756e-01    2.4414062500e-04
-5.8893000259e+00  5.6639853827e+00 -6.0457426776e-01   -1.0642596461e-02 -3.2150726973e-02  2.2623672113e-01    2.4414062500e-04
-1.4884233214e+00  1.0631671066e+00  1.0946143646e+00   -6.6497981804e-01 -1.1554417651e-02  1.8681342340e-01    2.4414062500e-04
 1.6802813862e+00 -1.3180379878e+00 -1.7044179652e+00    2.9475525996e-02 -1.6744709668e-01 -3.5469625820e-02    2.4414062500e-04
 9.8076445421e-01 -7.9695910262e-01  2.5805822893e-02    3.9451474871e-04 -3.2707239999e-02  7.7254098609e-03    2.4414062500e-04
 1.4829940739e+00 -3.9541567781e-01 -3.2449752249e-01   -3.1406439414e-02 -6.1169046892e-02  1.1366114945e-01    2.4414062500e-04
-2.1848227813e-01  8.0621265031e-01  2.0089231306e+00    1.2014691767e-01  1.8570148983e-01  1.3707304571e-01    2.4414062500e-04
-2.8543333389e+00 -2.4336404333e-01  2.3137215774e+00    1.2389704284e-01  2.1391226358e-02 -9.8600435781e-02    2.4414062500e-04
 2.2721717865e+00  8.1926684113e-01 -9.7893648686e-01    3.2495180204e-02  6.8740363268e-03 -4.5582899453e-02    2.4414062500e-04
 4.7118683561e+00  5.8702815713e-01 -3.5629841337e+00   -5.9287063514e-02 -7.8957355853e-02  4.9611023351e-02    2.4414062500e-04
-8.8934694373e-01 -2.1413384591e+00 -3.5582641389e+00    1.5149659950e-01  5.2250821930e-02  2.8436503927e-01    2.4414062500e-04
-2.0630451468e+00 -4.8296596091e-01  2.0053755177e+00    2.2028454206e-01 -1.1414408819e-01 -1.6163171225e-01    2.4414062500e-04
-7.4541105841e-01  9.8453156081e-01 -1.9497845656e+00    1.5811436720e-01 -1.2116141654e-01  3.7605753310e-01    2.4414062500e-04
-1.7700600750e+00  1.1254875570e-01  2.2870759108e+00    2.7442221159e-02 -7.0604654523e-02  6.8899586900e-02    2.4414062500e-04
-9.8806606418e-01  4.6574414691e-01  2.0620469816e+00    2.2009691952e-01  9.8446331783e-02 -3.7321005212e-01    2.4414062500e-04
 8.0288160037e-01 -2.0818152532e+00 -8.7517857245e-01   -2.8652412934e-01 -1.0754830678e-01 -5.7042475824e-02    2.4414062500e-04
 4.9470091112e-01 -1.4819248602e+00 -7.8995953328e-01   -9.2218225251e-02  1.0536337566e-02 -1.8272970998e-02    2.4414062500e-04
-2.3300811736e-01 -1.0587793987e+00  6.5516774058e-01    5.2517956800e-01  1.8644718632e-01 -2.2413921886e-01    2.4414062500e-04
 3.8266083438e+00  4.4640722231e+00  1.1405054320e+01   -8.6258680492e-02  8.3249719032e-02 -1.5722798763e-02    2.4414062500e-04
 5.8818995713e-01 -9.5335464445e-03 -5.3073877565e-01    3.8382627881e-02 -7.7814032954e-02  1.3966349593e-01    2.4414062500e-04
 2.1341689221e-02 -3.1220966259e-01  7.1898193043e-01   -2.1082718395e-01  1.2345336901e-01  1.8391978852e-01    2.4414062500e-04
 1.0268347144e+00  1.5644120723e-02  5.2065931628e-01    2.2984460964e-01  3.1424397622e-01  4.5582861426e-01    2.4414062500e-04
 4.7270719914e-01 -1.2009024824e+00  1.7380839564e+00    3.8356905049e-01  1.5884114479e-01 -2.6430682509e-01    2.4414062500e-04
 1.0200347343e+00 -1.0846608311e+00 -2.1537627019e+00   -7.9462868159e-02  1.7582758508e-01 -8.3235720249e-02    2.4414062500e-04
-1.4590107355e+00  3.0124349669e-01  1.0131748761e+00    1.7739983319e-02  4.4014641554e-02 -4.1687464060e-01    2.4414062500e-04
 3.6914051585e-01 -2.8075669093e+00 -3.1145793339e+00   -8.3024956167e-02 -1.2503689671e-01 -2.3473481299e-02    2.4414062500e-04
 2.0613105114e+00 -1.5207058269e-01 -1.5153256179e-01   -5.5233261756e-01 -1.5613069198e-01 -1.2401109964e-01    2.4414062500e-04
 1.0335687407e+00  2.6590396908e-01  6.0049704110e-01   -3.3028679610e-01  3.1426045378e-01 -3.6730502674e-01    2.4414062500e-04
-1.5831115700e+00  6.0157812589e-01  1.5454256657e+00    5.0384382195e-01  8.9107890580e-02  1.1830961557e-01    2.4414062500e-04
 1.2837143280e+00 -1.6541363547e+00  1.0566856570e+00   -1.3216013419e-01 -1.2067806981e-02 -3.2613415327e-01    2.4414062500e-04
 5.4069512813e-01  2.3525087488e+00  1.3133995893e+00   -1.0412976843e-01  1.8660688783e-02  2.3709950219e-02    2.4414062500e-04
 8.1253077695e-01  1.5071066293e+00  8.1722069340e-01   -2.3091865406e-01 -4.7085456767e-02 -1.1662189128e-01    2.4414062500e-04
-1.4834475616e+00  1.6476578983e+00  4.0214642054e-01   -6.1461827481e-02 -1.1833748114e-01 -5.2262443015e-01    2.4414062500e-04
-1.4323199809e+00  5.4887299742e-01  1.2426936544e+00    6.7013969879e-02 -8.9660534373e-02  6.6345283770e-02    2.4414062500e-04
 6.2744754410e-01 -1.0104329816e+00  6.3178750914e-01   -6.6973945598e-02  6.4673237602e-02 -4.8962723185e-02    2.4414062500e-04
 5.0562282084e-02 -3.9360156814e-02  2.0371958338e+00   -5.5931519513e-02 -1.0880812607e-01 -5.9925255489e-01    2.4414062500e-04
-3.5364095763e-01  3.1879717196e+00 -1.3678562209e+00    6.4024522708e-02 -1.9361326123e-02  8.4841090054e-02    2.4414062500e-04
-9.5438012994e+00  1.1324757601e+01 -5.1022952636e+00    6.0336322424e-02  6.6853901251e-02 -1.7156609036e-01    2.4414062500e-04
 2.5677969780e+00 -4.9050990212e-01  9.2080243297e-02    8.5849395867e-02 -1.9793290291e-01  2.5452067602e-02    2.4414062500e-04
-1.9539375191e-01  2.1057047692e+00  1.5596168564e+00   -2.0143364461e-01 -1.8616666371e-01 -4.0209221551e-01    2.4414062500e-04
 2.8368222318e-01 -1.1383490594e-01 -1.6707504448e+00    9.9915180547e-03 -1.7295012083e-01 -1.3107847212e-01    2.4414062500e-04
 9.4468260594e-01 -1.8582656380e+00  4.8202391557e-01   -2.5661806925e-01  2.5682310411e-01  9.7877231570e-02    2.4414062500e-04
 5.2517055060e+00  5.0651160182e+00 -1.2470413946e+00    3.3371271364e-01  8.3406350393e-02 -1.2135279923e-01    2.4414062500e-04
 6.5266561288e-01 -5.3790237370e-01 -1.1258521978e+00    6.4667994692e-03  4.4608899345e-01  1.5603583689e-01    2.4414062500e-04
-1.5327477421e+00  1.6814537510e+00 -9.3654653376e-01   -1.9199680483e-01 -6.0034922616e-02  3.0664129734e-02    2.4414062500e-04
 2.6101879488e+00  4.2346631035e+00  8.9319786692e+00   -2.7535350465e-02 -8.4755770782e-02 -8.9615492295e-02    2.4414062500e-04
 2.2379093036e+00 -9.4643530716e-01  3.0923965993e+00   -6.3053027532e-03 -7.3848774735e-02 -8.6525829263e-02    2.4414062500e-04
-2.7731060568e+00 -5.4995459672e-01 -1.3256660725e+00    2.9290707178e-02  8.7933677050e-02  4.7797476682e-01    2.4414062500e-04
-1.5369857907e+00 -1.4496076983e+00  1.8006641144e+00    2.9066663095e-01  4.5594045051e-01  1.0012958865e-01    2.4414062500e-04
 1.0366671078e-01 -7.3360416244e-02  5.2047069297e-01   -3.8690551515e-02  1.4417366002e-03 -3.0449884571e-01    2.4414062500e-04
 1.5357975447e+00  2.2023126732e+00 -1.2938968863e+00    2.3953584591e-01  3.5347462236e-01 -3.3227992509e-01    2.4414062500e-04
-7.3978352689e-01  1.6420595054e+00 -9.1909717215e-01    1.8479015343e-01 -3.3192706643e-01 -3.3495894162e-01    2.4414062500e-04
 7.4315812624e-01  7.3926933361e-01  8.4949820341e-01   -1.7288517835e-01 -5.0765191730e-01  8.0228096712e-02    2.4414062500e-04
-3.5152166548e-01  1.4687964696e+00 -1.6385750130e+00   -5.4036305425e-02 -4.5313161382e-02  5.1765410613e-02    2.4414062500e-04
-7.4632005847e-01 -7.5562885307e-01  2.2917449284e+00   -6.3748309032e-02  3.4685780303e-02 -1.6888909139e-02    2.4414062500e-04
 2.9388663377e+00 -1.2388927854e-01  2.8334486004e+00    2.4528224193e-01 -2.9020540241e-01 -1.3173642183e-01    2.4414062500e-04
 9.1150487212e-01 -1.7733760599e+00 -2.3647761925e+00    2.7008123523e-01  4.4435892947e-04  6.8614737442e-02    2.4414062500e-04
-3.2943558081e-01 -1.2437543312e+00  8.3640089485e-01    1.3624873249e-01 -8.3081391071e-03 -1.4443430389e-03    2.4414062500e-04
 3.1335209229e+00 -2.6217279373e-01 -5.1323366304e-01    3.4869602671e-01  6.0665324701e-03 -4.8020380788e-01    2.4414062500e-04
-1.3199577173e+00  1.5163331330e+00 -1.5915042806e+00    8.5104868173e-02  1.1140611326e-01  4.9878184755e-01    2.4414062500e-04
-3.1660068412e-01  2.2766428461e+00  1.2347752441e-01   -3.6193993314e-01  1.0127112221e-01 -9.2903588184e-02    2.4414062500e-04
-2.9884599127e+00  1.0680818943e+00 -5.2292229668e-01    1.6553622186e-01  1.1210755029e-01 -4.5900262595e-01    2.4414062500e-04
 1.2673124268e+00 -1.0582170971e+00 -1.6725463054e+00   -2.1819712054e-01  3.8454208636e-01 -3.2842954751e-01    2.4414062500e-04
 2.5185157125e+00 -2.2370661890e+00  1.0404128336e+00    1.5354868550e-01 -4.3415623571e-02 -2.0914313918e-01    2.4414062500e-04
-5.5521050483e+00  4.4584863098e+00  5.1147832964e+00   -4.4211811544e-02 -1.6579977718e-01  1.4170093053e-01    2.4414062500e-04
-1.2311789355e-01  2.9583100189e+00 -7.7143380984e-04    7.3014859242e-02 -1.7946568007e-01  1.7557259614e-01    2.4414062500e-04
 7.3226074027e-02 -3.2181759205e+00  7.2477224690e-01    5.3950476503e-02 -1.7449603730e-02 -4.8148992201e-01    2.4414062500e-04
 1.2975713648e+00 -3.8750647452e-02 -1.1710477480e+00    2.4073946177e-01 -3.0257394304e-02  4.0146813773e-01    2.4414062500e-04
 1.3235727981e+00 -1.3020566548e+00  4.5298849455e-01   -3.6835070954e-01 -1.9772232482e-01 -9.1241545598e-02    2.4414062500e-04
-5.8162727108e-01  2.0556261513e-01  9.6622436848e-01    4.3521322497e-01  4.1149903600e-01  1.1871070204e-01    2.4414062500e-04
 1.3524165413e+00  3.0234941631e+00  1.1123074460e-01    3.2800007857e-01 -4.1644588401e-01 -5.2010327010e-02    2.4414062500e-04
 4.6187839654e-01 -7.3840986814e-02  1.7675690894e+00   -1.3574373325e-01  5.3605158043e-02 -1.0084325099e-01    2.4414062500e-04
 1.3122432359e+00  4.1921980614e-01 -7.7683576807e-01   -3.2849895144e-01 -3.2711299177e-01 -4.4047738034e-01    2.4414062500e-04
-9.8176846878e+00  2.1924042894e+00  3.4867497632e+00   -1.4712491703e-01  2.7203167193e-02 -1.4757644303e-01    2.4414062500e-04
-1.5632682975e+00  2.7634137023e-01 -1.0875373393e+00   -1.0942796434e-01  5.8135175373e-02 -2.1971531841e-01    2.4414062500e-04
-9.9817199285e-01 -1.1739803352e+00 -1.5402384853e-02   -1.5106923186e-01  4.4274455985e-01  2.0128979368e-01    2.4414062500e-04
 7.6380659484e-01  1.1034602992e+00 -1.1656684420e+00    2.0639538712e-02 -1.0940500948e-01  7.1986398948e-02    2.4414062500e-04
 3.1275306656e+00  7.8855469625e-01 -1.2478538245e+00    1.2334659108e-02 -2.0027438267e-03  1.0157258775e-01    2.4414062500e-04
 2.1853727134e+00 -1.2932722067e+00 -8.1672947450e-01   -2.8301208073e-01 -8.8709620007e-02 -8.2213703810e-02    2.4414062500e-04
 8.1311831518e-01  6.7250156349e-01 -2.7819552936e+00    2.1383801046e-02 -8.5239608916e-03  2.9374102919e-02    2.4414062500e-04
-4.9886091942e-01  9.8794750674e-02  1.8138300490e+00   -2.6477581068e-02  6.5059034965e-02 -1.8776153796e-01    2.4414062500e-04
-9.3743375408e+00 -2.7958800451e+00  4.3966892871e+00    1.3317923874e-01 -1.3785427683e-01 -7.6807583016e-02    2.4414062500e-04
 1.0341990539e+00 -1.1464480985e+00  1.0811470411e+00   -2.2726510025e-01  2.7440459414e-01  8.8024071271e-02    2.4414062500e-04
-5.0438535942e-01  2.2963026220e-01  7.6226124459e-01    4.7423850204e-01 -1.1173715763e-01  4.0286182947e-01    2.4414062500e-04
-2.7678626016e+00  7.7228362869e-01  1.2012975406e+00   -1.2780657257e-02  2.6396073524e-02  4.6004361988e-02    2.4414062500e-04
-7.4641235313e+00  3.1100477486e+00  1.9609190626e+00   -5.7387401061e-02  1.0419063835e-01  7.7410499775e-02    2.4414062500e-04
 3.4751524324e-01  5.5552816007e-01 -1.2555992351e+00    2.7868612672e-01 -3.0640958876e-01  3.0641290559e-01    2.4414062500e-04
-1.3874266203e-01  4.3725742442e-01  1.2353618760e+00    1.8074062188e-01  5.9361586618e-02 -1.2642904142e-01    2.4414062500e-04
 3.3041751515e-01  4.9089585456e-01  2.5244629536e-01    2.0354441723e-01 -4.1890049710e-01  1.8026964419e-01    2.4414062500e-04
 1.8658834750e+00  2.2734061741e+00  6.5873752379e+00    4.4848143584e-02  2.7501448949e-02  6.5063726986e-02    2.4414062500e-04
-1.8162272926e+00  2.9614456460e-01  2.0644687461e+00   -2.6533720061e-02  1.3181611411e-01  4.4180479104e-02    2.4414062500e-04
 3.3608638669e+00  3.0203835454e+00 -1.6450985533e-01   -3.2573966800e-02 -1.3508003167e-01  2.8954601592e-01    2.4414062500e-04
 2.0010456097e+00  1.9150295766e+01  2.0340293607e+01   -1.8870382688e-02  6.0027930512e-02 -4.3479177958e-02    2.4414062500e-04
-7.0490583246e-01  4.6656311790e-01  4.7893162371e+00    1.7655511046e-01  1.7241872149e-01  1.4593297609e-01    2.4414062500e-04
 3.0598634566e+00  1.5072212589e+00  5.8227146156e-01    1.0229974252e-01  9.7822680090e-02  2.7719145796e-01    2.4414062500e-04
 1.1680928661e+00  8.6147762867e-01 -1.0776317014e+00    1.2451942384e-02  1.7432184151e-01  2.9954203251e-01    2.4414062500e-04
-6.6697123307e-01 -3.5323487494e-01 -4.2381395896e-01    2.0477299849e-01  1.2555740751e-01  4.0335560073e-01    2.4414062500e-04
-1.5177009591e+00  9.2011848434e-01 -4.7735919606e-01   -2.3730304621e-01 -1.1026398252e-01  1.8583477133e-02    2.4414062500e-04
 7.5863194915e-02  1.6012293167e-01  7.1507799955e-01   -3.8838740232e-01  4.5986082357e-02 -5.6713804836e-02    2.4414062500e-04
-2.7683542928e+00 -4.8815520951e+00 -1.2713869415e+00   -6.5190511597e-02 -1.6868569660e-02  3.5092533312e-01    2.4414062500e-04
-2.6961909712e+00 -3.0806458831e+00 -1.2615356601e+00   -5.9928319682e-02  4.7455404127e-02 -1.8214441311e-02    2.4414062500e-04
 2.3956758480e+00  2.8592044872e+00  4.6400848523e-01    2.3422039103e-02 -1.5217425015e-02 -1.3473695448e-01    2.4414062500e-04
 1.7168999075e-01 -2.8469360664e+00 -4.3045101775e-01    2.0655319680e-01  1.5056521715e-01 -1.4337380341e-01    2.4414062500e-04
 7.0494495047e-01  1.9829333398e+00  2.6238448976e+00    1.6841810813e-02 -2.7760507585e-01  2.2509750666e-01    2.4414062500e-04
-6.3823351694e-02 -1.5401819512e+00 -1.9185877843e+00   -1.0967782086e-01 -1.8206681595e-02 -1.3968594433e-02    2.4414062500e-04
-8.1740476026e-01  2.9197792686e-01 -5.0072883424e-03   -8.2519796836e-02  1.2070254932e-01  8.7897780336e-02    2.4414062500e-04
-1.9228422358e+00  4.4298581824e+00 -2.0566656073e+01    1.2928497458e-01  8.1278994765e-02  1.0950503113e-01    2.4414062500e-04
-4.4494665415e-01  5.0885598515e-01 -1.2088798151e+00    5.0604934537e-01 -6.5968497179e-02  2.1029658454e-01    2.4414062500e-04
-6.9596652131e-01  1.1563377158e-01  5.3825620682e-02    2.2657939200e-01 -6.0979637870e-03  5.2376249633e-02    2.4414062500e-04
-4.4422296430e-01  2.1712467565e+00 -1.5800488874e+00   -4.1781401217e-01 -1.3779450597e-01  1.1913283831e-01    2.4414062500e-04
-6.7033197317e-01 -4.0169305824e-01  7.4038897447e-01   -3.7792903103e-01  4.2625581937e-02  1.8222019660e-01    2.4414062500e-04
-1.5988496414e+00 -7.6007698060e-01 -9.3458052685e-01   -1.9579780567e-01 -2.1950022104e-02 -4.1275667397e-02    2.4414062500e-04
 4.5454111015e+00 -3.0820970490e+00  6.4721458952e-01    2.0636640932e-02  1.7986607664e-02  9.3012010258e-03    2.4414062500e-04
 1.4225239432e+00 -1.6649881198e-01 -1.7499067813e+00    2.1246637313e-01 -1.2646250769e-01 -2.4273275236e-01    2.4414062500e-04
 9.5398453176e-02  1.6964970822e+00 -9.8420444216e-02   -1.8140949388e-01 -1.7858952040e-01  1.3531553691e-01    2.4414062500e-04
 1.8266907214e+00  2.0418703202e+00  6.9510434860e-01    3.4079662033e-01  2.0638273201e-02  4.3123574017e-01    2.4414062500e-04
 1.2622433700e+00 -5.8973588879e-01 -9.9469160982e-02    3.7306056984e-01  1.0127348314e-01  1.8904783073e-01    2.4414062500e-04
-5.0339443059e-01 -2.5233296920e-01  1.8866202535e+00    2.0923126257e-01  6.3633103129e-02  1.4729189196e-01    2.4414062500e-04
 1.9721416132e+00  1.1525280789e+01 -6.4741780932e-01    3.7433030556e-02  1.6726148576e-03 -2.5408618113e-02    2.4414062500e-04
 8.6757524734e-01 -5.9871525149e-01 -1.0810677056e+00   -3.3213688141e-02 -2.8259707930e-02 -1.3075891834e-01    2.4414062500e-04
-2.5065724263e+00  3.6813682011e+00 -2.6968601363e+00    1.1874188560e-01  2.4316862339e-01 -1.1363033934e-01    2.4414062500e-04
-4.9454872165e+00 -2.5277988886e+00  6.3246131101e+00   -3.5079058318e-02 -8.5997090217e-02 -5.9878194786e-02    2.4414062500e-04
 1.3957756129e+01 -1.9957584573e+01  2.2153348145e+01    9.8900910493e-02 -3.0023265459e-02  9.6488574266e-02    2.4414062500e-04
 1.2414030776e-02  2.0962955605e-02 -1.2223898864e-01    1.3243223682e-01 -1.0074106971e-01  4.4531150242e-02    2.4414062500e-04
 1.0849909686e-01 -2.4156251293e-02  3.0965324626e-01   -2.0516123060e-01 -5.3972518558e-01 -3.9617443841e-01    2.4414062500e-04
 8.1065086571e-02 -8.6220577859e-01  7.6657849435e-01   -6.0463160347e-01 -4.3003524732e-01 -8.8931232451e-03    2.4414062500e-04
-2.7218184835e+00 -2.7684827136e-01 -1.3770393938e+00   -1.1474779075e-01  7.8968697693e-02  1.1953854487e-01    2.4414062500e-04
 2.3138296916e+00  1.5944261362e+00  4.5634718268e-01   -8.3404696782e-02  3.2612795105e-01  1.7065497123e-01    2.4414062500e-04
-5.0808328137e+00  2.2178800305e+00  1.5173886260e+00    2.5646200856e-01  1.1037095923e-01  3.9055470125e-02    2.4414062500e-04
-7.5123235563e-01 -1.5178798044e-01 -2.0450055790e-01    3.9644351055e-02  7.0766519371e-03  2.2820218414e-01    2.4414062500e-04
-6.4241920335e-01  1.7861001911e+00  1.5828388491e+00    7.9498811852e-02  2.5720838965e-01  4.0583260728e-01    2.4414062500e-04
-4.4790629686e+00 -1.5954023046e+00  1.6992602499e-01   -1.6321401995e-01 -2.2590188281e-01 -2.3671740831e-01    2.4414062500e-04
 7.0377602914e-01  1.9035273959e+00  2.8623100336e+00   -2.2397235860e-02  3.9568692165e-02  2.2950322354e-02    2.4414062500e-04
 1.0474524046e+00  2.7081336911e-01 -1.6499191668e+00    7.1046016057e-02 -4.4925154559e-02  1.6377659268e-01    2.4414062500e-04
 1.1493939566e+00 -1.3890768177e-01  9.4997900897e-01    3.3316326305e-01  3.4413434005e-02  1.3306911846e-01    2.4414062500e-04
 1.3541696370e+00 -1.6776757344e+00 -4.1337690094e-01    5.5834575173e-02  4.2196387810e-02 -4.4684590629e-02    2.4414062500e-04
 2.4386843390e-01  1.2927444417e+00 -3.2547197922e-01    3.7730286712e-01  5.3412708291e-01  1.0704550570e-01    2.4414062500e-04
 3.2126768732e-01 -1.1634518550e+00  3.4376384116e-01   -3.8372211127e-01 -6.2259855319e-02 -3.0057190903e-01    2.4414062500e-04
 3.5888589394e+00 -3.6522333456e+00 -1.3509274394e+00   -7.1988098715e-02 -5.1581511778e-02  1.7584080498e-01    2.4414062500e-04
-5.1015230531e-01  6.3982167299e-01  2.9188725260e-01   -2.9741820561e-01 -1.9884498804e-01  2.1441721746e-01    2.4414062500e-04
 1.7334121162e-01 -1.9398635793e-01  5.7989934229e+00    5.9572401080e-02 -3.1400489170e-01 -1.4386440592e-02    2.4414062500e-04
 1.1603996799e+00  4.9656388794e-01 -2.3677504005e-01    9.2442168671e-03 -6.2522678892e-02 -3.4208525489e-02    2.4414062500e-04
-4.7601812219e-02  2.3371008804e-01 -1.2822326049e+00    2.3810800174e-01  4.0510899925e-01  3.6623672933e-02    2.4414062500e-04
-3.4127175539e-01  1.0024936970e+00 -1.4916818021e-01   -2.4686374062e-01  1.4535929999e-01 -3.2353444968e-01    2.4414062500e-04
 7.2891159119e-02  6.7889801551e-01 -1.7749353606e+00   -2.3965977451e-01 -1.4223962358e-01  2.1216553051e-01    2.4414062500e-04
 1.8530115749e+00 -1.1573033728e+00  1.8757272794e+00   -1.3968960302e-01  3.5253454890e-01 -2.9559150603e-02    2.4414062500e-04
-7.2362645171e-02  8.9950398381e-01 -2.1644376237e+00    4.8573813403e-02  2.6543784065e-02 -2.9015932393e-02    2.4414062500e-04
-3.2610391124e+00  5.8879933776e+00 -2.2541609649e-01    3.7573513852e-01  9.9209873166e-02 -1.4132970751e-01    2.4414062500e-04
-3.0206803120e+00 -7.0054918633e-01 -1.1295218989e+00    1.6555311536e-01 -1.1966196569e-01  1.6527631369e-01    2.4414062500e-04
 3.1659484645e-02  1.7275891372e+00 -1.1112224098e+00    3.9261016342e-03  1.2597683084e-02 -4.4051018084e-02    2.4414062500e-04
 1.6693288192e+00  9.7944455514e-01 -1.4424373560e+00    2.4187590926e-01  4.5873626906e-02 -2.5383794142e-01    2.4414062500e-04
-7.3271781430e-01 -1.0955867000e+00 -4.9646415582e-01    3.5080508971e-01  3.0427580516e-01  7.7469074966e-02    2.4414062500e-04
-1.8100929043e+00  3.2984296877e+00  1.0323609977e+00   -1.2537015819e-01  5.3211753575e-02  2.8181772976e-01    2.4414062500e-04
 2.0577338752e+00 -5.0201129700e-01 -1.7523533795e+00   -3.7427056320e-01  2.7829282104e-01  2.8572558813e-02    2.4414062500e-04
 3.0597787623e-01  2.9110638027e+00 -1.7022776151e+00   -9.7718915306e-02 -1.9605337113e-01 -3.8676530359e-01    2.4414062500e-04
-4.9626708912e-01  4.2930688716e-01 -8.7481829495e-02    2.9930904869e-01 -3.7982565950e-01 -1.3977488246e-02    2.4414062500e-04
 1.9909880803e+00 -5.9775840502e+00 -1.4833304598e+00    1.1026663076e-01  7.3327781929e-02 -3.0866312767e-01    2.4414062500e-04
 4.1800768502e+00  4.5162270480e+00  3.8328123812e+00    1.1914745931e-01 -1.0786153920e-01 -2.5176415904e-01    2.4414062500e-04
 2.6641372528e+00 -1.1966988778e+00 -2.8272176603e+00    2.5635728160e-01 -2.6383255732e-02 -8.9618619713e-02    2.4414062500e-04
-8.7862972694e-01 -1.8745795458e-01  4.6164555729e-02    1.7079247752e-01 -9.9500088995e-03 -2.8821603631e-01    2.4414062500e-04
 9.9577648170e-01 -1.6534613913e-01 -1.6924399662e+00   -2.1051804351e-02 -2.9947181978e-01 -3.1838215479e-01    2.4414062500e-04
-9.7725608949e-01  1.3023210035e+00  6.3308109246e-01   -4.0914627546e-01 -1.8960925007e-01 -5.3883346408e-02    2.4414062500e-04
 1.5166338654e+00 -1.4637420210e+00 -7.7052037098e-01    2.0792218319e-02  8.7637500330e-03 -4.2737383993e-02    2.4414062500e-04
 9.1728020293e-01 -5.1509161264e-01  1.7637129614e-01    1.3537013696e-01  1.8870706758e-02 -7.2558518956e-03    2.4414062500e-04
-1.6849371552e-01 -1.2254555922e+00 -7.6129835496e-01    3.5792874099e-01 -4.4231715548e-01 -1.0020519387e-01    2.4414062500e-04
-2.2365856402e+00  6.2656706760e-01  3.0841113619e-01    2.4272548034e-01  3.2849445306e-01  2.6259676880e-01    2.4414062500e-04
-5.9034655348e+00  2.7879715539e-01 -2.0292246905e+00   -3.1958416102e-02  7.1280110910e-02  2.1779249127e-01    2.4414062500e-04
 3.8695690048e-01 -6.6418246115e-01  5.6020465756e+00    2.3252697288e-02 -2.2265195727e-02  3.3046784847e-02    2.4414062500e-04
 2.6854533170e+00  1.0103616941e+00 -2.0611686178e+00   -5.7923017019e-02 -2.9076415619e-01  9.4014050367e-02    2.4414062500e-04
 5.9877542755e-01  3.0360066364e-01  6.7873681393e-02    8.6087820353e-02 -3.6965810260e-01  2.8745220746e-01    2.4414062500e-04
 5.8259165572e-01  7.4412751238e-01  2.4864629032e+00   -7.0659399188e-02 -2.3544938626e-02 -6.4290326089e-03    2.4414062500e-04
 4.3271818273e+00  3.1075919140e+00  7.4209750273e+00   -8.9268720734e-02 -1.0629722087e-01  3.4765236616e-02    2.4414062500e-04
 1.9650206988e-01 -1.5159792150e+00 -5.3793220926e-02    5.2185611230e-02  5.7923591722e-02 -4.9040510619e-01    2.4414062500e-04
 1.6929452831e-02 -1.3248016061e-01 -6.2537507642e-01   -1.6883062725e-01 -2.7945389346e-02 -1.0101324410e-01    2.4414062500e-04
 1.1365867948e+00  1.2559810708e+00 -1.0217102646e+00    2.3744683149e-02  9.7581013394e-02  2.2977436024e-01    2.4414062500e-04
 1.8781247189e+00 -1.0061241738e+00 -9.9535966493e-01    2.5423239682e-02 -1.7786579631e-01  1.3390161541e-02    2.4414062500e-04
 8.5138849811e+00  8.2959677845e+00  2.2371141730e-01   -2.9466326768e-02 -9.6309244769e-03  9.5007330561e-02    2.4414062500e-04
-5.2545480615e+00  4.4783308733e+00  1.9938133300e+01   -4.4257360562e-02  9.4484447632e-02 -2.4050497667e-02    2.4414062500e-04
-6.5562279714e-01  2.4496218803e-01  6.6551871108e-01   -1.9920588405e-01  2.8358208417e-01 -3.3163854366e-01    2.4414062500e-04
 4.5680862328e-01  8.2949273039e-01 -3.1561556875e+00   -4.2468087839e-01  1.2277486143e-01  1.3747404781e-01    2.4414062500e-04
 1.0489780173e+00 -6.5789980578e-01 -1.7614521700e+00   -6.8328793887e-02  5.2162391547e-02  1.6153622828e-01    2.4414062500e-04
-3.7375903693e+00 -5.1397504004e-01  5.9748275185e-01    8.4473481291e-02  2.7993314815e-01  9.0303789899e-02    2.4414062500e-04
-9.9480711977e-01  7.0741979096e+00 -2.1685929211e+00   -2.3148312436e-02  2.3574552287e-03 -9.4644087548e-03    2.4414062500e-04
-2.7264966139e+00 -2.0707305559e+00  2.6521829767e+00    1.3603344759e-03  2.6054582270e-02  2.6530067592e-02    2.4414062500e-04
 6.7004004278e-02 -4.3884190963e-02  2.4274425383e+00    2.1498227999e-01 -4.1537088526e-04 -1.2330327126e-02    2.4414062500e-04
-2.4973499379e-01  2.4407052552e-01 -5.9000961854e-01    9.0100826701e-02  8.4803466577e-02 -4.9545364852e-02    2.4414062500e-04
-6.3811731794e+00 -1.0150576250e+00  5.7441489087e+00    1.6008562655e-01 -1.0955735135e-01 -1.2663612864e-01    2.4414062500e-04
-4.8380867081e-01  3.2430427321e+00 -8.7290916954e+00   -5.7813450347e-02 -1.6980781090e-01  1.4913880685e-01    2.4414062500e-04
-3.0159308232e-01  3.1663869371e+00  1.4399177927e+00   -1.4460679437e-01  1.4180106943e-01  5.2765684132e-02    2.4414062500e-04
-5.1262291920e+00 -3.8845585842e+00 -2.1690755418e+00   -1.7819866816e-01  2.0781348905e-01  1.7601508592e-01    2.4414062500e-04
-1.6930825503e+00  8.2556830844e-01 -1.7229955119e-01   -3.0548253380e-01  1.4523566706e-01 -3.1254761065e-01    2.4414062500e-04
 1.5274495320e+00  3.3638743107e-01 -1.2800107213e+00   -2.5410811168e-01 -3.5467167151e-01  1.6587895645e-01    2.4414062500e-04
-2.3786184221e+00 -1.0044961783e+01  8.0685268286e+00    1.8540105127e-02 -4.6184270585e-02  2.2777140519e-02    2.4414062500e-04
-1.5831297674e-01 -1.4028528862e+00 -1.1916866052e+00    7.4817539119e-01  1.7516986727e-01 -8.3028322758e-02    2.4414062500e-04
-7.0769408233e-01 -1.0758471780e+00  1.9894086484e+00    2.8955773081e-01  1.6343043746e-01  8.6478770542e-02    2.4414062500e-04
-6.5039455763e-01 -4.1442816417e-01  1.7129940644e+00    3.8506346800e-01 -1.8011135869e-01  2.9807226595e-01    2.4414062500e-04
 9.3165152106e-01  8.7502461382e-01  9.5493641199e-01    2.6775502785e-01  5.2318796864e-01  1.9567238367e-01    2.4414062500e-04
-8.7378391480e-01 -2.0439797957e-01 -2.0881679039e+00    1.6694568085e-01 -8.3747792711e-04  2.4005143581e-01    2.4414062500e-04
 2.3367792828e+00  2.3512716959e+00 -2.9507421514e+00    9.1655111749e-02 -7.2723921926e-02 -2.1888249280e-01    2.4414062500e-04
 9.5813933601e-01  3.9717002429e+00 -1.3554775287e+00    2.3775051767e-01  3.1395903020e-02 -2.1462007019e-01    2.4414062500e-04
 2.8152322610e-01 -4.3940922018e-01 -4.9892563884e-01   -4.3572035299e-01  1.4132866692e-01  2.5932926123e-01    2.4414062500e-04
 8.5184558046e-01 -1.4261566933e+00  8.7167849435e-01    3.7809634435e-01 -1.4046688081e-01 -1.2024169223e-01    2.4414062500e-04
 2.2691966330e+00  4.5878969718e+00 -9.1038128953e-01    1.0784960828e-02  1.5417536305e-01 -4.7132467081e-02    2.4414062500e-04
 2.4812336981e+00  3.8136442789e+00  3.3086286957e+00    2.9407403252e-02 -2.0691975536e-04 -4.0056992382e-03    2.4414062500e-04
 1.2352389288e+00 -9.3640621845e-01 -1.0608343080e+00   -4.9473399093e-02  4.1292055647e-01  2.5862808682e-01    2.4414062500e-04
 2.3337667480e+00 -3.9806808927e+00 -1.7802195830e+00   -4.9953949516e-02 -4.5100738312e-02 -3.9256987466e-01    2.4414062500e-04
-2.2244135096e+00 -2.5734046117e+00  2.0716977731e+00    2.4438483278e-01 -2.8894305446e-01  4.7767676003e-02    2.4414062500e-04
 1.8171500314e+00 -7.4584516958e-01  4.2279050809e-01   -4.5496555435e-01  2.8776107649e-01  8.3263504769e-02    2.4414062500e-04
 2.0152752352e+00 -1.7804260541e+00 -5.7386278737e-01   -8.8578993457e-02  2.7595233903e-01  4.4655346447e-01    2.4414062500e-04
-8.8495180741e-01 -7.7733788862e-01 -3.8062822774e-01    2.8917697408e-01 -3.0536127857e-01 -3.2174796462e-01    2.4414062500e-04
-4.5134036031e-01  6.2984339961e-02  4.3123477437e-01   -4.0752012271e-02  3.8272303409e-01 -1.8300640736e-01    2.4414062500e-04
 9.8379672226e-01 -7.7392370090e-01 -8.2189164599e-01    2.2356271418e-01  3.2505435307e-01 -1.0238308166e-02    2.4414062500e-04
 1.3765256750e+00 -2.0721498730e+00  1.6353161963e+00    2.6853943071e-01 -2.2719478036e-01 -2.9786693713e-01    2.4414062500e-04
-6.8396447084e-01  3.0470772713e+00  3.5798211726e+00   -7.7516513068e-02  7.7606847471e-02 -1.9130911740e-01    2.4414062500e-04
 3.0993539689e-01 -7.9180683986e+00 -2.4495723807e-01   -1.2913132838e-01  2.7988659627e-01 -2.0911885719e-01    2.4414062500e-04
-4.5055134059e+00 -3.9989104700e-01  5.4008169724e+00    3.6020173198e-02 -7.9188051509e-03 -1.0303798301e-01    2.4414062500e-04
-2.2484165817e-01 -1.7389689685e-01 -6.4198536790e-01   -2.9777122853e-01  1.4064531824e-01  3.2261887969e-01    2.4414062500e-04
 2.4809250790e+00 -1.1090153585e+00  5.5494506831e+00    4.8199137507e-02 -6.1605576671e-02 -3.5875827127e-03    2.4414062500e-04
-4.6103484208e-01 -7.8206683944e-01  3.7688583908e-01   -2.5363800862e-01  1.7675975332e-01  1.1639110087e-01    2.4414062500e-04
-1.9123335926e-01 -5.1775808438e-02  9.5542876480e-01    5.9544697725e-01  1.2698544963e-01  3.3136563697e-01    2.4414062500e-04
 8.8024543010e-01  9.8300006717e-01 -1.3584285902e+00    1.4366651855e-01  2.0074600433e-01 -3.3789595681e-02    2.4414062500e-04
 1.0407858757e+00 -9.0143974983e-01  1.1254870775e+00   -8.8070091558e-02 -2.3181802193e-01 -4.9297585588e-02    2.4414062500e-04
-2.6096399360e+00 -6.7684082833e-01 -5.0638905031e+00    1.0281444518e-02 -2.1085463291e-01  1.9133361694e-02    2.4414062500e-04
-8.4812686399e-02 -2.0213765624e+00 -9.3411114564e-02   -7.7156077515e-02  6.9522521814e-03  8.3438214002e-02    2.4414062500e-04
 7.8697088301e-02  1.3140322693e+00  1.3034059766e+00   -1.6462372460e-02 -1.7330025313e-01  1.3593538917e-01    2.4414062500e-04
 1.1500103320e+00  2.5682327711e+00 -6.5478075070e-01   -1.6391409270e-01  2.4878048771e-01  2.0606814198e-02    2.4414062500e-04
 8.3531945333e+00  2.9914216902e+00 -4.7974241696e+00   -1.8945063094e-01 -1.7364321946e-01 -1.0136999734e-01    2.4414062500e-04
 1.4779213001e+00  5.3565200043e-01 -8.6296670172e-01    1.9454019405e-01 -7.0437517039e-02 -1.5114289466e-01    2.4414062500e-04
-4.4875415921e+00 -1.8569775952e-02 -2.9753827803e+00    9.1665469893e-02  1.6270041185e-02 -2.8765428667e-01    2.4414062500e-04
-2.5036366161e+00  2.0635896927e+00  2.5830131962e+00   -1.0791502729e-01 -2.0966386025e-01 -9.4903315806e-02    2.4414062500e-04
 1.1895317681e-01  2.3566474009e+00  9.8784893814e-01   -6.9450383792e-02 -2.4922578520e-01  2.9010427462e-01    2.4414062500e-04
 1.1129800420e+00 -3.0481607159e+00 -2.7147491576e+00   -2.3903874128e-01  2.4641344640e-01  9.2458237302e-03    2.4414062500e-04
 2.4868768682e+00  1.5520016070e-01  9.4223213193e-01    5.4278954718e-02 -9.3723586988e-03 -8.3521918058e-02    2.4414062500e-04
 3.3355555240e+00 -1.8444751861e+00 -7.2143185877e-01   -3.0843639765e-01 -1.2934142746e-02  1.0090562171e-01    2.4414062500e-04
-5.9602907230e-01 -6.5557532320e-01 -1.7092204987e+00    5.1710594389e-02 -1.5307518082e-01 -5.9266380580e-02    2.4414062500e-04
-1.2905209550e+00 -1.3942984576e+00 -1.4637339177e+00    1.3004762138e-01 -3.8930912386e-01 -4.1157453066e-02    2.4414062500e-04
-5.7009404506e-01  1.3858983529e+00  3.4327359815e-01   -5.4980251614e-02  4.2203756969e-01  7.5349158445e-02    2.4414062500e-04
-1.5976672223e+00  9.2100537752e-01 -6.4438601870e-02    4.1556796275e-01  2.9539994409e-01  2.4908765545e-01    2.4414062500e-04
-2.1746995757e+01  1.7136776385e+01  8.5875888574e+00    2.4424531486e-02 -5.9243292319e-02 -7.7307524294e-02    2.4414062500e-04
 1.6405663148e-02  1.2890708856e+00  2.9075890635e+00    1.0507801798e-01  3.7901148087e-03 -9.7958499907e-02    2.4414062500e-04
 2.7640001432e+00 -4.2867705100e-01  1.8646869967e+00   -9.1631062741e-02 -2.7573899467e-01  2.5737661949e-01    2.4414062500e-04
 1.6033108417e+00  1.0692576617e+00 -4.6297964661e-01   -9.5986893235e-02  8.5079422555e-02 -1.7934305114e-01    2.4414062500e-04
 2.6645338086e+00 -1.1101702452e+00  1.5104476410e+00   -1.5116777725e-01  2.7347788928e-01  6.3664413719e-02    2.4414062500e-04
 1.5059707775e+00  5.2534118308e-01 -6.2329501160e-01   -8.4555564418e-02 -4.8579684430e-01 -9.7267048880e-02    2.4414062500e-04
 1.9146656559e+00 -3.5657383447e-01  8.5451550411e-01    1.1063926112e-01  4.5157818699e-01 -1.1040253018e-01    2.4414062500e-04
 1.3652005045e+00 -7.3281194112e+00  1.5006584936e+01   -1.1337274024e-02 -2.4964197316e-02  2.0852068435e-02    2.4414062500e-04
-8.3149479921e-01 -4.1049009681e+00  1.5042166596e+00   -2.3556511032e-01 -3.8843229455e-01  1.2339647380e-01    2.4414062500e-04
-1.9329673429e+00 -7.7537168418e-01  8.2282352666e-01    3.6763441790e-03 -9.3362549827e-03 -6.7226789396e-02    2.4414062500e-04
 4.2382449807e-01 -1.7188301904e+00  2.2826971120e+00   -1.1705365901e-01  8.6477427038e-02  9.7541204023e-02    2.4414062500e-04
 6.0015080565e-01 -1.3497612574e+00 -9.8978764627e-01    4.6651012413e-02  4.1519460342e-01 -2.7197132721e-01    2.4414062500e-04
 3.4572234367e+00 -1.2309107895e+00  1.3911012820e+00    1.3266510901e-01  1.4858718402e-01 -3.0860444310e-01    2.4414062500e-04
 2.2467042659e-01  1.4167259370e+00 -1.1286014376e+00    7.0107650312e-03 -2.3152133806e-01 -1.2896279734e-01    2.4414062500e-04
 3.9630748208e+00 -4.0159098469e+00  9.9333130051e-01    2.0286838035e-01  4.8680996148e-02 -2.1485467743e-01    2.4414062500e-04
 5.4704994816e+00  5.4489701194e+00 -6.9549550837e+00    2.3121831999e-02 -3.4038945841e-02 -6.5926049137e-02    2.4414062500e-04
-8.2004650780e-01 -3.3448866283e+00  7.5196264838e-01    1.9346411706e-01 -2.2769700164e-01  5.1537627879e-02    2.4414062500e-04
 1.0933344498e+00 -7.5680679242e-01  5.8855707209e-01   -1.7892662617e-01  4.7300385515e-01  2.9698483803e-01    2.4414062500e-04
 1.6903736750e+00 -1.1211491778e+00  1.1805674704e+00    2.3479591025e-01  4.8331475038e-01  9.2807733632e-02    2.4414062500e-04
-8.7559997048e-01  1.5574081538e+00 -2.1956667255e-01    5.0811598592e-02  5.1886680463e-01 -1.4627956701e-01    2.4414062500e-04
 5.0037372803e-01  1.9818421872e+00 -6.1878782263e-01   -8.6786373172e-03  2.3140106219e-01 -1.5328885550e-01    2.4414062500e-04
 1.0030522294e+00  3.5196825223e-02  9.2109470067e-01    2.0390152103e-01 -5.3202962726e-01 -2.0846197304e-02    2.4414062500e-04
 1.0464688800e+00 -1.1003676314e-01 -2.9757690052e+00   -3.2664589379e-02 -1.0443396863e-01  8.5975025856e-02    2.4414062500e-04
 1.1631761223e+00  8.4278269125e-01  1.3622295965e+00   -4.5897647712e-02  1.7996073687e-01 -4.5325540066e-02    2.4414062500e-04
 3.1156269678e-01 -6.9294576935e-01 -1.0050256177e+00   -2.7097751207e-01 -2.8002054406e-01 -6.7912787493e-02    2.4414062500e-04
-6.4571534018e+00 -6.3143845545e+00  3.2122149723e+00   -1.1351075007e-01 -1.5754409729e-01  6.3449472294e-02    2.4414062500e-04
 4.8310688416e-02 -5.3619831261e-01  2.1841954452e-01    1.4860951399e-01  2.9193243617e-01 -5.3934262466e-01    2.4414062500e-04
-4.9561324314e+01  3.3336148678e+01  2.4309922033e+01    5.0981600699e-02 -4.6877775821e-02 -6.4405423261e-02    2.4414062500e-04
 8.7115425734e-01  7.1607745121e-01 -2.4344427069e-01   -9.8237557138e-02 -2.2506661164e-02  1.9544005801e-01    2.4414062500e-04
-6.9111522656e-01 -6.7948457936e-01  2.1309277770e+00   -1.3544929654e-01 -4.1166553809e-01  2.6304199355e-01    2.4414062500e-04
-2.1599442921e+00 -5.9975377393e-01  1.0687693148e+00    7.1437754798e-03  5.7376479838e-02  2.9643978215e-02    2.4414062500e-04
-2.3557189538e+00 -1.7972055915e+00 -2.9294034258e+00    3.4418276869e-02  1.0803262648e-01 -3.7049181630e-02    2.4414062500e-04
 1.6165069222e+00 -5.4618438726e+00 -5.6255188412e+00   -2.9419316578e-02  7.5491729497e-02  1.4731747357e-01    2.4414062500e-04
 9.4232949173e-01 -1.7577984876e+00 -5.5105888830e-01    6.5197220262e-02 -1.3981190797e-01  1.6576074181e-01    2.4414062500e-04
 1.0073187263e-01 -3.0738740091e+00 -2.2810147375e+00   -1.3391867637e-01  7.9607476541e-03 -1.1294556143e-01    2.4414062500e-04
 3.0669618452e-01 -4.0612242879e-01  2.9374165991e-01    5.2966514904e-01  3.2591204582e-01 -6.0347567891e-02    2.4414062500e-04
 2.6544292268e-01 -3.1175394643e-01  4.3828642166e-01   -5.7466051600e-01 -3.5589726386e-01 -1.4626305498e-02    2.4414062500e-04
-1.4961346335e+00 -3.7411972622e-01 -1.0279168725e+00    2.1152387680e-02  1.1663340353e-01  1.4563995732e-01    2.4414062500e-04
-6.7198284289e-01  2.0740038302e-01 -1.9609175473e+00    4.0635849709e-01 -2.2074748219e-01 -7.8977913628e-03    2.4414062500e-04
-1.4712420738e+00 -7.7783955988e-01  1.2218715408e+00   -7.4114189624e-02  1.3903750122e-01 -6.6222422978e-02    2.4414062500e-04
 5.6337482292e-01 -4.6464052612e-01  2.1608248376e+00    6.2557243615e-02 -4.0278629530e-02 -8.1358951054e-02    2.4414062500e-04
-3.1968448827e+00 -1.6962987921e-01  2.2570404238e-01    1.2666018911e-01 -1.0490092761e-01 -6.2480509197e-02    2.4414062500e-04
-9.5723340497e-01 -1.0158512768e+00  1.8497298428e-01   -2.3596222227e-01  2.2994589508e-01  2.9927932530e-01    2.4414062500e-04
-8.5281365691e-01  1.7223852359e+00 -9.1967752686e-01   -9.9316705047e-03 -5.1117455773e-02  1.3256740871e-03    2.4414062500e-04
-3.7878738232e-01  1.4493310046e+00 -1.2452803719e+00   -9.4663892893e-02  5.1715135858e-02 -7.2269516134e-02    2.4414062500e-04
 1.1427452527e+00  2.8455023781e+01 -1.6067957156e-02    5.7616253058e-03 -7.0108372400e-03 -2.9898961487e-02    2.4414062500e-04
-2.8514468497e-01  7.0881265890e-01 -1.0903554524e+00    3.9792991426e-01  1.1898381498e-01 -8.1130665425e-02    2.4414062500e-04
-1.0562926259e-01 -6.9805596562e-01  1.4454323254e-01    4.4285798701e-01 -5.9769739427e-02  3.4470868231e-01    2.4414062500e-04
-4.4882229240e-01 -7.6252710446e-01  1.0161175979e+00   -1.8580522118e-02  8.6050719245e-03  8.1919399349e-03    2.4414062500e-04
 4.5812598817e-01  1.9044915448e+00  3.6631309188e+00   -1.6823119275e-01 -4.3061324947e-02  1.0688448595e-01    2.4414062500e-04
-1.2241106757e+00 -1.8512185647e-01 -1.7890403631e-01    4.0103438687e-02 -1.5092188034e-01  3.2345980832e-02    2.4414062500e-04
 1.1639433135e+00 -2.7147999047e+00  6.8400189593e-01   -2.7321401672e-01  3.6257529592e-01 -9.8571691843e-02    2.4414062500e-04
 3.0729888773e+00 -1.1920915408e+00  1.7093028601e+00   -1.5801765282e-01 -3.3851131490e-02  7.9494264781e-02    2.4414062500e-04
-2.3874892941e-01  9.2639106005e-01  1.4953380598e+00    3.0737318774e-02  2.0308621669e-02  5.2851891404e-02    2.4414062500e-04
 1.2432755762e+00  4.9302829235e+00 -2.0385675274e+00    6.1648818880e-02 -2.3780111991e-02  4.6322646522e-02    2.4414062500e-04
 4.0044090739e+00  9.8958018322e+00 -1.0615583224e+00   -2.2938938459e-01  4.0746201208e-02 -8.9733762914e-02    2.4414062500e-04
-3.4090183018e-01 -4.2473636616e-01 -1.4831714548e+00    2.5471435169e-01  2.5473412640e-01 -6.2111018428e-02    2.4414062500e-04
-9.6262296328e-01  1.7035025260e+00 -3.9510603750e-01   -2.1013526480e-01  5.3696029321e-02  3.9730017369e-01    2.4414062500e-04
 1.7675343393e+00  1.6822323357e+00  1.6349935489e+00    2.4118285607e-01  2.2555204531e-01 -4.1397255888e-01    2.4414062500e-04
-1.6843257296e+00 -6.1113327656e-01  4.7157182802e-01    2.4408320954e-01  1.2391093702e-02 -5.4578006977e-02    2.4414062500e-04
 1.8653151682e+00  4.0026270624e+00 -4.8815237865e+00   -8.8908056714e-02 -1.9642310966e-01  4.6852272025e-02    2.4414062500e-04
-2.1444108933e+01  5.2906008959e+00 -7.0462580396e+00   -8.0749838438e-02 -1.0789929277e-02  4.8703219826e-02    2.4414062500e-04
-2.0977537237e+00 -1.9517551684e-01 -1.1779517454e+00   -6.1986494611e-02  4.5339092503e-02 -4.6997049364e-02    2.4414062500e-04
 2.3176232312e+00 -2.5908484629e+00 -1.3607695684e+00   -4.9941589198e-02 -3.1128656209e-01 -1.0526166886e-01    2.4414062500e-04
 2.1908973077e-01 -2.7631528331e-01  7.4854952254e-01    3.6084247974e-01 -3.4708632394e-01  3.5731122018e-01    2.4414062500e-04
-6.1191324631e-02  1.8255496221e-01  3.7795900920e+00    1.3510880844e-01  2.9083613032e-01 -4.1599182188e-01    2.4414062500e-04
 1.3821022841e+00  3.3659828908e-01  3.2774266073e-01    9.9640613767e-02 -2.6824221356e-01 -2.4658604882e-01    2.4414062500e-04
 3.2522094993e-01 -1.8801792709e-01  2.2249425573e+00   -1.4774064829e-01 -2.8942842814e-02  5.6745399151e-01    2.4414062500e-04
 4.0540267744e+01 -8.9963771428e+00 -5.4765451172e+01   -3.0852593611e-02 -1.0900113066e-01 -4.6763945377e-02    2.4414062500e-04
 3.2248569148e-01  2.1877536867e-01 -1.3662988478e+00   -2.3788512040e-01 -2.6237568637e-01 -5.7044192974e-02    2.4414062500e-04
-2.7752658484e+00 -3.9363555420e+00  1.8086894019e+00    4.1638738576e-01 -4.8073972083e-02 -1.9847004551e-01    2.4414062500e-04
-9.1622603531e-02 -6.5263836099e-01 -4.3963060166e-01   -2.0763788686e-01  2.1837208970e-01 -5.7774113512e-01    2.4414062500e-04
 1.2037493968e+00 -4.1326847564e+00 -3.6390626261e+00   -2.4818484423e-01 -1.8571203804e-01 -1.7492094318e-01    2.4414062500e-04
-1.3095684147e-01  3.3138580334e-01 -9.3303232354e-01    2.6700655722e-02 -1.9879186973e-01 -2.2729125643e-01    2.4414062500e-04
-3.3904659078e-01  2.8769768709e-01  9.1469627105e-03    2.7898460653e-02 -4.8300444954e-02  6.0069697150e-02    2.4414062500e-04
 9.0712231891e-01 -1.9333559332e-01 -4.6500185559e-01   -1.9371999688e-01 -2.5585248080e-01  3.9166662283e-01    2.4414062500e-04
 2.3949499166e+00  1.7766395593e+00  2.8452694283e+00    9.8771488196e-02 -4.2669325907e-01 -3.1259582600e-01    2.4414062500e-04
 1.5458942301e+00 -1.1699874425e+00 -4.4501591449e-01    2.8207121119e-01 -1.8525938493e-01 -3.6101587079e-01    2.4414062500e-04
-2.4611453487e-01 -1.5508427250e-01 -1.1870175354e+00    8.7022052829e-02 -1.8325009096e-01 -9.1864055376e-02    2.4414062500e-04
-3.4671010089e+00  1.3371197692e+00 -2.1805424245e+00   -7.7377136001e-03 -5.5524459146e-02 -5.7162499436e-02    2.4414062500e-04
-1.7039201812e+00  7.4495501552e-01 -2.9591011639e+00    3.0622369475e-01 -6.6292353393e-02  3.0726555351e-01    2.4414062500e-04
 6.4293501670e-01  5.5419920332e-01 -6.4608814409e-01   -2.1130497039e-01 -1.6299707334e-01  1.4683832279e-03    2.4414062500e-04
 2.0396559588e+00  1.6405859995e+00  1.6755352477e+00    3.9684444885e-02  2.8020599004e-02  1.7869607934e-01    2.4414062500e-04
-2.3175790889e+00 -4.4326285280e-01  4.6176279171e-01   -4.2008835319e-01 -2.5206381335e-01  1.9392701272e-01    2.4414062500e-04
-3.7981009956e+00  5.6268630659e+00  4.0308712683e-01   -3.2104065383e-01 -1.6977873581e-01 -3.3789030961e-02    2.4414062500e-04
 3.5209016341e+00 -4.8289184280e+00  2.4376879067e+00   -2.2525080251e-01 -1.0860612997e-01 -6.5711462854e-02    2.4414062500e-04
 7.8558319738e-01  1.3695873799e+00 -1.7168919576e+00   -4.6693802856e-02  2.5425469865e-01  1.6185910970e-01    2.4414062500e-04
-2.4886497181e+00 -9.3493842445e-01  9.0906251932e-01    2.3182302687e-01 -5.3991007455e-01 -9.9142336978e-02    2.4414062500e-04
-6.5845648888e-01  1.8044922978e+00 -1.1007559237e+00    4.1625583768e-01  1.4555790641e-01 -1.8592907173e-01    2.4414062500e-04
 7.0605564792e-01  3.8321633413e-01  1.3317536913e+00   -6.5992791320e-02  3.9730358225e-02 -2.8998473978e-02    2.4414062500e-04
 5.5820920076e-01 -1.0017266392e+00 -3.7800853864e+00   -1.8593329153e-01 -2.2207521024e-01 -3.6878860044e-01    2.4414062500e-04
-1.8045034711e-01  3.6093052904e+00 -1.0176630212e+00   -3.6099088452e-01 -4.1259747368e-01 -2.7865369932e-01    2.4414062500e-04
-2.1594581931e-02  7.2762929751e-01 -7.3123394325e-01   -2.5507963153e-01 -1.1582494095e-01  6.5302557558e-02    2.4414062500e-04
 8.8940764882e-01  4.1914209707e+00 -3.0726685558e+00   -5.3493695423e-02 -3.5361937075e-02  1.3078298516e-01    2.4414062500e-04
 7.8349816991e+00  1.7930582590e+00 -9.8051480144e-01    8.2684993993e-02  9.7367212416e-02  3.5956511919e-02    2.4414062500e-04
 8.3766423806e-01 -1.9965178246e+00 -9.0779293034e-02   -1.8503269540e-02 -2.7802720012e-02 -2.7238458569e-01    2.4414062500e-04
 1.4709705356e+00  1.2865223566e+00  2.2232588762e-01   -8.2937173518e-02  2.2602559614e-01 -1.6868087535e-01    2.4414062500e-04
 8.2995652800e-01  1.1798548294e+00 -6.2380154617e-01   -2.3708305402e-01 -6.3624470353e-02 -3.1488548820e-01    2.4414062500e-04
 4.1833961708e+00 -3.5039630939e-01  2.4872486438e+00    6.1418922845e-02  5.2057611316e-02 -2.0502053207e-02    2.4414062500e-04
-4.2490795095e-01  4.5124144430e-01 -1.2641080251e+00   -4.1522232217e-02 -1.1322112545e-01 -9.6495410150e-02    2.4414062500e-04
-2.3964125607e+00  6.5196570120e-01  5.4807762035e+00   -1.4944822517e-02  8.9064230140e-02  3.3487375254e-02    2.4414062500e-04
 3.8892268015e-01  1.8684959332e+00  7.0444857238e-01    3.0768101413e-01  2.4952885775e-01 -2.5012635075e-01    2.4414062500e-04
 2.5672880551e-01  7.2786943883e-01 -1.2429091988e+00    1.8804809476e-01 -7.8224508020e-02 -1.5662717122e-01    2.4414062500e-04
-3.0557325473e+01  2.4100835927e+01 -1.5239559809e+01   -6.8715296598e-02 -4.6979182050e-02  1.0713658265e-01    2.4414062500e-04
 5.6569793984e+00 -1.4760298154e+00 -1.7814858832e+00   -2.0084640735e-01 -1.9398096220e-02 -1.4903578358e-01    2.4414062500e-04
-1.1255238761e+00 -9.1189106356e-01 -1.2299732989e+00   -5.2072969271e-01 -1.8190268806e-02  5.6636583368e-02    2.4414062500e-04
 7.6766484800e-01  6.8473424807e-01 -1.2050604436e+00   -3.1664823000e-01  4.1512444497e-02  5.0472486635e-02    2.4414062500e-04
 3.7411329798e+00 -1.3228829750e-01 -3.1707229944e-01    4.7935522839e-02 -2.2420224755e-01  8.0237835130e-02    2.4414062500e-04
-2.4641275519e+00  1.1390017499e+00  1.6634842705e+00    3.2325910469e-01 -4.2107436745e-01 -1.6067852749e-01    2.4414062500e-04
 2.2698865182e+00 -4.4159739457e+00  2.2695092982e+00   -1.2125562689e-01  2.5112995650e-01 -1.6243382339e-01    2.4414062500e-04
 2.7383363075e+00 -6.7758124804e-02  1.7926727250e+00   -6.2940569088e-02 -9.6367530385e-02  4.9883533455e-02    2.4414062500e-04
-2.0667156258e+00 -4.3871495442e-01  3.3355596508e-01   -1.0470481811e-01  1.0350136201e-01  3.1594141796e-03    2.4414062500e-04
 1.9685708354e+00 -3.6414459667e-02 -1.2090970347e+00   -7.7533359027e-02 -1.1717654618e-01 -1.3259089467e-02    2.4414062500e-04
-1.5582699960e+00 -5.6190342387e-01  5.7409877429e-01   -1.4614715627e-01 -2.1074784692e-01 -8.5221432755e-02    2.4414062500e-04
 9.8512924247e-01 -3.7532371169e-01 -1.0788855692e+00   -1.7520655305e-01 -8.7746840408e-02  9.3813505716e-02    2.4414062500e-04
 1.9126478432e+00  7.6293787809e-01 -9.3377491458e-02   -3.1149175527e-03 -2.0217467733e-01  2.2534378478e-01    2.4414062500e-04
-1.6330880621e-01  2.4805221720e+00 -2.8574292328e+00   -3.9108104392e-01 -1.9240713661e-01  2.1450388849e-01    2.4414062500e-04
-8.2743170231e+00 -1.1413282957e+01 -3.7699023897e+01    7.1434651767e-03  1.0923875590e-02 -5.3350236081e-02    2.4414062500e-04
-5.9545909721e+00 -1.3922970094e+00  2.2046020517e+00   -6.3381128407e-02 -6.4358193992e-02 -1.8099797772e-01    2.4414062500e-04
-1.1187662178e+00  1.8237526962e-01  8.9358238415e-01   -3.2553326712e-01  1.0021165194e-01  2.0862828733e-01    2.4414062500e-04
 3.5399368481e+00  1.9067677104e+00  2.8053881209e+00   -1.8901338851e-01 -4.7135574380e-02  5.0315865694e-02    2.4414062500e-04
 1.0357487011e+00  1.7104654337e-01 -6.0496167214e-01    2.6742749891e-01 -5.6601775044e-02 -1.5531257548e-01    2.4414062500e-04
-5.5167606286e+00  3.0577142195e+00 -2.4743462862e+00   -1.8909508836e-01 -1.7609128159e-01  1.3088960562e-01    2.4414062500e-04
-1.5828011776e+00  4.7813365716e-01 -2.8556915184e-02   -8.6485665481e-02 -9.7525440288e-03  1.4851232514e-02    2.4414062500e-04
 2.3277692591e+00 -1.7859978088e-01  1.1337632173e+00   -1.1244690299e-01 -2.5300590587e-01 -2.2964122819e-01    2.4414062500e-04
 8.0993933138e-01 -5.5274133108e-01  7.9584920226e-01    1.6756704848e-01 -3.7721917600e-01  1.7070542875e-01    2.4414062500e-04
-2.0427817698e+00 -8.1885983201e-01 -1.2481686708e+00    1.3267573258e-02 -1.1769219605e-01  9.9511953023e-02    2.4414062500e-04
 7.4410508904e-01 -7.6823838636e+00  8.9775759332e+00   -4.9751356574e-02 -3.6127010314e-02  8.3812509166e-02    2.4414062500e-04
 1.4130062205e+00 -5.8400612105e+00  1.6937979048e+00   -2.5707724276e-03 -4.4502928186e-02 -2.3981449048e-01    2.4414062500e-04
 2.1663070483e+00 -2.2808330937e-01 -1.9505196230e-02   -2.3547464495e-01  2.2093448584e-01 -1.3153895888e-01    2.4414062500e-04
 2.8676489120e-02 -7.9569255623e-01  5.5451488841e-01   -6.3778098513e-01 -8.0458919685e-02 -2.0102400776e-01    2.4414062500e-04
-2.6524519927e+00 -1.3813703667e+00 -8.7156221122e-01   -3.2914649925e-01 -2.5371992642e-01  8.9526679483e-03    2.4414062500e-04
 4.1254346828e+00  2.3541346657e-01  4.6131984848e-01   -2.3901217106e-02  1.1582583507e-01  9.6408631816e-02    2.4414062500e-04
-6.6224366131e+00 -1.7724041386e+00 -3.2356613213e+00    2.4425450682e-01  1.9726088338e-01 -1.0769983636e-01    2.4414062500e-04
-3.1555477722e+00  2.3602120843e+00 -1.9876992611e+00   -3.1663264800e-01  2.1415189200e-01  4.6342530808e-02    2.4414062500e-04
 3.8027230085e+00  1.4500273002e+00 -5.7841291818e+00   -6.4331588945e-03 -1.1088218643e-01 -1.8619271134e-01    2.4414062500e-04
-3.9664576503e+00 -8.9914560932e-01 -8.9781489631e-01   -2.8076608485e-01  2.6826625036e-02 -3.2704082516e-02    2.4414062500e-04
 4.5420269083e-02 -5.0626742283e-01  2.0028896431e+00    6.1998413623e-02  3.8500043762e-01  1.2520214580e-02    2.4414062500e-04
-3.0018676851e+00 -3.6905328036e+00  1.4707169846e+01    3.2613743893e-02  1.6686148901e-01 -1.7518473672e-01    2.4414062500e-04
 1.5996104835e+00  7.7256078735e-01  3.8432738128e-01    7.6379911796e-02  1.1346772863e-02 -4.6398584743e-02    2.4414062500e-04
 1.8957868379e+00  6.4946544100e-01 -1.5129109526e+00   -3.9281287961e-02  3.8510203086e-03  8.0734684397e-02    2.4414062500e-04
 2.6720088978e+00  1.9512583751e+00 -6.8176461007e-01   -5.0580733613e-02 -2.6277777149e-01  2.7866386874e-01    2.4414062500e-04
-5.6482012330e-01 -2.4087429511e+00  1.8898121673e+00    2.3357092760e-01 -2.2202711022e-01 -3.8573836384e-02    2.4414062500e-04
-2.3327504119e+00 -1.1433820198e+00 -2.5627423376e+00    5.9246161776e-03  1.7808260022e-01 -1.2634021438e-02    2.4414062500e-04
 9.7979901932e-01  2.9032711140e+00  3.8681043757e-01    3.4534456689e-01 -2.8727354803e-01  1.8018078866e-01    2.4414062500e-04
 3.8316984761e-01 -5.0052748369e-01  9.8406014417e-01    3.8582192572e-02  8.2301791417e-02  8.4749099391e-02    2.4414062500e-04
 5.7929906463e-02  2.2281242861e+00  4.7363583446e+00   -1.5714216643e-01  1.9026496171e-01 -1.9385302048e-01    2.4414062500e-04
-1.6630919157e+00 -1.6658615888e+00  3.0219585108e+00   -4.5682187265e-01 -5.3207846773e-02 -1.6541776617e-01    2.4414062500e-04
-2.0523323571e-01  3.6354744245e-01 -1.1415375493e+00   -3.8505680847e-02  1.2925693029e-02  5.9276324895e-02    2.4414062500e-04
 1.2820953864e+00 -2.1878766895e+00  2.3929360944e+00    3.2854734838e-02 -3.0954687119e-01  2.9361184263e-01    2.4414062500e-04
 6.9472002431e-01 -1.3076881793e+00  2.6312388601e-01   -7.0402951409e-02 -3.2463189325e-01 -8.8171558323e-02    2.4414062500e-04
 5.5532662526e-02  2.6832801493e+00 -6.3734215033e-01    1.6219411958e-02 -7.6307948058e-02  1.1630349703e-01    2.4414062500e-04
 1.1770685315e+00  1.6125203688e+00  1.5357236819e+00    4.0303194602e-02 -5.1300708041e-02  7.7097860881e-02    2.4414062500e-04
-1.2229600007e-01 -4.2689209720e-02 -1.3284112754e+00    1.6227166509e-01 -1.5277917192e-02  8.4398875797e-03    2.4414062500e-04
-2.9244509846e-01 -1.4748869098e+00  1.5447705750e+00    2.7222380728e-01  3.4161744501e-01 -4.1530473218e-01    2.4414062500e-04
-1.9964142803e-01 -1.4289169123e+00 -9.1134895631e-01   -1.0832883769e-01  1.3196224585e-01 -9.1766837021e-02    2.4414062500e-04
-4.1719500502e+00 -2.4997561353e-01  2.8665740277e-01   -1.6093328719e-01  9.6118514168e-02  2.7125172412e-01    2.4414062500e-04
 1.2354204988e-01 -6.9958905930e-01 -1.7664711740e-01    6.0674713997e-02  8.7052004751e-02 -3.3647659885e-03    2.4414062500e-04
 9.5218859781e-01 -1.5316880193e+00  3.2261849223e-01   -2.7407372697e-02 -4.2416161372e-01  1.5845062997e-01    2.4414062500e-04
 2.2618283415e-01 -4.6389624255e-01  3.0770675036e-01    1.2935879146e-01 -3.2766225176e-02 -4.1816430095e-01    2.4414062500e-04
 1.3903882188e+00 -2.8157769854e+00 -1.0726647516e+00   -8.9795214550e-02 -3.1914024719e-03  1.2443667520e-01    2.4414062500e-04
 2.8398830854e+00  4.6692779488e+00 -6.2511484104e+00    1.1375018831e-01  1.5691113658e-01 -1.5720058014e-01    2.4414062500e-04
 1.6497340310e+00 -8.4271424331e-01  2.1170182262e+00   -1.3499832234e-01 -4.3050227140e-02  5.0772170156e-02    2.4414062500e-04
 2.5969253885e+00  4.1719471986e+00  7.3851123961e+00    2.5203359434e-01 -2.7851642733e-01  3.0272489473e-02    2.4414062500e-04
 8.7070596399e-01  3.1518260987e+00 -1.2628836829e-02    2.3854335733e-01  3.2579924218e-01  2.8293856494e-01    2.4414062500e-04
-7.3010974958e-01  1.2874738250e+00  5.2463147541e+00   -6.9860691478e-02 -5.9853670961e-03 -6.4911689380e-02    2.4414062500e-04
-7.4636251308e-01  2.3209952603e+00  1.1523269546e+00   -2.4541802335e-03  5.3596191081e-03  2.2134453276e-02    2.4414062500e-04
 2.6070067982e+00 -5.4604288112e+00 -1.2523403300e+00   -2.7794462684e-01 -1.0498352813e-01 -3.6387791137e-01    2.4414062500e-04
 4.3408346461e-01  1.7844707766e-01  1.0006178431e+00    3.1350562662e-02 -4.9449018435e-01 -4.3670731249e-01    2.4414062500e-04
-3.6372865457e-01 -2.1466983373e+00  1.1689522210e+00   -2.3824785163e-01  1.5096671475e-01 -1.1238594342e-02    2.4414062500e-04
-1.4516872801e+00  9.3923381819e-01  3.1506221398e-01    2.4038071859e-01  4.2995624436e-03 -6.5504974427e-02    2.4414062500e-04
-9.7701757484e-01  2.6597227661e-01 -1.2549005997e+00   -3.7842446500e-01  2.3961020510e-01 -2.8463703715e-01    2.4414062500e-04
 2.4446081951e+00 -1.6860204664e+00  5.2867089317e-01   -2.9109022218e-01  2.4915298168e-01 -5.6897029691e-02    2.4414062500e-04
-1.9380769052e-01 -8.6327226868e-02 -1.0587609503e+00   -1.5634283495e-01 -2.3631667981e-01 -3.3542949308e-01    2.4414062500e-04
-2.1500316933e+00 -3.9899187609e+00  6.3097919186e+00    3.0290848771e-02  5.7356718659e-02 -1.5844139133e-02    2.4414062500e-04
 1.1008013991e+00  1.1047166357e-01 -1.5501541450e+00   -2.4723875142e-02  1.5294573067e-01 -2.3455351916e-02    2.4414062500e-04
-5.7987605897e-01 -5.5896930441e-01  2.1993111786e-01    7.5653711984e-02 -8.0994331562e-02  3.7167377355e-01    2.4414062500e-04
 7.9840755067e-01 -1.2668601603e+00  2.9002630680e-01   -6.2801086121e-01 -1.2229225534e-02  1.1488438681e-01    2.4414062500e-04
-1.8988204606e+00  4.1570385335e-01 -4.1549538901e-01   -1.6881650726e-01 -5.1551419338e-02 -4.9656551709e-01    2.4414062500e-04
 2.1707421241e+00  3.4172020178e-01  5.5320619191e-01    2.7650267021e-01  8.7259016209e-02 -9.4112312647e-02    2.4414062500e-04
-3.4655089774e-01 -1.5657595308e-01 -4.4053504397e-02   -4.7064899238e-01 -2.9033830651e-01 -1.4375217645e-01    2.4414062500e-04
-6.5145894633e-01  1.9278178456e-01  1.2272418954e+00   -7.0546010458e-02 -1.1190518041e-01  6.7841109894e-01    2.4414062500e-04
 2.0300410081e-01  9.6429528236e-01  2.6572901510e+00   -1.2564112586e-01  2.6636256905e-01  6.3152251045e-02    2.4414062500e-04
 9.1054193263e-01  1.4272826988e+00  5.9086301168e-01    1.9835375557e-01  1.5858089174e-01  3.5475541630e-01    2.4414062500e-04
-5.3484874147e-01  1.1391196660e+00 -1.5759242600e+00   -2.0558027947e-02 -1.3755216023e-01 -8.0817045956e-02    2.4414062500e-04
-6.8954887344e-01  3.5851056486e+00  7.5461641848e-01    1.1174496371e-02 -2.2952018892e-01 -4.7729300211e-01    2.4414062500e-04
 1.2669545297e+00 -1.0180947549e+00  4.0109593296e+00    2.1280798610e-01  2.2151472460e-02 -1.3763732625e-01    2.4414062500e-04
 6.8046333966e-01 -1.6522181303e+00  2.1297039690e+00   -1.1686577848e-01 -4.6809882652e-02  1.3394634061e-01    2.4414062500e-04
-1.1413083297e+00 -1.8312044569e+00  1.9274867756e-02   -5.8250018049e-04 -2.0347670076e-02 -4.7996375955e-03    2.4414062500e-04
-3.7818308815e-01  1.5006934635e+00 -1.7061189759e+00   -2.0311835328e-02 -7.5978016583e-03 -4.1495592769e-02    2.4414062500e-04
 4.7500354157e-01  7.0621073020e-01  1.6533592401e+00    1.7522983051e-01  2.4103915547e-02  3.0951736062e-02    2.4414062500e-04
 1.7702805573e+01 -1.4853807347e+01 -1.0285262785e+01   -2.6139924138e-02  7.1151369308e-02  3.4414548323e-02    2.4414062500e-04
 9.0088009900e-01 -2.1455658781e-01  7.7652997196e-01   -9.2628187055e-02  2.1436088897e-01  1.8941437427e-01    2.4414062500e-04
 2.9840705269e+00 -7.6687153099e-01 -3.9297063058e+00   -8.5689467695e-02 -2.5131301995e-02 -6.1808772790e-02    2.4414062500e-04
 7.9167920442e-01  8.6689775748e-01 -1.4130248737e+00   -1.3394915039e-01  3.4288861741e-01  6.8818838502e-02    2.4414062500e-04
 2.7577063484e+00 -3.6747463567e+00 -4.1037832164e+00   -1.9664327095e-02  6.9592108152e-02  4.0136013122e-03    2.4414062500e-04
-1.3551794771e+00  1.7106021122e+00  9.1453032677e+00   -6.2322542070e-02  1.5718703548e-01  3.1694087585e-02    2.4414062500e-04
 3.1749490229e+00 -6.0982502122e-01 -7.6660342588e-01   -6.6961380618e-03 -4.2748186883e-02  1.7977064842e-02    2.4414062500e-04
-1.0401299859e+00 -3.3719216667e+00 -4.2594578839e+00    1.6273439677e-01 -6.8737448078e-02  8.5038685804e-02    2.4414062500e-04
-1.7348024318e-01  2.8361716109e+00  5.5692801042e+00    7.5686192511e-02 -3.9772723731e-02  5.4618112683e-02    2.4414062500e-04
-9.5514510183e-01 -1.0226647451e+00 -1.1119475076e+00   -6.2923848638e-02  2.1206906322e-02 -2.9869258792e-01    2.4414062500e-04
 2.7559005313e-01  4.7868232089e-01 -8.7840526866e-01   -3.6540464810e-01  2.9076833217e-01  3.2292864808e-01    2.4414062500e-04
 1.0667458576e+01  4.5787129027e+00 -3.7922084012e+00    9.1754668656e-02 -4.5246371519e-02 -3.6643377437e-02    2.4414062500e-04
 2.2693043313e+00  3.2299290975e-01  3.6158480997e+00   -1.7724988517e-01  3.4788891612e-01 -2.0412173750e-01    2.4414062500e-04
 4.9552340949e+00 -1.2235410919e+00  4.0860101990e+00    4.9013787717e-02  1.5672597513e-01 -2.5249492264e-01    2.4414062500e-04
 2.6039275781e-01  2.3424367066e-02 -3.2652360236e-01   -1.4009433463e-01 -1.3895018941e-01 -5.5471317123e-02    2.4414062500e-04
 6.6941859473e-01  1.9883842754e+00 -4.1622382728e+00    8.1149626501e-02  1.0884944881e-01  6.0714539901e-02    2.4414062500e-04
 3.2265740153e+00 -3.2732347429e+00 -5.0419945263e-01   -7.6085971936e-02  4.8377386591e-02 -4.0327809613e-02    2.4414062500e-04
 4.2936573658e-01 -2.1921315266e+00  3.6162111357e+00   -1.0421588091e-01 -1.0001906443e-01  1.0204486390e-01    2.4414062500e-04
 6.4265593886e+00  4.1505443999e-02 -3.4556618417e+01   -2.3543645678e-02 -1.5880551911e-01  9.2368369881e-02    2.4414062500e-04
-3.2805989343e+00  2.6426061409e+00  7.7200705830e+00    1.0741882468e-01 -5.4848546367e-02 -1.9429063229e-01    2.4414062500e-04
-6.9032177398e+00 -7.5017811646e-01  3.6667610881e-01    2.5299645326e-01 -1.3583731976e-01  1.1175214686e-01    2.4414062500e-04
 3.4740696390e-01  2.9088852732e-03  2.0450977362e+00    5.3407073516e-02 -1.2450320799e-01  2.2644472598e-01    2.4414062500e-04
-1.0859617992e+00 -1.6406652053e-01 -6.4244256395e-01    1.6048900422e-01  7.5595172087e-02 -8.7338439567e-03    2.4414062500e-04
-1.5762561251e+00  9.2117791152e-01  1.5243347663e+00   -1.4222691720e-02  5.2220688212e-02  1.0215184893e-01    2.4414062500e-04
-4.1949671736e-01  2.2241784641e-01  9.6619208619e-02   -9.6187236596e-02  2.9458854680e-02  3.4465759186e-02    2.4414062500e-04
-5.6111485319e-01  6.2948130970e-02  3.1675309470e+00    3.3189028271e-01 -1.9781576017e-01 -1.4549508759e-02    2.4414062500e-04
-5.6584578978e-01 -7.3034470373e-01  1.6402955637e+00   -2.2792145765e-01  1.5150565818e-02 -3.1069026646e-01    2.4414062500e-04
 3.7143947701e-01  2.5347065610e-01  2.8944100113e-02   -2.6331830987e-01 -4.3344072408e-01 -3.6296548584e-01    2.4414062500e-04
 2.2483808798e+00  6.6451216054e+00  7.1442849345e+00   -1.1706137244e-01  6.4378514781e-02  6.7740459442e-02    2.4414062500e-04
-4.4967487024e-01  1.5449983227e+00  1.6832542239e+00    1.9575580711e-01 -3.6884040135e-02 -1.8261464021e-01    2.4414062500e-04
 2.0255409659e+00 -5.7007690955e+00  9.8057694968e-01   -2.0342259110e-01 -2.5531018774e-01 -7.4062800375e-03    2.4414062500e-04
-1.3111747787e+00 -5.6842397368e-01 -2.3966016741e+00   -1.0396582890e-01 -4.3666478638e-01 -2.9779395262e-01    2.4414062500e-04
-1.2152488018e+00  1.8720695827e-01  1.7055408218e+00    5.6066914161e-02  1.1621058840e-02 -8.4096256530e-02    2.4414062500e-04
 4.9176745814e-01  1.2753873323e+00 -7.7506115023e-01   -5.3494868174e-02  1.7964232526e-01 -6.6435294773e-02    2.4414062500e-04
 3.0695448549e+00 -1.5989856745e+00  2.1035056546e+00   -2.1996331549e-01  1.1159035749e-01  2.8298985855e-01    2.4414062500e-04
 3.5792758014e-01 -6.4217987552e-01  1.2248176039e+00    4.1523194484e-01 -1.6606172781e-01 -3.0070068496e-01    2.4414062500e-04
 8.4866033852e-01 -7.8153013128e+00  5.0172637506e+00    1.4621934074e-01 -1.1095742893e-01 -7.3952104174e-02    2.4414062500e-04
-7.5594589200e-01 -5.4247990194e+00  3.8081356008e-02    3.7684577510e-02  2.0372960003e-01 -7.5980984060e-02    2.4414062500e-04
-2.4805562127e+00  1.3825916242e-01 -1.2591066892e+00    1.6661474555e-02 -1.1455628267e-01  1.0331593368e-01    2.4414062500e-04
 1.3887027664e+00 -1.8154485334e+00  3.4534434953e+00   -2.7573004967e-01 -2.3185389431e-01  1.3823725997e-03    2.4414062500e-04
-5.1623512162e-01  1.4295621130e+00  5.5134335325e-01   -6.8900531548e-01 -8.2594980746e-02  5.7094826751e-03    2.4414062500e-04
-1.5932003541e+00  5.1726211168e-01  1.9558490489e+00    1.3435947480e-01 -2.6880213341e-01 -1.5554057424e-01    2.4414062500e-04
 1.5482226103e+00 -3.9072087965e+00 -4.2793888334e-01   -6.9319030725e-02 -6.3561929618e-02  3.1364685387e-02    2.4414062500e-04
 8.7358920256e-01  1.3977022693e+00 -6.1559686340e-01   -1.2850099941e-02  3.1299218361e-02  5.3186130931e-02    2.4414062500e-04
 8.2638183527e-01  1.0446076355e+00  1.8009943539e+00   -4.8469141811e-02  1.8486103183e-01  2.0686664990e-02    2.4414062500e-04
 8.4101498212e+00  1.4679892874e+00  5.7887019697e+00   -1.0836900231e-01  1.1934937518e-01  1.9414478197e-01    2.4414062500e-04
-1.9135678869e+00 -1.0982281081e+00  4.4359245521e-01    4.7979388331e-01  4.9438477301e-02 -3.1182784561e-01    2.4414062500e-04
-7.1391474614e-01 -7.2425373918e-01 -1.3954442384e-01    3.0930530406e-02 -4.3406550827e-01  1.1030233439e-01    2.4414062500e-04
 8.0259811659e-01 -3.9158078072e-01  1.7670845337e+00    3.1070616132e-01  3.8822841953e-01 -1.5802718007e-01    2.4414062500e-04
 8.0862169624e-01 -1.1780581168e+00 -3.1839844448e-01    4.3767419208e-02  1.0451574656e-01  2.6398744580e-02    2.4414062500e-04
 4.3381091211e-02 -1.4544449158e-01  6.2091490056e-02    5.5421070372e-01  2.6469632823e-01 -9.5125028096e-02    2.4414062500e-04
-5.0464209689e+00 -9.7325782741e+00  5.3745528523e+00    9.4383185346e-02 -5.6094476268e-02  1.4139076562e-01    2.4414062500e-04
-1.3293363784e+00  8.5180715628e-01  1.5926809442e+00   -1.4966535344e-01 -7.4463253628e-02 -1.1710284619e-01    2.4414062500e-04
-5.4602525440e-01 -2.1659009617e+00  6.1073732740e-01   -2.5844422723e-01  2.3117504197e-01 -1.2921580141e-01    2.4414062500e-04
 5.8319654946e-01 -3.9009954667e-01 -2.6946323222e-02    2.1348875089e-01  3.5675925581e-01 -3.6018576813e-01    2.4414062500e-04
-6.8960117806e-01 -2.8813119240e-01  1.8789371031e+00    2.8497778240e-01 -1.1579753784e-01  5.8630688127e-01    2.4414062500e-04
-1.6157176197e-01  9.8784992090e-01  4.3144404877e-01   -2.1719295994e-02  2.5091354758e-02 -3.9958025252e-02    2.4414062500e-04
 3.2033528079e-01 -6.5942986617e-01  3.5596979867e-01    2.6293390509e-02  4.5374862738e-02 -2.9000745496e-02    2.4414062500e-04
 1.8267073682e+00 -1.0173783399e+00  2.0513546086e+00    1.4136553424e-02 -4.5742320415e-02  1.0872886822e-01    2.4414062500e-04
 5.7448333304e+00 -2.6679917412e+00  3.9477479706e+00    6.6862037273e-02  3.4064077305e-01  2.1491833063e-01    2.4414062500e-04
-1.4431933486e+00  7.1175084580e-01 -8.8284545157e-02   -2.0751458744e-01  3.0501998436e-01 -2.0705017036e-01    2.4414062500e-04
-1.3624327181e+00 -1.9838330495e+00 -1.1214796168e+00    6.8340334913e-02  8.2168354695e-02 -9.6689538356e-02    2.4414062500e-04
-1.8356445259e+00  1.3209840718e+00  2.8165526552e-01    5.3943821106e-01 -1.1962237357e-01  1.7304143631e-01    2.4414062500e-04
-2.3883913605e+00 -2.0104464346e+00  9.0696783180e-01   -2.2622583035e-01  2.2316162460e-01 -1.3871989076e-02    2.4414062500e-04
 7.9256806617e+00  2.8120862994e+00 -6.7733569930e-01   -4.1270993225e-02  7.0652030648e-03  5.1094655836e-02    2.4414062500e-04
 1.2881510326e+00  1.3205570350e-02 -2.8561007469e-01   -1.8838928742e-01 -1.3099292061e-01 -4.4028774838e-01    2.4414062500e-04
-2.0708401714e+00  9.3280857433e-01 -2.1356842301e+00   -2.7019424558e-02 -1.4145994326e-01 -3.0352969231e-01    2.4414062500e-04
 4.7865334981e+00  3.7365344171e+00  2.7541945901e+00    3.1638420150e-02 -1.2990851012e-01  1.7740610258e-01    2.4414062500e-04
 2.3003055519e+00 -1.0511091810e+00 -1.7778732253e+00    7.9541506663e-02  3.4479218475e-01  3.6715157898e-01    2.4414062500e-04
-1.3217603203e+00 -1.1336257895e+00 -4.6168264854e-01   -1.1342937760e-01 -3.6535131243e-01 -6.5218126375e-03    2.4414062500e-04
 4.7145895926e-01  6.8621639035e-01 -4.6651938075e-01    5.0681473703e-02  3.1005071372e-01 -6.1002132617e-01    2.4414062500e-04
-2.0375489617e+00 -1.5046539331e-01 -1.8206021297e+00    3.4898569446e-01 -1.6410548318e-01 -3.4055233159e-03    2.4414062500e-04
-7.2325850557e-01 -2.5182386568e-01 -2.5268312071e+00    2.2333268857e-01 -1.0881918013e-01 -1.7398266503e-01    2.4414062500e-04
 2.8182595354e-01 -9.3765282472e-01 -1.8500009433e+00    3.9324448879e-01  2.7740149675e-01 -3.1508141474e-01    2.4414062500e-04
-1.5212768091e+00  1.0381910672e+00 -6.1081039658e-01   -1.0188741855e-01  6.3774186622e-02 -3.5235968285e-02    2.4414062500e-04
-4.3560909515e-01  8.9955863683e-01  8.7465383863e-02    2.8661829245e-02  1.1929135960e-01 -6.4084402182e-02    2.4414062500e-04
 1.2297154514e+00  1.0490973164e+00 -1.2507241534e+00    4.6770324692e-01 -1.3525636302e-01 -2.3165453202e-01    2.4414062500e-04
-6.5605899029e-01 -2.6778666766e+00 -5.6896239885e-01    1.7861251329e-01  4.6174078961e-01 -1.4374444419e-01    2.4414062500e-04
 6.5675929595e+00 -9.2768818082e+00  9.8073119213e-01   -1.0695907844e-01 -1.4572579622e-01  1.8991578349e-03    2.4414062500e-04
 2.6177638258e+00 -3.9415589015e+00  3.0875585843e+00    2.4351820622e-02 -2.1687578786e-01 -8.5423229390e-02    2.4414062500e-04
-3.7027003240e-01 -1.3134933441e+00 -1.2327150928e+00    3.4437682706e-02  1.6274703198e-02  2.4675121048e-02    2.4414062500e-04
-9.8944931468e-01 -5.5314061575e+00 -1.5763716255e+00   -5.3063593640e-02  2.2889702573e-01  1.8347696616e-01    2.4414062500e-04
-1.1328883310e+00  1.5468413010e+00 -1.2812290872e+00   -9.6058108417e-02  7.5809978961e-02 -2.4629529319e-01    2.4414062500e-04
-3.7490355096e-01 -1.4153386359e+00  9.9779831102e-01    1.2469939316e-01 -2.3694918657e-01  9.6496837527e-02    2.4414062500e-04
 1.2129354422e+00  2.2614003279e+00  3.9690402016e-01   -3.1906020985e-01 -3.3140266164e-01 -1.0873463981e-01    2.4414062500e-04
 7.3391827289e-01 -1.6085007637e+00 -6.7306026023e-01   -2.7490838672e-01  3.5261666773e-02  5.1961266806e-02    2.4414062500e-04
 5.3816305342e-01 -1.1437456485e+00  1.2798196787e+00   -1.5979575560e-02  4.3525055533e-01  1.3515369471e-01    2.4414062500e-04
-4.5972020746e+00  2.1857488222e+00 -9.9302872057e-01   -7.1658940002e-02  4.3921114872e-01  3.6917246854e-02    2.4414062500e-04
 3.0445088418e+00  1.9833961140e-01 -8.5679391001e-02   -1.1339664022e-01 -1.1829829050e-01  1.9246361572e-01    2.4414062500e-04
 9.0241800714e+00 -4.6517355932e-01  1.1840901517e+01   -1.7336246617e-02 -1.1701929073e-02 -1.5184637822e-03    2.4414062500e-04
 2.4906919043e+00  1.9389249700e+00 -1.7146763701e+00    8.2138417797e-02 -2.3623687309e-02  1.6134263574e-01    2.4414062500e-04
-2.0994756802e+00 -1.2127784195e+01  7.0661300531e+00    1.7510835528e-01 -1.0791663610e-01  1.2167432095e-02    2.4414062500e-04
-1.5538767541e+00  1.5010335037e+00 -1.6816354107e+00    1.7255259728e-01  3.2691019841e-01 -2.1314815737e-01    2.4414062500e-04
-1.4354308170e+00 -1.6271870768e+00 -1.8809832382e+00    9.8607443617e-02  4.3872289084e-01  2.7700561937e-01    2.4414062500e-04
 2.3695209695e+01  5.8182222781e+00 -3.5028754271e+00    6.9743587633e-02 -1.3757128679e-01 -9.7448851534e-02    2.4414062500e-04
 3.2092489910e+00  5.4343862486e+00  1.4586940323e+00    7.2446660021e-02  9.3853306805e-02 -4.5854557420e-03    2.4414062500e-04
 9.2730403062e-01 -8.5279671193e-02 -1.5367337757e+00    5.0147287444e-01 -2.4063277451e-02 -2.9174160395e-01    2.4414062500e-04
-1.7054868161e+00  1.0873067158e+00  5.7088133884e-01   -8.8523036100e-02  1.4699812209e-01 -1.3565459881e-01    2.4414062500e-04
-3.0900784114e+00 -3.7248182311e-01  3.2827360593e+00    1.5290771478e-01  1.3638475190e-01 -5.8350950519e-02    2.4414062500e-04
-7.2835573768e-01 -2.1882981252e-01  2.6681902365e+00    9.2021701398e-02  9.1030133801e-02  5.8015964290e-02    2.4414062500e-04
 7.0769229469e-01 -2.3615561544e-01 -3.0421597741e-02   -8.2848789851e-02 -3.0210003775e-04  1.8699343195e-02    2.4414062500e-04
 3.5855877258e+00 -1.3170524225e+01 -1.2319874456e+01   -1.3578894855e-01 -2.7871310582e-02  7.5223489401e-02    2.4414062500e-04
 2.4181104755e+00 -6.8181729978e-01 -9.8107889460e-01    2.5563715318e-01 -2.1260648562e-01  2.6114743093e-01    2.4414062500e-04
-6.4362151948e-01 -8.3127981676e-01  1.0189158585e+00   -9.1441467738e-02  2.4027233127e-01  5.5383188276e-02    2.4414062500e-04
 1.9490929403e+00 -2.6156981581e+00 -1.8492853424e+00   -6.1421351884e-02  1.5610026477e-01  1.2788636827e-01    2.4414062500e-04
-4.2994758441e+00 -2.6406439571e+00 -4.9113478667e-01    6.4351558988e-02  5.5287126647e-02 -2.1711681394e-02    2.4414062500e-04
 1.6983698536e-01  1.3458606027e+00  1.5384801037e+00    4.8173913272e-01 -1.9348116756e-02  3.8266487948e-02    2.4414062500e-04
-2.9080425242e+00  1.7906786862e-01 -2.5852834969e+00   -1.9692844983e-01 -1.0906116681e-01 -6.6440349221e-02    2.4414062500e-04
-7.7791856912e-01  4.4810683080e-01  1.4359785429e+00    2.7714621474e-01  1.2966004448e-01 -1.8024712558e-01    2.4414062500e-04
 2.9096323219e+00 -1.1528858941e+00 -3.8681767690e+00    1.6818107274e-01  8.2950971831e-02 -3.7766548007e-01    2.4414062500e-04
-2.0401682084e+00  1.2554311019e+00 -5.5799926500e-01    3.6300492410e-01  1.9719750251e-02  1.8270965377e-02    2.4414062500e-04
-1.5500654374e+00  8.1856785711e-01 -3.7708450266e-01    5.9592501281e-01  2.4929148559e-02  1.0821714478e-01    2.4414062500e-04
-2.7540314720e-01  4.4131634404e-01  1.7079817410e-02    3.0542119582e-02  3.5566064627e-02  2.5541484054e-01    2.4414062500e-04
 7.8750698022e-01  7.7055422448e-01  1.7009481327e+00   -1.3415624447e-01 -2.7232528355e-01 -4.2767585257e-02    2.4414062500e-04
 1.1807904188e-01  1.1331857636e-01 -9.1286049567e-01   -1.7159244729e-01 -3.5694909628e-02  5.8510177311e-02    2.4414062500e-04
-2.0036468930e+00  2.3496201651e-01  4.3840553610e-01   -2.6094758330e-02 -2.6741505051e-01 -9.9614253928e-02    2.4414062500e-04
-4.9507567443e-01  9.2691713929e-01  2.8338655125e+00    2.3487255724e-01  5.4083731170e-02 -2.0595614089e-01    2.4414062500e-04
-2.5507024887e+00  9.1677593959e-01  2.7568267652e+00    7.6792156809e-02 -8.3734002660e-02  2.4286224385e-02    2.4414062500e-04
-1.5218860872e-01  2.1855324740e+00  3.6573846528e-01    3.3074913373e-01  4.0002131712e-01  1.2283971457e-01    2.4414062500e-04
 7.1198336172e-01  2.1523392663e-01 -3.0345797229e+00    2.7586618675e-01 -2.1187029107e-01 -7.8509175958e-02    2.4414062500e-04
 1.0611455991e+00 -1.4729418413e+00  1.8050945565e+00   -7.3535612668e-03  5.5568887449e-02 -4.2509700838e-02    2.4414062500e-04
 3.6875565129e+00 -2.3388206077e-02 -2.6978512526e+00    4.0699729920e-02 -2.0973167042e-01 -2.6936299045e-01    2.4414062500e-04
-9.6237601737e-02  3.0979091799e+00  5.7032888935e-01   -2.8138163120e-02 -5.4737220701e-01 -1.5170812582e-01    2.4414062500e-04
 1.7844417547e+00  1.6529241566e+00  7.6589981630e-02    1.4972556625e-01 -2.3721170448e-01 -1.8156505362e-02    2.4414062500e-04
-1.4185685071e+00 -1.2511776296e+00  2.7691039740e+00   -5.8442763972e-03  1.1170920199e-01 -1.9190016326e-02    2.4414062500e-04
-1.0469986123e+00 -1.1436207697e+00  6.6484215435e-01   -2.4475344709e-01  3.0443190224e-01  3.4868871825e-01    2.4414062500e-04
-5.9849408796e+00  1.7875135397e+00  4.6496142581e+00   -2.5580448689e-01  1.0283193016e-02  9.3106633454e-03    2.4414062500e-04
 4.0503041928e+00  1.4762350720e+00  6.2881880218e+00    2.0193566202e-02 -7.2331400184e-02  5.0434998082e-03    2.4414062500e-04
-3.2477340490e-01  7.3664023968e-01 -1.3389445767e+00    4.5740101560e-02  1.8653019851e-01 -1.5756690174e-01    2.4414062500e-04
-1.0405549688e+00  2.3477934728e+00  3.0247637821e+00    2.1318377756e-01  3.9541859063e-01  7.8683920897e-02    2.4414062500e-04
-8.1511599322e-01  8.5415018785e-01 -1.4917734979e-01    2.9307147714e-01 -6.5821192958e-01  4.1609460663e-02    2.4414062500e-04
-6.4609256597e-01  2.3832805062e+00  2.3924125231e+00   -1.8619044580e-01 -4.8678243452e-02 -5.7176318193e-02    2.4414062500e-04
-1.3739959177e+00 -4.3134985897e+01  3.2932287526e+00   -2.0138989858e-02  5.5045464357e-02  3.4865331961e-02    2.4414062500e-04
-2.2177468003e+00 -2.3907848707e+00  1.2991006331e+00   -7.1418646425e-02  2.9194821114e-01  4.2520645811e-03    2.4414062500e-04
 1.9659134363e+00  1.8867731282e+00 -7.3891329906e-01   -8.5254685626e-03 -1.6448795986e-01  2.0436985466e-01    2.4414062500e-04
 3.5455058871e-01 -1.8611703802e+00  4.5734414043e-02    1.9753363583e-02 -5.4095466665e-02 -3.1592691913e-02    2.4414062500e-04
-7.9113176490e-01  2.1305578884e+01  1.4806950501e+01   -1.8738902408e-02  1.2121082873e-01  1.0874648296e-01    2.4414062500e-04
 1.6497487792e-02 -7.9974725517e-01 -1.8682234990e+00    2.3917270328e-02 -1.1348199632e-01  1.1627487532e-01    2.4414062500e-04
-1.9364230774e+00 -3.6045516395e-01  5.7049037022e-01   -3.9433325548e-01 -3.6021555611e-01 -4.3563118691e-01    2.4414062500e-04
-1.4769938054e+00 -5.1848648140e-01  2.0449842480e+00   -6.5661952898e-02  5.3285301292e-02 -1.1159951244e-01    2.4414062500e-04
-3.7360877946e+00  1.8533349304e-01 -2.3189794909e+00    1.4475227152e-01 -1.1056863763e-01 -1.1437887129e-01    2.4414062500e-04
 1.6425148423e-01  1.1133167340e+00 -2.7495913230e-01   -9.9645621069e-03 -9.5677812408e-02  3.6250998043e-02    2.4414062500e-04
 7.7760904627e-01 -1.4347804323e+00 -1.5890686739e-01    6.1970063883e-02  3.1429602960e-02 -1.0352215535e-01    2.4414062500e-04
-1.6905229230e+00  2.3603179982e+00  9.3750326603e-01    3.7116243465e-01  1.9509732649e-01  1.1290677032e-01    2.4414062500e-04
 1.1837982404e+00  8.0511220846e-01  4.2998266947e-01    5.5019147685e-02  8.4361355441e-02  9.9368807349e-02    2.4414062500e-04
-8.8111525551e-01  1.5114496860e+00  2.1742799218e+00    9.2003140709e-02  5.1338865315e-02  1.1635944762e-02    2.4414062500e-04
 1.9762260943e+00  1.4177527652e+00  2.5604203554e+00    2.0048330600e-01 -2.2381066188e-01  2.1174661239e-01    2.4414062500e-04
 1.3176981443e-01 -1.4605207977e-01 -1.5351775696e+00   -1.9399170681e-02  3.9971782895e-02 -1.3731714221e-01    2.4414062500e-04
-9.6732538550e-01 -6.6924651680e-01  1.1679148228e+00    3.2611343687e-02 -3.5121890675e-01  4.6591563431e-01    2.4414062500e-04
-1.3093233249e+00 -2.9215010364e+00  1.0742161091e+00    9.1143637764e-02  1.1747636275e-02  3.3217757830e-01    2.4414062500e-04
 2.3261483871e+00 -2.4279610415e-01  2.9081482409e-01   -2.8053898846e-01 -4.5427051888e-02  2.6838552468e-01    2.4414062500e-04
-5.8592471603e-01 -1.1590677637e+00  1.5662403864e+00    5.7597252983e-03 -1.7084331699e-02 -6.1424361965e-02    2.4414062500e-04
 4.5065033920e-01 -3.1312904747e+00  8.3293774901e+00   -2.0940761738e-02  2.3418328026e-02  6.5055232595e-03    2.4414062500e-04
 8.9808352911e-01  3.1290633370e+00 -9.0153625559e-01    1.0486413195e-04  6.1653938294e-03 -1.6479023242e-02    2.4414062500e-04
-1.1064694850e+00  2.9416411944e-01 -9.2469307968e-01   -9.0487551052e-02  9.3394250951e-02 -8.3864898934e-02    2.4414062500e-04
 1.4264302565e+00  4.7647590443e-01  5.3533708630e-01    5.5875164170e-01  5.8981370731e-02  2.9284209819e-01    2.4414062500e-04
 2.7829579695e+00 -1.2978053788e+00  5.3368482214e-01    3.2785411650e-01  1.4794557873e-01  1.4176790681e-02    2.4414062500e-04
-1.1271098639e+00  2.2622364848e+00 -1.6151216183e+00    1.1301099099e-01 -5.8360591728e-02  3.2579016727e-01    2.4414062500e-04
-1.2130751991e+00  3.4918373676e-01  3.9810262285e-01    1.0787736339e-01 -1.9520565624e-01 -2.4328533522e-01    2.4414062500e-04
-7.9738067700e-01  1.0631232517e-02 -5.9563830644e-01    1.0469903447e-02 -6.6099906773e-02 -1.9105783689e-01    2.4414062500e-04
-5.2920020477e-02 -1.3743354705e+00  1.0336886640e+00    5.4438922097e-01 -6.5390132707e-02 -6.5313145196e-02    2.4414062500e-04
 3.0883808696e+00  7.0665990226e+00 -1.7471656718e+00   -1.4834772109e-01 -4.1861685910e-02  3.3811097259e-02    2.4414062500e-04
 9.2050524312e-01 -4.5688902762e+00  1.1928454815e+00   -1.0383473363e-01  9.1187012711e-02 -9.3057041883e-03    2.4414062500e-04
-2.8216451045e+00  5.2400972267e+00  4.4814336440e+00    5.1357317260e-02  2.6910999169e-02 -9.0267807468e-03    2.4414062500e-04
-9.7493551383e-01 -1.9126964108e+00  2.7896749351e+00   -2.3925432243e-01 -4.5005750886e-02  6.3209463392e-02    2.4414062500e-04
-1.8364474927e+00 -1.6637618656e+00 -4.4387223240e+00    2.4504519268e-01 -2.8118685313e-01  2.9673756793e-01    2.4414062500e-04
-1.5265782096e+01  5.2686844496e+00  3.9619525929e-01   -1.1954255240e-02  1.2455532343e-01 -1.3341767012e-01    2.4414062500e-04
-2.5310941400e+00  4.3958260096e-02  4.1340621337e+00    1.6821874071e-01 -2.9744998099e-01  1.8619044041e-01    2.4414062500e-04
 3.0604578527e-01  1.1527806279e+00  1.2606957500e+00   -4.2772529806e-01 -1.0222539414e-01  2.6722500101e-01    2.4414062500e-04
-7.3934688870e-01 -1.7648264720e-01  1.0126348647e-01   -3.5640635896e-01 -3.5200676471e-01 -4.4023450038e-01    2.4414062500e-04
 4.6848139347e+00  1.0358899049e+00  1.1486430109e+00    2.7982612663e-02 -7.2210861011e-02 -1.3118345891e-01    2.4414062500e-04
-8.4553072060e+00 -5.9895221523e+00 -1.0450407428e+00   -7.1285135410e-02 -3.8171273175e-02 -2.1627511635e-01    2.4414062500e-04
-1.3354990780e+00  9.9947715945e-01  8.8551360250e-01   -3.2244065987e-01  1.7846844645e-02  7.0218493586e-02    2.4414062500e-04
-2.9898369311e+00 -1.1187551052e+00  8.9463075639e-01    3.4118871583e-01  2.5927146212e-01  1.4199053015e-01    2.4414062500e-04
-2.6920399601e-01 -1.2260958555e+00 -6.6618113163e-01    3.0222129666e-01  3.5692905587e-01  1.2751898322e-02    2.4414062500e-04
 1.6415305299e+00  2.3089339049e+00 -1.9459484182e+00    3.6418405259e-02 -1.0263005046e-01 -1.1054531022e-02    2.4414062500e-04
-7.8466380902e-01  1.0752081550e-01  3.7462470502e-01    5.4786419039e-02  4.4305590289e-03  4.8483724482e-03    2.4414062500e-04
 1.1644508256e+00  4.2138811354e-01  2.1723267385e-01   -2.1978176407e-01  1.2587855478e-01  1.4777334980e-01    2.4414062500e-04
-9.5811496990e-01 -3.0367710097e+00 -4.3587587888e+00    5.8223711314e-03  1.8592086459e-02  6.2725747784e-02    2.4414062500e-04
-2.5936469054e+00  1.1071492462e+00  1.5737238960e+00    1.4786820897e-01 -1.9721545596e-01  3.8065041117e-01    2.4414062500e-04
-2.1313047501e+00 -1.8267302245e+00  2.8295692600e+00   -3.5024350763e-01  1.7878143302e-01 -1.2022040105e-01    2.4414062500e-04
-1.2954737774e+00 -1.2669486791e+00  8.0541413395e-01    1.8835358033e-02 -2.3229943876e-02  8.4554801389e-03    2.4414062500e-04
 4.0066888722e+00 -3.9781401342e+00  2.8105474203e+00    1.7494758242e-01 -2.7851758134e-01  1.2391807623e-01    2.4414062500e-04
 5.3608974919e-01 -6.7377822690e-01 -1.5218289926e+00    4.5117622354e-01  3.0543183803e-01 -3.8741515014e-02    2.4414062500e-04
 1.1669605875e+00 -2.1767485119e-01 -3.3307857729e-01    1.6789490434e-01 -3.3439590176e-01 -2.4082873815e-01    2.4414062500e-04
 4.0871953789e-01  1.3366657837e+00  1.7322218426e-01    5.8721883666e-02 -6.7322837522e-03  4.5046082836e-01    2.4414062500e-04
 7.1026825189e-01 -3.3190840387e-01  9.6754292436e-01    4.3584249599e-02  1.2792680708e-02  2.1199961281e-02    2.4414062500e-04
-3.7533023362e+00 -7.9231677555e-04 -4.9289687382e-01    1.7971429668e-01 -6.8993953016e-03  2.2082908418e-02    2.4414062500e-04
-5.8470045779e+00  2.7460252239e+00  2.8987891911e+01   -8.6278026543e-03 -1.6336001184e-01  2.5388131818e-02    2.4414062500e-04
-1.3474248355e-01  6.7667988810e-01 -2.6468259611e+00   -1.8340949124e-02 -3.9790000658e-01  2.1837113389e-01    2.4414062500e-04
 1.4143881629e+00  3.5980460917e-01 -9.3470871069e-01    2.3402264651e-01 -4.0327091755e-02  1.2611073085e-01    2.4414062500e-04
-5.0368881925e-01  2.1539371164e-01  1.9203723739e-01    1.7787286399e-01  7.3117277431e-02 -1.5241194978e-01    2.4414062500e-04
-2.7252779708e+00 -4.1407435280e-01 -3.8108904415e+00    1.3839345335e-01 -2.9155595748e-03 -1.3351145852e-02    2.4414062500e-04
 1.1625937843e+00  6.7127640722e-01 -5.2533872321e-01    1.6464273235e-01 -3.8713530670e-02  4.4960784927e-02    2.4414062500e-04
-3.3437816458e+00  1.8861454959e+00  3.3862626881e-01   -3.5728169098e-02 -2.2276818222e-01  1.2138300939e-01    2.4414062500e-04
 1.7259076900e+00  1.5860425039e-01 -3.2155964276e-01   -1.2563003183e-01  7.0968096936e-02  3.4203412404e-01    2.4414062500e-04
 7.0131781894e-02 -3.3149953802e-01 -4.6150040231e+00   -3.1841956862e-01  8.7257184419e-02  6.5042775702e-02    2.4414062500e-04
-2.4989321403e+00  4.0195419383e-01  2.0912501697e+00   -4.7669889445e-02 -3.0613516972e-01 -2.2568450004e-01    2.4414062500e-04
 4.5174385459e-01  6.5158429875e-01 -2.2107442307e+00   -1.0777485920e-01 -5.2367245243e-01 -8.1280854802e-02    2.4414062500e-04
-1.4847733075e+00  2.8641470105e-02 -6.1568916111e-01    9.7182476819e-03 -5.1257048321e-01 -3.0041066968e-01    2.4414062500e-04
-1.1321741906e+00  2.8943036044e+00 -3.3006537223e-01   -1.4251989937e-01  4.2361159800e-02 -1.8286161017e-01    2.4414062500e-04
 3.7549661135e+00  1.0004741948e+00 -3.7664812171e-02    6.2058137320e-02 -3.2353267031e-02  1.7978440342e-01    2.4414062500e-04
 6.6311727772e-01  4.1710779158e-01  1.2419479186e-01    2.6515738632e-01 -1.2698187050e-01 -1.0450007124e-01    2.4414062500e-04
 4.7740666316e-02  1.6295588326e+00 -9.4056887455e-01    1.8329715313e-01  3.4798510731e-01  2.8409826984e-01    2.4414062500e-04
 3.6334390428e+00  1.6873924494e+00 -2.0370928322e+00   -4.0320230151e-02  1.8456605558e-02  1.1073395627e-01    2.4414062500e-04
 1.7180422817e+00  3.7818573239e-01  4.7461839527e-02    1.7594402247e-01 -3.6736285860e-02  2.7484263350e-01    2.4414062500e-04
 1.3336528640e-01  3.9551696159e+00 -1.3485613362e+00   -4.0564295939e-02  7.1290883439e-03 -1.0231854822e-01    2.4414062500e-04
-1.0603572590e+00  1.2159953856e+00  1.5558916321e+00    5.9302818956e-01  6.8693776759e-03  5.4163985213e-02    2.4414062500e-04
-2.7404628075e+00 -2.3793511541e+00  2.0812378146e-01   -1.4660016002e-01  2.6812756822e-01 -3.6026859063e-01    2.4414062500e-04
-2.6050904210e+00  4.2925037291e+00 -6.9185342271e+00    4.4419369541e-02 -3.4562001952e-02  5.3586995023e-02    2.4414062500e-04
-7.3212745538e-01  1.1190395398e+00  2.3548896896e-01    8.9861563202e-02  3.1250502620e-02 -4.4372670009e-02    2.4414062500e-04
-4.4909718965e+00 -5.9094633214e+00  4.2165899481e+00    4.4872107650e-02  3.7473570780e-02 -1.2498817028e-01    2.4414062500e-04
 1.9628293314e+00  6.7877800963e+00 -9.0082216120e-01   -9.8442633610e-02  3.2294310454e-02 -1.0963785423e-01    2.4414062500e-04
-1.9563059342e+00 -1.5629370937e+00 -5.0413942981e-01    2.3607343130e-01 -1.8476594432e-01 -2.4380603747e-01    2.4414062500e-04
-4.0628029549e-01  6.7807170129e-01  1.4114103054e-01    3.9492397341e-01  3.5398251373e-01 -6.1870488436e-02    2.4414062500e-04
-3.9479896418e+00  3.1543284855e+00 -8.4145945755e-01   -3.8985035865e-02 -2.2231157273e-01 -1.9906142541e-01    2.4414062500e-04
-2.2720375975e+00 -9.7778323067e-01 -1.6929709370e+00    9.2639220280e-02  2.8719648529e-02 -2.5542294116e-01    2.4414062500e-04
 1.5185204852e+00 -2.6659598659e-01 -1.0547589220e+00   -2.0415816689e-02 -1.6740129100e-02  1.8029178864e-02    2.4414062500e-04
 7.9451183190e-01  1.0544548783e-01  1.3581745795e-01    2.2129617462e-02  4.7128881771e-01 -9.1486825937e-02    2.4414062500e-04
-1.5311429475e+00  4.3883514203e-01  1.3964284137e+00   -1.1772882061e-01  1.7036684742e-01 -2.4177204337e-01    2.4414062500e-04
-8.0114235802e-01  2.3766978218e-01 -2.7374668398e-01   -3.9001456573e-01 -4.6690973921e-01  4.8465628833e-02    2.4414062500e-04
-1.9839434224e+00  6.8712830140e-01 -1.0275257412e+00    3.3120574739e-01 -2.8853182033e-02 -7.9137268821e-02    2.4414062500e-04
-2.0316396143e-01  7.7628425307e-01  4.9973839524e-01   -2.6733469306e-01  1.7164175390e-01 -2.6837273214e-01    2.4414062500e-04
 1.2386868241e+00  2.2972578220e-01 -3.3313619550e+00   -2.2854116473e-03 -5.5609723425e-02 -4.8179836320e-03    2.4414062500e-04
-2.1626316369e+00 -6.8860463241e-01  2.3241521107e+00    3.9920959649e-02 -1.8862988355e-02 -9.5664222714e-02    2.4414062500e-04
-5.5828053644e-02 -8.1247959980e-01  1.2957307775e+00   -3.8057320872e-01 -1.3510105703e-01  2.3682451488e-01    2.4414062500e-04
-2.5474566013e+00  6.5162391229e-01 -1.9656882350e+00   -2.0583286877e-01 -1.9460153389e-01 -1.7959975016e-01    2.4414062500e-04
 6.3785071705e-01 -1.1347820955e+00 -7.5795886484e-04   -1.8962101963e-01 -1.5542753642e-01 -5.1524745298e-02    2.4414062500e-04
 2.8541306065e-02 -5.4467089741e-01 -9.5405756167e-01   -2.9547770111e-01 -1.7292844448e-01 -3.5496342710e-01    2.4414062500e-04
 1.1796685801e+00 -1.5520852317e+00 -3.6062525012e-01   -1.1490796159e-01 -5.7678539885e-01 -2.7683053134e-02    2.4414062500e-04
-6.7178767867e-01  5.8547499479e-01  1.0750775105e+00   -9.4558741980e-02  4.6282644297e-01 -2.3422255849e-01    2.4414062500e-04
-1.7851239083e-01 -7.8602130210e-01 -2.2547044988e+00   -8.4884794746e-03  6.6153877564e-02 -1.4576681381e-02    2.4414062500e-04
-1.9488411249e+00  2.2389106175e+00  1.7778785585e-01    1.4238968372e-01  2.6369325149e-01 -2.5925167941e-01    2.4414062500e-04
 1.9960205271e+00 -1.0542596901e+00  9.8583275169e-01    1.5839211797e-01  1.1704564063e-02 -1.1016329912e-02    2.4414062500e-04
 1.5609515247e+00 -1.0048563559e+00  2.1254443057e+00    4.1960934828e-02  5.8735756021e-02  1.1277991942e-01    2.4414062500e-04
 3.9080092613e+00  5.7877135500e-01  4.4210880796e+00    1.3782794102e-01  1.0126449635e-01 -7.6928611576e-03    2.4414062500e-04
-1.0961540812e-02  1.3299267795e+01  1.8881508087e+01    2.2346924535e-02 -1.7175778642e-01 -7.5129506664e-03    2.4414062500e-04
 2.0187382154e-01 -8.0523176876e-01  2.2901520239e-01    1.9523412642e-01 -2.8314796092e-01 -7.2400562067e-02    2.4414062500e-04
-2.2593248208e+00  1.9554369417e+00  1.2429469935e+00    7.3786395237e-02  4.4203900431e-03 -5.0053980427e-02    2.4414062500e-04
-2.4331398106e-01 -3.8002383618e-01  2.0040585375e-01    2.5040131264e-02  1.4801105073e-01  1.3199992096e-01    2.4414062500e-04
-4.0966591578e-01  1.1053294457e+00 -2.4398722401e+00   -2.1554941568e-02 -1.3374590004e-01  1.0206832569e-02    2.4414062500e-04
-7.6031994714e-01  1.0095014746e+00 -1.7757993474e+00   -1.7462506733e-01  3.4358596359e-01  2.6764932172e-01    2.4414062500e-04
 2.9449259205e-01 -1.6462707318e-01  2.6894200316e-01   -1.1966951782e-01 -3.9793185920e-01 -3.5126828717e-01    2.4414062500e-04
-8.1852418811e+00 -3.7211541016e+00  1.7916000553e+00   -6.7328844934e-02 -4.5741753831e-02 -3.1742676977e-01    2.4414062500e-04
-5.2937449991e-01 -1.2048263764e+00  1.6416058110e+00   -3.2641561753e-02  2.3049641258e-01  5.2983309810e-02    2.4414062500e-04
 2.4654509502e+00  1.1596313626e+00 -2.4328452945e-01   -1.6008560708e-01  2.5945583454e-01  3.1871749900e-01    2.4414062500e-04
 3.1890087934e+00  7.1144418464e-01 -3.1559367787e+00   -5.9781968183e-02  3.8821847889e-03  4.1056621631e-02    2.4414062500e-04
-5.8961070335e-01  2.9969216323e+00  7.8972648360e-01    4.1910899714e-02  1.7690401337e-02 -8.7528975489e-02    2.4414062500e-04
-2.3700840834e+00  3.9456067293e+00  4.2177100836e+00   -2.3461142109e-02  1.7089730777e-01 -2.8873720050e-01    2.4414062500e-04
 8.3249905790e-01  4.8835221975e-01 -1.4981554556e-02    1.9307787923e-01 -1.5145044360e-01  6.7028877326e-01    2.4414062500e-04
 4.9676281256e-01  5.4224750426e-01 -6.0384323292e-02   -1.6571839181e-01 -5.6577461529e-02 -1.6898075722e-01    2.4414062500e-04
-1.3052901479e+00 -1.4352552523e-01  9.0609369381e-02    5.1788278874e-02  3.4570832580e-01 -8.0692094894e-02    2.4414062500e-04
-1.3567580339e+00  2.7797536323e+00 -1.2798794212e+00   -1.1478035294e-01  7.6695516750e-02 -1.7304967798e-01    2.4414062500e-04
-1.8887601003e+00 -2.5083450012e+00  4.0233982232e-01    2.9053539807e-02 -8.4733916261e-02 -2.6605195757e-01    2.4414062500e-04
-3.1267841188e-02 -9.0695310996e-01  9.8361129975e-01   -3.9921923082e-02 -9.5877870357e-02  4.3958360887e-02    2.4414062500e-04
-7.2423698967e-01  2.1610754966e-01  2.5081641542e-01   -5.5404552500e-01 -4.9332978202e-01 -1.5787839876e-01    2.4414062500e-04
 1.9395812756e+00 -1.9773771063e+00 -2.1076214733e-02    5.5335662135e-02  5.9175923469e-02  7.8156412372e-02    2.4414062500e-04
 6.1788922854e+00 -1.1048454087e+00 -4.1794152625e+00    1.5253577767e-01 -3.1992256011e-01  2.6051550858e-02    2.4414062500e-04
 1.1611057928e+00  5.9547486994e-02  8.6768686347e-01    1.3792232788e-01  3.4342750809e-01 -2.7289350172e-01    2.4414062500e-04
 1.3261257252e+00 -2.9483364304e-01 -1.8455802941e+00    7.7497900885e-02 -1.5495628090e-01  3.3231811715e-02    2.4414062500e-04
 4.9385875413e+00  2.7067906741e+00 -8.7679036063e-01    2.9929108952e-02  2.2930102455e-01  7.0050878497e-02    2.4414062500e-04
 2.3616362101e+00  4.2540725219e+00  2.2183182692e+00    1.0549699160e-01  9.1978061248e-02  3.6324361239e-01    2.4414062500e-04
 1.9049816398e+00  2.4818638032e+00  1.2023166610e+00    1.0012785735e-01  1.2412782583e-01  3.4726827469e-01    2.4414062500e-04
 1.1230061763e+00  4.0164735014e+00  1.4514123798e+00    1.7802257820e-02  4.2581911537e-01 -2.9476482128e-02    2.4414062500e-04
-1.8344802020e+00  1.2742370056e+00  6.0951858446e-01   -1.9865033352e-01  3.1841991359e-01 -3.7247569884e-01    2.4414062500e-04
-3.2055408621e+00  2.9342488719e+00 -2.7917816489e-01    3.8593968187e-01  1.5374982461e-01 -1.2819501737e-01    2.4414062500e-04
-4.9484995433e-01 -9.1371610454e-01  3.1167866586e-01   -2.8286023252e-01  1.8448432304e-01 -2.1054668152e-01    2.4414062500e-04
-1.0363028391e+00 -1.2118616572e-01  4.9977619674e-02   -2.6203869126e-01  1.2065049336e-01  3.7753407573e-01    2.4414062500e-04
 1.0503389146e-01 -5.9462123652e-01 -2.7785227951e+00    2.8103269024e-01 -3.1214707091e-03 -8.4319143719e-02    2.4414062500e-04
-2.7777464187e+00 -3.1748515984e+00  2.8103364719e+00   -1.8297989963e-01  2.3673012142e-01  2.3505994725e-01    2.4414062500e-04
 4.8549317358e+00  5.8900317248e+00 -2.0644750586e+00    2.2071863019e-01 -5.5106018907e-02 -4.4898498800e-02    2.4414062500e-04
-2.1224631544e+00  5.0291002892e-02 -1.0425691712e+00   -1.4717225270e-01 -3.3318713690e-01  7.1520190515e-02    2.4414062500e-04
 3.1834030846e-01  2.7848479650e+00 -7.5907983626e-01   -2.3737995239e-01 -2.3718420866e-02  1.9766895079e-01    2.4414062500e-04
 1.8016229301e+01 -8.7003178537e+00  1.6020608728e+01   -5.9257710664e-03 -3.2606392531e-03  8.1311885019e-03    2.4414062500e-04
-4.5538675502e-01  1.8417372541e+00  7.3041638475e+00   -2.2408283103e-01  2.9356085277e-01 -1.3715991145e-01    2.4414062500e-04
 1.5849701186e+00  1.7353445609e-02  2.1302149053e+00   -1.0677279208e-01 -1.1904747743e-01 -4.5607388168e-01    2.4414062500e-04
-5.9819229500e-01  7.9249502691e-01 -1.5434261716e+00   -2.4723494239e-02  1.2744904557e-01  2.3812055944e-01    2.4414062500e-04
-6.8833721954e-01 -8.7498819949e-01 -1.1212789088e+00    2.5434336133e-01 -4.3499842404e-01 -4.8818550977e-02    2.4414062500e-04
 3.7297311660e-01 -2.6499939279e-01 -1.8843899819e+00   -2.4126722508e-02  3.3563511756e-02  1.0828614124e-02    2.4414062500e-04
 1.9487698893e-01 -5.4834879483e-01  5.2755895891e-01   -1.1228555891e-01 -1.5490914548e-01  1.3029221391e-01    2.4414062500e-04
-9.2938735943e-01 -8.8843134664e-02  7.2173976852e-01   -3.9957472253e-02  2.4753240943e-01 -3.7116977785e-01    2.4414062500e-04
-4.9245131891e-01 -1.9251163486e+00 -1.5913874361e+00   -6.3567716922e-03  3.2676236595e-01 -2.3315391442e-02    2.4414062500e-04
-1.0339715571e+00  2.1310896328e+00 -9.0980831074e-02    2.7495214415e-01 -1.6373912547e-01 -2.1129894702e-01    2.4414062500e-04
-5.8737768750e-01 -1.4010371275e+00 -7.3036873582e-01    4.0768584369e-02  1.8749322814e-02 -4.1438981869e-02    2.4414062500e-04
 1.1453870582e+00  2.2120260350e+00  8.7893075615e-01   -1.2502670146e-01  2.3567056223e-02  1.7292890683e-01    2.4414062500e-04
 9.1046879333e-01  4.0975088502e-01 -1.5850103943e+00   -1.8165853207e-01  1.9730598181e-01  7.3483528754e-02    2.4414062500e-04
 8.5697676147e+00  2.3401125617e-01 -1.1855810017e+01   -1.5098051703e-01 -3.9130594532e-02 -3.4099587325e-02    2.4414062500e-04
 4.6803165649e-01 -5.1479062004e-01  8.3793126916e-01   -3.7580497263e-02  5.7028908608e-02  9.4458709461e-02    2.4414062500e-04
-9.1328087770e-01  4.4689212820e-01  1.4064777837e+00   -1.3571078334e-01 -3.0027877006e-01  4.7800216787e-01    2.4414062500e-04
-2.2733258979e+00  1.1562154539e+00 -5.1476186406e+00   -2.1783471857e-01 -5.4327359031e-02 -2.0712980278e-01    2.4414062500e-04
 2.3734619367e-01  4.1544619594e-01  2.2245349063e+00    3.2996552472e-02 -7.3906439737e-02 -6.7497880279e-02    2.4414062500e-04
-8.9645801484e-01 -7.6693532427e-01 -9.4500053164e-01   -1.6559895711e-01 -7.5031993877e-02  1.6741282181e-02    2.4414062500e-04
-5.0523643257e+00 -9.0723592446e-01  1.5710415391e+00    1.6256317267e-01 -8.7616963075e-02 -1.0047396880e-01    2.4414062500e-04
-2.4845060238e+00  1.6372526380e+00 -6.3801327603e+00   -2.4732827273e-01 -6.7765982750e-02 -4.3606944033e-02    2.4414062500e-04
 9.7779129236e-01  8.3061169975e-02  6.7804814906e-01    1.7358034182e-03  9.8159877891e-02  4.5426904627e-01    2.4414062500e-04
 1.9166951554e+00 -1.8030717006e+00 -8.6122566830e+00    6.9347838686e-02  5.5109273406e-02 -1.1197651877e-02    2.4414062500e-04
-1.3491787129e+00  8.8800870237e-02 -1.5268372916e+00   -3.1082557335e-02  2.5305718534e-01 -9.3149757666e-02    2.4414062500e-04
-1.3259446172e+00  3.8619264302e+00  3.5213849477e+00   -4.6302546545e-02  3.5196057553e-01  1.5622369238e-01    2.4414062500e-04
 1.8546253321e+00 -1.8334736087e+00 -4.9222272323e+00   -1.2334515016e-01  3.0888381361e-02  5.3745516401e-03    2.4414062500e-04
 8.5633057994e-01 -1.5338281128e+00  2.8041445191e-01   -8.0075937261e-02  3.5162101634e-02  3.2190584288e-02    2.4414062500e-04
 4.2543508229e-02  1.4476648431e+00 -2.1698591210e+00    3.0174240333e-01 -7.5983417343e-02  2.5268281621e-01    2.4414062500e-04
-3.7862493423e-01 -9.2370309540e-01  1.6751023211e+00    3.3675283685e-01 -5.9391277107e-02 -3.9997031182e-01    2.4414062500e-04
 1.3078135549e+00  1.7438373560e+00  1.5241620605e+00   -2.3052057263e-01 -2.2609242597e-02  4.2012609655e-02    2.4414062500e-04
 9.5628993690e-02  1.5018901732e+00  8.9224347163e-01   -6.1259087944e-02 -5.4201367606e-01 -1.3536380245e-01    2.4414062500e-04
 1.2046232497e-01  1.5194335345e+00 -1.0263131027e+00   -3.1276500767e-02 -2.1830348310e-02  1.2988964280e-01    2.4414062500e-04
 6.7612491959e-01  5.2934924505e-01  4.2278037511e-01   -3.3326468758e-01 -1.3833227631e-01 -1.1708685547e-01    2.4414062500e-04
-1.2149230536e-01  9.9332620273e-01 -6.0919896450e-01    4.1216101102e-01 -1.6373932076e-01  8.4399677548e-02    2.4414062500e-04
 1.0738515990e+00 -8.5054671169e-01  4.8764541369e+00   -1.5057829614e-01 -2.1648587144e-01  1.2087032569e-01    2.4414062500e-04
-5.4359883397e-01 -9.7410197049e-01  2.0635023979e+00    1.0647461011e-01 -6.8349494958e-02 -2.0971902629e-01    2.4414062500e-04
-1.1074996261e+00  7.7315831396e-01  1.0527899743e+00    2.3888180190e-01  3.8423347127e-01 -9.4843210942e-02    2.4414062500e-04
 2.8234714967e-01 -8.2672071546e-01 -1.6755904127e-01    1.2534863289e-01 -6.6048151840e-02  3.1011919169e-01    2.4414062500e-04
-1.4514428300e+00 -1.3603544981e+00  1.9748908356e+00   -9.6740863892e-02 -1.0884835615e-02 -2.9264683311e-01    2.4414062500e-04
-9.1003034490e-01 -2.9580113317e+00  2.0222964954e+00    7.6319144105e-02  2.2720303971e-02  3.3273895819e-01    2.4414062500e-04
-4.8034805342e-01 -4.3888006053e-01 -1.5298143821e+00   -2.6097665128e-01 -3.5329177160e-01 -8.9141195568e-02    2.4414062500e-04
-1.9300734004e+00 -1.7292033654e-01 -3.8822267881e-01    4.0143999344e-01  3.4328299276e-01 -4.0800376370e-01    2.4414062500e-04
 2.2192287215e+00  5.3395912505e-01 -2.1738005093e+00   -2.9690340593e-02 -1.1567090805e-02 -8.8951821291e-02    2.4414062500e-04
-6.9272325053e-01  6.6018928124e-01 -3.2596073603e+00    8.9166410766e-02  4.2896325493e-01 -2.4423234540e-01    2.4414062500e-04
-2.0316926402e-01 -1.1193427951e+00 -4.0109427945e-02   -1.1616013144e-01 -2.6062701743e-01 -2.7964643767e-01    2.4414062500e-04
 1.4883418812e+00  2.0280617036e+00  2.3975926097e-01   -1.4224228184e-01  3.4041084480e-01 -3.2122651912e-02    2.4414062500e-04
 2.2194407625e+00 -1.3874751851e+00 -7.4972949898e-01   -1.7634787150e-01  9.8255083818e-02 -2.7621546083e-01    2.4414062500e-04
 4.1385849648e-01  3.0415961215e-01  2.1904385229e+00    4.2039723692e-02  2.5850902677e-01  1.5716065134e-02    2.4414062500e-04
 1.1228759356e+00  2.3724895613e+00 -3.1848321331e+00    2.0591136602e-01 -2.2972846148e-02  3.5290061386e-01    2.4414062500e-04
 2.2550952808e+00  1.2759163005e+00 -2.0642831852e+00    1.0080574916e-01  1.7419795108e-01 -7.1551775745e-02    2.4414062500e-04
-1.9202018365e+00 -1.8741305222e+00 -1.1788932260e-01    4.3456448005e-01  2.2068404287e-01  1.8883006098e-01    2.4414062500e-04
-2.1279710610e+00 -5.5161168867e-01  1.8537227102e+00   -2.9813012154e-01  2.7513107327e-01  1.3374570639e-01    2.4414062500e-04
-1.9464262274e+00 -1.4289531832e+00 -7.1514419712e+00    4.9486581137e-02  5.6961419175e-02 -1.3456145761e-01    2.4414062500e-04
 1.6408815436e+00 -2.1719631961e-01  1.0675991487e-01    1.0512570111e-01  1.4765636142e-01  7.4808810486e-02    2.4414062500e-04
-4.8906023968e+00 -2.2368428837e+00 -2.4130438116e-02    5.4952213348e-02  4.3535933867e-02  1.4618181210e-03    2.4414062500e-04
-1.7559416427e+00  1.5933767726e+00 -4.4656528047e-01    1.8593555012e-01 -3.9998947974e-01  1.0768041595e-01    2.4414062500e-04
 1.1959367988e+00 -1.3742634407e-01  1.5490863050e+00   -4.4582732539e-02 -1.0833119913e-01 -6.3606249916e-02    2.4414062500e-04
 3.2160306284e+00  2.8226384866e+00 -9.2462178739e-01    3.3063861090e-01  2.2223410085e-01 -2.8711046039e-01    2.4414062500e-04
 3.4433787809e+00  2.9411011828e+00  3.9818508932e+00    4.3540083608e-02 -2.1877440721e-01  2.0250489904e-01    2.4414062500e-04
-1.1445131484e+00  2.3025417525e+00  1.8585224001e+00    1.0842335105e-01  3.7926419174e-01 -1.6407839451e-01    2.4414062500e-04
 7.4854725428e+00  7.1594312064e-01 -4.7545981758e+00   -8.6457229743e-02  3.7730835154e-02  3.4796416557e-02    2.4414062500e-04
-6.4335716918e-01 -5.5368404236e-01 -1.2833330772e+00   -2.3388010290e-01 -4.5937095532e-01 -1.1081828539e-01    2.4414062500e-04
-7.3995646111e-01  3.2738365278e-01  3.1222725404e-01    1.5695375490e-01 -5.8737547044e-01 -3.5382612131e-02    2.4414062500e-04
 6.0560244172e-01  9.1583136377e-01 -2.8286674781e+00    4.8326929869e-01 -1.1633450748e-01  8.4867063151e-02    2.4414062500e-04
 1.5321416169e+00 -1.5599589799e+00 -9.6788698449e-01   -7.0549727864e-02  7.6690490587e-02 -1.0654945923e-01    2.4414062500e-04
 9.3013841431e-01  1.3716805034e-03  2.6699530554e-01   -1.4694113589e-01 -1.1040435479e-01  1.8227036891e-02    2.4414062500e-04
 3.7397450578e+00 -4.1142304261e+00  1.0129843484e+00   -4.1518650119e-02  1.1231314591e-01 -1.5491180300e-01    2.4414062500e-04
 5.8349001847e+00 -2.4975218265e+00 -1.6497242366e+00    1.0395721744e-01  1.4451996880e-03  2.2602679669e-01    2.4414062500e-04
-2.1811775777e+00  1.0187815902e+00  8.4177554094e-01    1.3376846451e-01  2.7830020231e-01  5.6201506283e-02    2.4414062500e-04
 2.6881020252e-01  2.5319560020e-01 -1.8247730586e+00   -2.7037624978e-01  2.5976765983e-01 -1.5330053636e-02    2.4414062500e-04
 3.2824177966e-02  2.3277092958e-01 -8.6394123810e-01    2.5980205768e-01 -4.1484464840e-01 -3.8297628989e-01    2.4414062500e-04
-5.3979885996e+00 -2.5925763659e+00  1.5219876844e+00    8.7287959617e-03 -3.2650334050e-02  5.6294739319e-02    2.4414062500e-04
 4.5122471526e+00 -9.5038922100e+00 -8.8719083824e-01    9.9135855200e-02  8.9123307884e-02  3.1597686748e-02    2.4414062500e-04
 6.7089050290e-01  5.6705132108e-01  3.6497469218e+00    8.6288787483e-03  2.2086233473e-02 -9.1641213231e-02    2.4414062500e-04
-1.6524069153e+00 -8.8926030464e-01 -9.0597670720e-01    1.5793407209e-01  1.3760343528e-01 -2.7475379871e-01    2.4414062500e-04
-2.3587488241e-01 -9.5603999161e-01  8.9870469233e-01   -1.3242998235e-01 -4.1622097715e-01  1.6698702114e-01    2.4414062500e-04
 1.9041660542e+00 -1.0004635373e+00  3.8478566836e-01    3.1715537303e-02  1.5366380444e-01 -2.2621838274e-01    2.4414062500e-04
-5.7393203337e-02  1.0470714682e+00  8.0517417564e-01   -1.8302829147e-01 -8.8556904958e-02 -2.0064897264e-02    2.4414062500e-04
 3.1863240091e+00  8.8315583375e+00  4.5711052062e-01    9.0397003523e-02  1.9948913454e-01 -4.2259439796e-02    2.4414062500e-04
-1.8051505076e-01 -5.3714064986e-01 -5.7001404440e-01    2.4449328782e-01  8.0746845474e-02  2.4544444922e-01    2.4414062500e-04
 5.7639639632e-02 -5.2356723553e-01  2.7913334104e-01    1.9374955805e-01 -3.8924189324e-01 -3.4460134927e-01    2.4414062500e-04
 3.2444638513e-01 -3.1714961786e-01  3.6532132383e-01    7.8008405730e-02 -1.3128685914e-03  1.2420326937e-01    2.4414062500e-04
-2.7897686298e+00  6.5636216621e-01  5.0860443775e-01    1.4224207396e-01 -1.2672209681e-02 -4.3837156519e-02    2.4414062500e-04
-1.3872401551e+00  1.8620557790e+00 -1.0403718131e+00    1.6278594683e-01 -5.4488564742e-02  3.2845996465e-01    2.4414062500e-04
 1.4017498078e+00  1.3835794926e+00 -7.3896282566e-01    2.6230174080e-01  1.9644434532e-01 -3.1917941059e-01    2.4414062500e-04
-7.4365488675e-02  1.4922232367e+00 -1.1655481876e+00   -1.1317101291e-01  3.2632110280e-01 -1.4756718185e-01    2.4414062500e-04
 8.2365051828e-01 -7.2858220146e-01 -9.6608930532e-01   -1.6390939118e-01  2.2887342172e-01  3.8302350662e-01    2.4414062500e-04
 2.9551077687e-01 -2.4217449472e+00  7.2978807897e-01    1.2850291922e-01 -4.7809133371e-01  1.8656257238e-01    2.4414062500e-04
-6.4858954630e-01 -2.9485925619e-01  1.0286304056e-01   -4.3918380726e-01  3.3136183445e-01 -3.5475234441e-01    2.4414062500e-04
 5.4688443692e+00  6.9489690098e+00 -3.5209473479e-01   -6.5346672965e-02 -1.9092737373e-01  1.4339222930e-02    2.4414062500e-04
 4.4383906661e+00 -2.9676272458e+00 -4.6117360098e+00   -3.9206324458e-02 -1.2967729122e-01  1.6190763927e-02    2.4414062500e-04
 1.8100657764e+00 -2.3140672777e-01  1.0293710743e+00    5.9368775474e-03  3.4554342992e-01 -4.3556563436e-02    2.4414062500e-04
 3.9324146617e-01 -1.6968409667e-01 -4.2900239570e+00   -5.1405124314e-03  3.0230902523e-01 -1.1837599407e-02    2.4414062500e-04
 6.8924412234e-01 -1.3343679324e+00  9.9221725937e-01    1.8274770823e-01  2.2115523609e-01  9.6934602070e-02    2.4414062500e-04
 4.5737824614e-01  1.0678855693e+00 -8.0089655525e-01   -1.3028426862e-01 -2.8625587766e-01 -8.8881074308e-03    2.4414062500e-04
-1.2763124288e-01  7.4583952507e-01  7.6403599325e-01    3.4335258438e-01  5.2603026267e-01  1.0615097142e-01    2.4414062500e-04
-1.1089539864e+00 -2.2336552166e+00  8.7503342374e-01   -1.7850440732e-01 -2.3457028895e-01 -3.0758477956e-02    2.4414062500e-04
 4.3668562803e-01  8.0846607586e-01  4.4701687979e-01   -7.7910657318e-02 -2.7540909445e-01 -2.9793286536e-02    2.4414062500e-04
-1.7078326385e+00  2.4015782920e+00 -4.6386298431e+00    1.7878622637e-01  1.6720096190e-01 -2.0246229171e-01    2.4414062500e-04
 2.7864555725e+00 -3.5954851559e+00 -1.2569449502e+00   -3.4647075358e-01 -1.1321436649e-01 -6.3676901022e-02    2.4414062500e-04
-1.0287821390e+01 -6.3574789019e-01  3.3921349612e+00   -9.3896052348e-02  3.9406412495e-02 -4.4860983352e-03    2.4414062500e-04
-7.2785564869e+00  2.0569276766e+00 -6.5897940731e+00    1.1069244439e-01 -9.1814666936e-02  3.5173724669e-02    2.4414062500e-04
-9.6091310617e-01  2.0221615993e+00 -3.7417389549e-01    2.5330298583e-01  8.9517925736e-02 -2.0532483557e-03    2.4414062500e-04
 7.6943906509e-01  1.2412848191e+00  4.9562459003e+00   -1.8176166783e-02  1.4720675528e-02  3.1325535369e-02    2.4414062500e-04
 1.8690604145e+00  2.4940101590e+00 -1.5443447033e+00   -6.6585320816e-02  7.8161792614e-02  4.6982961228e-01    2.4414062500e-04
-1.1647312097e+00 -6.7536104879e-01 -1.4001437441e-01    5.9717743502e-02  1.5204864734e-01 -1.6758818623e-01    2.4414062500e-04
 1.6134296964e+00 -4.4201405718e-01 -2.1318776658e+00    3.3659823587e-01 -1.9829538012e-01  2.1110746801e-01    2.4414062500e-04
 1.6087974758e+00  6.7834395985e-01 -2.0206328209e-02   -1.5085267540e-01 -1.0352158152e-01  5.6448600988e-02    2.4414062500e-04
-7.2793206841e-01 -7.5513370735e-01 -3.8515852104e-01    1.1041024411e-01  2.8754569461e-01  5.5688487024e-01    2.4414062500e-04
 3.8785696363e+00  1.6145272934e+00  1.7276093429e+00    7.6560555328e-02 -3.3003413354e-01 -3.1463432165e-01    2.4414062500e-04
 2.0454417133e+00  1.4587017081e+00  2.3282766085e+00   -8.9877721259e-02  4.2190801936e-01  1.7483283706e-01    2.4414062500e-04
 1.7656988007e+00  8.3687943835e-03  1.0172311705e+00   -4.1066084303e-01  2.7468346112e-01  3.9274001355e-02    2.4414062500e-04
 1.6301448236e+00  2.6636778221e+00 -1.0254695447e+00    3.2194872864e-02  3.1261507448e-03  1.0161519532e-01    2.4414062500e-04
-6.1676967771e-01  1.3472029350e+00  4.8884033092e-01    4.6716734847e-02  1.3097897930e-01 -5.1063068754e-01    2.4414062500e-04
-1.5249081316e+00 -2.1357527500e+00 -4.4905650568e-01   -1.4806373783e-01  5.9897651254e-02  1.5093779977e-01    2.4414062500e-04
 8.4407716060e-01 -1.3643713297e+00  1.1187924422e+00    4.2151521692e-02  9.9345104735e-04  1.6175775346e-02    2.4414062500e-04
 1.5431045091e-01 -5.9437996253e-01 -7.1057187454e-01    3.6357509965e-01  2.9035735336e-01 -5.5787750964e-01    2.4414062500e-04
 1.8797686100e+00 -4.3241600432e+00 -3.3820522375e+00    1.8288760879e-01 -1.0329048569e-01 -1.4084196138e-02    2.4414062500e-04
 6.2575663394e-01 -1.6223181620e+00 -9.5407334228e+00    3.9462917284e-02 -1.5660180274e-02 -2.3781772391e-02    2.4414062500e-04
 1.1379358850e+00  3.7821352228e-01  1.7777748140e+00   -4.8684591961e-01 -9.8559504536e-02  8.4765350120e-02    2.4414062500e-04
-2.0346672133e-01 -2.5360361601e-01 -1.6498504171e+00   -6.5092683878e-02 -5.8020119971e-02  4.3878501514e-03    2.4414062500e-04
-5.7475299148e-01  2.6271027056e-01 -7.1625603251e-01   -7.1877651887e-02 -2.2924245659e-02  1.4421021200e-01    2.4414062500e-04
-2.1344585447e+00  1.4144668926e+00  5.8970900910e-02   -2.6709684892e-02 -4.2268341540e-02  7.0071009100e-02    2.4414062500e-04
 3.5360967401e+00  9.0866434120e-01  2.4836599014e+00   -1.3072656894e-01 -1.8038176324e-02  2.0996094690e-01    2.4414062500e-04
 1.3607204304e+00  9.7643374662e-01  5.6948745317e-01   -2.3566689939e-01 -4.6658577108e-01 -2.5546168305e-01    2.4414062500e-04
-6.4193216272e+00 -4.9596068098e+00  1.2023732957e+01    1.9232948356e-01 -1.0560070840e-01  1.3509056657e-01    2.4414062500e-04
 2.0033224896e+00  2.5608707470e-01 -2.6420140026e+00    1.3362638135e-01  1.7065047060e-01 -3.2883231155e-01    2.4414062500e-04
-1.0131200674e+00 -1.5879449561e+00 -8.7000916770e+00   -9.5249825453e-02  7.9871958305e-02 -3.3871852383e-02    2.4414062500e-04
-7.8955575567e-02 -8.2250785232e+00 -1.4209786573e+00    4.8363830497e-02 -2.2168324936e-01 -2.6173107220e-01    2.4414062500e-04
-3.3194291689e+00  3.6660427513e-01 -1.0029902685e+00   -2.7741939752e-02  1.1960755911e-02  4.4820910917e-02    2.4414062500e-04
-1.1375020139e+00  4.7597446474e-01  9.2992711662e-01   -1.4360409549e-01 -1.3026888567e-01  3.2529408059e-01    2.4414062500e-04
-2.8527370284e+00  3.8844481493e-01 -1.7485396566e+00    2.5794738246e-01  4.3139803357e-03  2.0294504858e-01    2.4414062500e-04
-1.4174129997e+00 -6.8095994971e-01 -9.7379262378e-01   -1.3649058587e-01 -2.2673846895e-02  2.7635089921e-02    2.4414062500e-04
 1.4565604830e+00  7.3791044652e-01 -2.1094554942e+00    1.5401598201e-02 -4.8910203867e-02  2.2927040741e-02    2.4414062500e-04
 1.4257130580e-01  4.4710399759e-01 -2.0861962665e+00   -1.9006801596e-01  2.2082990852e-01  4.0482935279e-02    2.4414062500e-04
-1.9565979161e-01  4.3799411632e-01 -2.5267084770e-01    1.1602710479e-01  2.7387054829e-01  5.5169362825e-01    2.4414062500e-04
-1.7207576707e+00 -1.1245863785e+00  2.1147365725e-01   -4.1607026633e-02  8.7384257162e-02  3.9667950493e-02    2.4414062500e-04
 3.8095377692e-01 -7.0388993913e-01  3.3937633558e-01   -8.0962087244e-03 -4.9005318734e-03  4.2946663370e-02    2.4414062500e-04
-8.0390746151e+00 -2.9518710874e-01  3.6263146043e+00    1.9674927370e-01  1.7667307887e-02  2.4528798120e-02    2.4414062500e-04
-6.7336483902e-01 -1.2275170175e+00 -7.6937618528e-01   -1.0506255754e-02 -1.7591966836e-02 -6.2082579222e-02    2.4414062500e-04
 1.6424492125e-01 -2.9104238201e-01  5.3566794927e-01    1.8297174339e-01 -5.8125776817e-02  1.2685178770e-01    2.4414062500e-04
 7.5279369470e-01  1.7749252895e+00  1.3555601293e+00   -3.6556182140e-01 -1.3398005600e-01 -1.2657276302e-01    2.4414062500e-04
-3.1540624980e+00  1.3393549865e+00 -2.1374178814e+00   -7.5198559859e-02  6.4063920671e-02  1.6462809384e-01    2.4414062500e-04
 7.4747903549e+00  2.5877631873e+00 -7.7910085778e+00   -1.0010199391e-02  1.6314958118e-01  7.9026423710e-03    2.4414062500e-04
-1.0747115424e-01  7.5516878696e-01 -2.0667071375e+00   -7.1245085160e-02  1.3079106979e-01 -3.0516452302e-02    2.4414062500e-04
 1.1777122511e+00  1.7640855825e+00 -3.1820600118e-01   -3.4376291827e-01 -1.3718573548e-02  1.2839069747e-01    2.4414062500e-04
 9.6836796927e-01  1.7201498898e-01 -3.0281333914e-01    4.6859880250e-01  3.8163772631e-01 -2.4081103861e-02    2.4414062500e-04
 1.9669866569e+01  1.8768816024e+01  6.3985198755e+00   -4.9126993777e-03 -9.8852191388e-02 -1.6812945768e-01    2.4414062500e-04
 4.6217334682e-01 -3.2607627901e-01 -4.2696412114e-01    1.9201031382e-01 -1.1160940822e-01  5.9285781184e-01    2.4414062500e-04
-3.4068206994e-01  6.3946632373e-01 -1.5056553370e-01    2.2999883310e-01 -4.4660985760e-01 -2.6305642413e-01    2.4414062500e-04
 3.4511621578e-01  1.4493764474e-01  4.4237405904e-01   -6.3745501653e-02 -3.0841735212e-02 -4.4421151273e-01    2.4414062500e-04
 3.1359817618e+00 -4.8539133206e-01 -2.0020229774e+00   -3.6644745621e-03 -4.0630991564e-03 -2.2940369292e-02    2.4414062500e-04
-1.1681551047e-01  6.4946878394e-01 -1.5503089915e+00   -7.4316026817e-03 -3.9369721482e-03  1.4554509772e-01    2.4414062500e-04
 4.3584310754e+00  5.2489725234e-01 -3.9583070893e+00   -6.5253695029e-02 -9.4188318319e-03 -5.0259089101e-02    2.4414062500e-04
-6.5605447846e-01 -4.0867381429e+00  1.1591784769e+00   -1.8287300631e-01 -2.9788638406e-01  1.6038089852e-01    2.4414062500e-04
-4.7622865999e+00  1.0013398893e+00  4.2057636954e-01    6.5608965378e-02 -2.3466673446e-01 -4.6835285947e-01    2.4414062500e-04
-8.0312694774e-02 -7.5517010839e-01 -9.7273204984e-01    5.1677022711e-01  2.4653457303e-01  2.6180066065e-01    2.4414062500e-04
 2.9057998631e+00 -1.9471715320e+00 -1.2272900653e+00    7.7035812566e-02 -1.5808042354e-01  1.6649273245e-01    2.4414062500e-04
 1.1466686365e+00  6.3585190131e+00  1.1803612248e+01   -1.4093764136e-01  5.5287089545e-02 -8.3160587048e-02    2.4414062500e-04
 4.0387502491e+00  2.2211368105e+00  3.4368042555e+00   -2.7209284381e-01 -7.3608204403e-02  4.5921006694e-02    2.4414062500e-04
-3.7402848567e-01  1.3771903557e+00  5.2956876875e-01   -5.5981450060e-02 -2.4900675432e-01  5.6264245676e-01    2.4414062500e-04
 6.4899083311e-01 -3.4979918284e-03 -5.6471736650e-01   -8.6194620500e-03 -2.1841873117e-02  3.8294091880e-02    2.4414062500e-04
-1.0326560473e+00  1.1936061753e+00  2.1262305437e+00    6.7904915914e-02 -2.4229093160e-01 -2.1400148899e-01    2.4414062500e-04
 1.5195712363e+00  3.4758058089e-03  3.3213858367e-01    4.4658807284e-01 -1.9238465163e-01  5.9401259953e-03    2.4414062500e-04
 6.1644412332e-02  5.4184571088e-01  3.3245357373e-01   -3.4182617433e-02 -1.0638111990e-01 -2.2180555328e-02    2.4414062500e-04
-4.6432627194e-01 -1.0897282355e+00  3.9734319048e-01   -2.1072014628e-01  2.4590568197e-01 -3.9583279682e-02    2.4414062500e-04
 5.1643691380e-01  5.6453467389e-02 -2.0098720211e+00   -4.9240559093e-02 -6.4796676273e-04 -4.7278752839e-02    2.4414062500e-04
 3.0623080641e+00  1.7563520492e+00 -1.0437906948e+00    1.1905063607e-01  3.6126365493e-02  9.2619388057e-02    2.4414062500e-04
-5.7833544277e-01  1.1158654683e+00  5.2229217980e-01    1.4271994806e-02  5.5421982523e-02  4.6854554665e-02    2.4414062500e-04
 1.1787327336e+00 -2.2121529466e-01 -9.3074446460e-01    4.1248242532e-01 -3.2660264905e-01  1.7360344039e-01    2.4414062500e-04
-2.8816369093e-01  1.2414230774e+00 -6.6376914502e-01   -4.4868227675e-02  2.2761678247e-03 -9.3453618520e-03    2.4414062500e-04
-2.4688012155e+00 -1.3666717678e-01  4.2638889309e+00   -3.4684346084e-01 -1.3276759388e-01 -7.2482068637e-02    2.4414062500e-04
-1.0214818139e+00  5.5912425099e-01 -8.4575571785e-01   -2.3708280847e-01  2.7277643064e-01 -1.8577260378e-01    2.4414062500e-04
 3.6198643246e-01  1.1267431390e+00  2.8075347755e-01    5.8462174227e-02  1.6307668045e-01  1.6220279973e-01    2.4414062500e-04
-1.6895449046e+00 -3.0884893693e+00 -4.4772245784e+00   -9.6850548088e-02 -2.3517008460e-02 -4.7175501211e-02    2.4414062500e-04
 9.1277964262e-01  1.6922284376e+00 -3.4214242844e+00    3.7583816143e-02  1.1888079196e-04  1.5942090029e-01    2.4414062500e-04
 7.8144156657e-01  9.4011736353e-01 -4.1862589839e-01    6.4475366782e-01 -6.3546163598e-02  5.9011418410e-02    2.4414062500e-04
 5.6796892375e-01  1.4040864110e+00 -1.0561578564e+00    8.6291553516e-03  1.7587585242e-01  2.8227727625e-02    2.4414062500e-04
 5.6119983586e+00 -4.8349602755e+00 -6.8761579852e+00   -1.2266649790e-01 -2.8817006552e-02 -3.2257758189e-01    2.4414062500e-04
 1.2685276403e+00 -4.1260480168e-01  6.4636986923e-01    3.1870705679e-01  1.2189101330e-01 -9.8059063735e-02    2.4414062500e-04
-4.8219059944e+00 -1.0214958371e+00  1.0160022932e+00   -6.4621402630e-02 -2.1932225985e-01  3.0134095993e-01    2.4414062500e-04
 2.5060703978e-01  2.5563436319e+00 -6.8192275322e-01    2.1155419313e-01 -3.3250579960e-01  2.1825827744e-01    2.4414062500e-04
-4.0582046329e+00  1.9104674452e+00  1.3874919460e+00   -4.4514006974e-02 -3.3982354421e-02  5.4719041301e-02    2.4414062500e-04
-3.9600767792e-02  1.0601412278e-01  1.8820747490e+00    1.2399680530e-01  3.4057149309e-01  1.3127206305e-01    2.4414062500e-04
 2.2206308007e+00  2.8062522087e-01  4.0881932857e-02    4.3370927175e-01  7.7028311405e-02  8.5245549953e-02    2.4414062500e-04
 9.4600891206e-01  7.4057927662e-01 -3.1014984046e-01   -9.4108810217e-02 -3.6160671727e-02  1.8081757069e-01    2.4414062500e-04
 1.5365417228e+00  1.2675580409e+00  3.2801516575e+00   -2.8109968931e-01  5.4665374456e-02  3.0571913315e-01    2.4414062500e-04
-1.6353308914e+00 -6.8504525970e+00 -9.6705433625e+00    4.6286559559e-02 -1.7064477727e-02 -1.5215320321e-01    2.4414062500e-04
-1.4041331643e+00  5.4917771757e-01 -1.2889179474e+00    3.1195436976e-02 -1.0827790334e-01  1.5287246221e-02    2.4414062500e-04
 1.4871600996e+00  1.6199428810e+00  2.1628809784e-01   -1.5360562822e-01 -1.6381481320e-01 -7.3345993304e-02    2.4414062500e-04
-2.8466717326e+00  2.2519579562e+00  2.2734200782e+00   -1.6927316200e-01  7.2555314749e-02 -1.5226347157e-01    2.4414062500e-04
-2.5985422413e+00  1.9335749296e+00 -1.5739854795e+00   -3.2761892086e-02  6.4423078324e-02 -3.4789045850e-02    2.4414062500e-04
 2.6444372079e+00 -3.0458728720e+00 -2.1009136222e+00   -1.9157468095e-01 -1.3471970533e-02 -5.5792084750e-02    2.4414062500e-04
-6.5551961246e-01 -7.7386119194e-01 -6.0208441584e-01   -3.9055611628e-02 -4.7936223741e-02  6.2702895581e-02    2.4414062500e-04
 1.2981598286e-01  5.2936761565e+00  1.8033145470e+00   -7.6032698741e-02  2.2247261429e-01  2.8069157612e-01    2.4414062500e-04
 2.7369313624e+00 -5.7758863605e+00 -4.6864039793e+00    1.3444838552e-01  2.7988116017e-01 -9.9331899378e-05    2.4414062500e-04
-1.6635366044e+00  3.2380612314e+00  8.4090567045e-01   -1.5216959451e-01  1.7256595723e-01  3.3118463841e-02    2.4414062500e-04
-4.3096061547e-02 -4.4075540483e-01  4.7802952181e-01   -3.5580127036e-01 -2.7379928668e-03 -3.4666027878e-02    2.4414062500e-04
-2.7559479424e+00 -8.5714160969e-01  5.7189115936e-02   -2.3811589786e-01  2.6696654293e-01  4.9508090544e-02    2.4414062500e-04
 1.8284731724e+00 -3.2206620859e-01 -1.6255816378e+00    3.0211684779e-01 -7.6278455285e-02  1.7569250160e-02    2.4414062500e-04
-9.3606332267e+00 -1.1666348960e+00 -1.8777372927e+00    1.1749746540e-02 -1.5805745657e-01 -1.2395449829e-01    2.4414062500e-04
 2.6611236693e+00 -9.5566234177e-01 -5.3252889873e-01   -1.6044363134e-01 -1.3327911001e-01  2.2054195257e-01    2.4414062500e-04
 6.5301633547e-01 -5.4147699387e-01  2.3281857589e+00   -1.6024111257e-01  1.8408668080e-01 -1.1211130091e-01    2.4414062500e-04
 1.5786131211e-01 -7.8302345219e-02 -2.4518710529e+00   -1.9550445633e-01 -3.0321456988e-02 -6.2305804955e-01    2.4414062500e-04
-1.6095991343e+00  4.2529451301e-01  1.0684201481e-01    4.9027243966e-03  2.1082538668e-01 -2.4567545775e-01    2.4414062500e-04
-7.8680631507e+00 -9.1596452160e+00 -3.3696301759e+00   -9.5473460838e-02 -6.2588113684e-02 -8.1184150968e-02    2.4414062500e-04
 2.3060709409e+00 -2.3875226124e+00 -1.1339778505e+00   -9.1917583480e-02 -2.5247212267e-03 -1.5052597650e-01    2.4414062500e-04
-2.8786869410e+00  9.4002013742e-01 -2.4301018616e+00    4.7335347869e-01  1.5277289346e-03  3.0661440327e-01    2.4414062500e-04
-2.4530806833e-02 -8.7015063211e-01  3.1929543769e+00   -5.5202444088e-02  2.2849100598e-01  2.1715962137e-01    2.4414062500e-04
-1.0103235662e+00 -6.4132654817e-01  3.4303131775e-01    1.6107699871e-02 -1.5753522177e-01  1.7467617554e-02    2.4414062500e-04
 2.8284553971e+00 -9.0388727246e-01  2.3593933267e+00   -9.0900048529e-02 -1.1714728200e-01 -8.7641384505e-02    2.4414062500e-04
 6.2309424032e-01  1.5429102083e-01 -1.3156710998e+00   -1.4680316235e-01 -1.0400007830e-01  3.7072108144e-01    2.4414062500e-04
 1.0729444411e+00 -5.2896913838e-01  2.4967576274e-01   -3.5628395516e-02  1.2750842885e-02 -6.6461483891e-02    2.4414062500e-04
-1.0144516640e+00  1.6643170298e+00  1.4089123988e+00   -1.8466540021e-01 -1.5868836569e-01 -2.3086796785e-02    2.4414062500e-04
 5.5300266845e-01 -1.1252015817e+00  2.3522690784e+00   -1.9821017261e-01  8.1855194892e-02 -4.0751564645e-01    2.4414062500e-04
-2.1943119353e+00  1.4370819371e+00  1.0447909366e+00    5.3923180760e-02 -1.6874441346e-01 -2.7060292442e-02    2.4414062500e-04
 1.7937763214e+00  2.8526322071e+00  8.9921531551e+00   -1.1907495989e-02 -7.0754804328e-03 -3.6334940291e-02    2.4414062500e-04
-1.4645379000e+00 -1.1607807106e+00 -2.3810265136e-01   -3.2954663543e-03 -3.9402099232e-04  4.0971753166e-02    2.4414062500e-04
-3.1885288828e+00 -8.4175604426e-02 -2.4316032890e+00    5.4788018335e-02 -2.5574816120e-01  2.4619711192e-02    2.4414062500e-04
-9.3954955305e-01  1.5193940549e+00 -5.7797431157e-01    1.5586291779e-01 -1.3599668360e-01 -4.6656785777e-01    2.4414062500e-04
-2.2405309888e+00  3.3435674642e+00 -2.6269127772e+00   -4.8500182609e-03 -2.2522849176e-01  2.7304211324e-01    2.4414062500e-04
-6.3066025991e-01  1.6834230663e+00  2.9348998391e+00   -1.8079554722e-01  1.1717256111e-01 -1.5250698983e-03    2.4414062500e-04
 9.8879730842e-01 -1.3927789459e+00  1.5822451875e+00    1.2117839214e-01 -1.9534830014e-01 -4.3500567053e-01    2.4414062500e-04
-5.9051012512e-01  1.2473840643e+00  1.7984037391e+00   -4.0282513854e-02 -1.1008833961e-01 -3.6198849570e-02    2.4414062500e-04
 1.0937269230e+00  2.1070528954e+00  8.0890924732e-01    2.0909197836e-01  1.1804696738e-01  1.7147529131e-01    2.4414062500e-04
-2.0244490109e+00 -1.4353517106e+00 -1.3639303977e+00    1.0619234741e-01  1.2806807078e-02  1.9514339925e-01    2.4414062500e-04
 1.0774520329e-01 -3.1327000741e+00 -4.4167033057e+00   -9.2373695541e-02 -7.1658227135e-02  1.4148972387e-01    2.4414062500e-04
 1.1797362523e+00 -2.9615584593e-02  1.0527616123e+00   -1.8602217710e-01 -7.0261932017e-02 -5.1039153651e-02    2.4414062500e-04
 1.1100099658e+00 -5.5518116201e-01  1.4007999888e+00   -1.8431220684e-01  6.5240946602e-02  1.2192992748e-03    2.4414062500e-04
-3.8327234743e+00 -8.5236984384e-01  1.1468386054e+00    1.0847158172e-01 -1.3062448097e-01 -2.3779252419e-01    2.4414062500e-04
-9.7748195361e-01 -1.7611380659e+00 -3.6088287079e-01   -3.3754984515e-02  8.7060831639e-03  3.6547598531e-02    2.4414062500e-04
-8.9277598870e-01  2.6805882949e+00 -1.9407278510e+00    3.1568235179e-01  2.0297466901e-01 -1.2486830415e-02    2.4414062500e-04
 1.5486072615e+01 -1.0837146841e+01  4.3001280028e+00    2.9695299356e-02 -3.3144099211e-02 -3.3482842688e-02    2.4414062500e-04
 1.6576136871e+00  1.9351992004e+00 -1.0957379997e+00    4.0455768695e-01 -8.4612913497e-02 -6.5583011559e-02    2.4414062500e-04
-2.1849485860e+00 -6.4251926800e-01  5.5752371633e+00    2.2004763130e-01  5.9822027401e-02 -4.9177510335e-03    2.4414062500e-04
-3.0990985996e-01  2.4699850665e-02  4.6670401639e-01    3.5485427288e-01 -2.2323461752e-01  1.8220570704e-01    2.4414062500e-04
-5.9107513893e-01  2.5937908937e+00 -2.2966766090e+00    9.3208320956e-02  4.0157335687e-01  1.4946869849e-01    2.4414062500e-04
 1.0124744042e-01  3.5323767310e+00 -4.0678537532e-01   -3.3818357738e-02  2.5438800512e-01 -3.7209804341e-01    2.4414062500e-04
-3.2111596763e-01  2.4358435841e+00 -1.4129311785e+00   -4.0379178956e-01 -9.0073116472e-02  3.9848882667e-01    2.4414062500e-04
 2.1440903206e-01 -6.3920499421e-02 -9.1004693805e-01   -1.2081571324e-01 -6.9052745910e-02  1.1085812316e-01    2.4414062500e-04
-7.6389153766e-01 -9.5555691099e-01 -8.9717073783e-01   -3.9131681800e-01 -1.3149784768e-01  3.8528258866e-02    2.4414062500e-04
-2.9359606505e+00 -7.7545107922e-01  2.0821968017e-01    1.7703142603e-01 -5.1638979135e-02 -2.4220937664e-02    2.4414062500e-04
 3.4752606385e-01  1.1581662701e-01 -5.9639614224e-01   -5.4645178160e-01 -1.5961368315e-01 -2.9268156500e-01    2.4414062500e-04
-6.9410349316e-01 -1.8882580284e+00 -1.6199821868e+00   -8.7738727470e-02  2.5937639567e-01 -5.0192698739e-01    2.4414062500e-04
 1.8548461073e+00  1.5880257140e+00 -1.6539098485e+00    1.4187883417e-01  7.3096735014e-02  2.8365152403e-01    2.4414062500e-04
-9.7957300941e+00 -2.0299469199e+01  1.6543370833e+00    3.2804077613e-02 -1.8985419761e-02 -5.8311307658e-02    2.4414062500e-04
-3.1947492741e+00 -8.7951134696e+00  1.0898323120e+01   -2.7854351006e-01 -3.5214942510e-02 -5.4677084865e-02    2.4414062500e-04
 2.0516104246e+00  2.1237170929e+00  1.0685322529e+00    5.3529223826e-01 -4.7923343660e-02 -1.7893762420e-02    2.4414062500e-04
-4.9297383206e+00 -2.1410924168e-01  6.0759019796e+00    1.8554668414e-02  3.7600349725e-02  2.1550223951e-02    2.4414062500e-04
 1.1962428441e+00  4.6744706572e-01 -2.9733665450e+00   -5.0583222315e-02  4.8544304736e-03 -3.9979662920e-02    2.4414062500e-04
 3.0055791832e+00  1.7620558417e-01  3.2426167927e-01   -1.1419280585e-01  1.0479339462e-02 -6.5132988684e-02    2.4414062500e-04
-1.7061745861e+00 -2.0396382837e-01 -1.1306280474e+00    1.2338853497e-01 -3.1283800117e-01  7.6178809335e-03    2.4414062500e-04
-2.7946734446e+00 -2.8329418911e+00 -2.1730062447e+00   -8.5464084549e-02 -7.9695737916e-02 -1.3891932873e-01    2.4414062500e-04
 6.9404854358e-01 -3.0389418025e-01  1.0898516967e+00   -1.4434936728e-01  1.3029671458e-01 -1.1891874373e-01    2.4414062500e-04
-1.1121086427e-01  5.2141749554e-01  1.3337666897e+00   -3.4337405002e-01  9.9484632631e-02  1.4953539015e-01    2.4414062500e-04
 1.0094786277e+00  2.8086890989e+00 -1.9219693148e+00   -2.7152456667e-01  2.1220511356e-01 -1.3949208498e-01    2.4414062500e-04
 2.9513736013e+00  2.0342604392e+00 -2.4767781020e+00    1.6158811551e-01  4.0936379396e-02 -1.8953702917e-01    2.4414062500e-04
 9.6518003837e-01 -3.5037211166e-02  3.7599207458e-01   -3.1904649527e-01  1.7417333634e-01  8.0474696014e-02    2.4414062500e-04
 1.9030776232e+01  9.3870585982e+00 -1.8552016359e+01    1.2321819706e-01 -7.0798902301e-02 -4.9238081874e-02    2.4414062500e-04
-2.1578004054e+00 -3.5861248603e-01 -4.3148285249e+00    1.1941043196e-01 -2.5990363300e-01  2.6663688128e-02    2.4414062500e-04
-6.4873482128e-01 -7.0863884368e-01 -1.0391369269e+00    6.6264779793e-01  4.8075406182e-02 -4.7017180486e-02    2.4414062500e-04
 6.4169376750e-01 -3.3101526687e+00  2.9330550081e+00    3.1730599682e-02  7.6045052864e-02  1.6600221222e-01    2.4414062500e-04
 4.4192966317e-01 -7.2635216660e-01  9.5031859850e-01   -1.1489664706e-01 -8.8935908552e-02  1.5803214758e-01    2.4414062500e-04
 1.5665733322e+00  4.0560987889e+00  2.1120748055e+00   -4.1090260504e-01  1.4599234972e-01  2.6103502967e-02    2.4414062500e-04
-3.2990807615e-01 -9.5503812237e-01 -1.3629897733e+00   -7.8480307620e-03 -7.3239891550e-02  1.2196112067e-02    2.4414062500e-04
-6.0616345395e-01  1.3204469799e+00 -2.7323705089e-01   -3.4925943243e-01 -4.9029365150e-01  1.2078354985e-01    2.4414062500e-04
 8.3467123971e-01 -1.6456911029e+00 -8.1916742616e-01   -1.9874977404e-02  4.6947593806e-01  4.1110632397e-01    2.4414062500e-04
 1.1333227939e+00  2.1777268442e+00  1.9522963203e+00    1.7104233960e-01 -2.3104010688e-01  1.6684182709e-01    2.4414062500e-04
-6.1412154730e-01  1.0832440492e+00 -2.7883732982e+00    2.7747390046e-02  7.6191389108e-03 -7.7912633311e-02    2.4414062500e-04
 1.9159154117e+00 -4.5496716470e-01  5.0976432714e-01    2.1196502242e-01  9.4027741219e-02 -3.7315351025e-01    2.4414062500e-04
-4.1387212473e+00 -1.3395198499e-01 -6.1405359178e-01   -8.5688110661e-03 -2.1143053469e-02 -2.9410123013e-02    2.4414062500e-04
-5.5949337457e-01  1.3513422783e+00  2.0974705707e+00    3.2588157010e-01 -1.5359086901e-01  3.2296968298e-01    2.4414062500e-04
-2.1944157271e+00 -5.3803425682e-01  1.4151072176e-01   -2.6047074279e-01 -6.8867012437e-02 -1.6042972559e-01    2.4414062500e-04
 1.4633106017e-01  5.1385322061e-01 -3.6459141252e+00    6.8085831615e-02 -5.7516666931e-02 -1.2258798085e-02    2.4414062500e-04
-6.4784635685e-01  2.3951973901e+00 -3.1352739683e+00   -3.1625921148e-01 -1.6596202833e-01  1.5768056566e-01    2.4414062500e-04
 1.4126156194e+01 -2.0702742214e+00 -5.6676924348e+00   -1.6143903001e-01  2.1334723602e-02  6.4710070826e-02    2.4414062500e-04
-6.9170827664e-01  4.7457659200e-01 -2.0985198899e-01   -1.3621148703e-01 -2.6438745194e-01  2.4209761466e-01    2.4414062500e-04
-9.2513064940e+00 -3.9188894146e+00  7.1612822281e+00   -4.7566402610e-02 -1.0198627703e-01 -4.0718943427e-02    2.4414062500e-04
 7.5613006549e-01 -1.2136264962e+00 -2.6825249341e-01    9.8049268289e-02  1.3396963175e-01  2.0373578859e-03    2.4414062500e-04
 5.9167977245e-01 -2.7893550539e-01 -9.1565405491e-01   -3.0185878919e-02 -1.8336166785e-01 -2.2774269266e-01    2.4414062500e-04
 2.7874691748e+00 -1.7919698819e+00 -1.3427921454e+00   -6.0348742534e-02  2.3221256336e-03  1.6433209320e-01    2.4414062500e-04
 1.6076348829e+00 -1.9480139770e-01 -2.2236155858e-01   -1.0168910545e-01 -2.5734376564e-02  9.8032247814e-02    2.4414062500e-04
 2.5344059147e+00 -2.3084966734e+00 -3.8265479071e-01   -1.3174316159e-01 -8.7757218650e-02 -5.5246043025e-04    2.4414062500e-04
-1.6276644058e+00  1.7648589506e+00 -9.4879230860e-02    2.3261568068e-01  3.0390862818e-01  2.7779189057e-01    2.4414062500e-04
 6.6318087602e+00  9.5235775379e+00  9.1079966465e+00   -4.1081477655e-02 -1.0236016633e-01 -2.9494954408e-02    2.4414062500e-04
-3.5691384787e+00 -2.6997250392e+00  2.5778267418e-01    4.3258652879e-01 -1.3087566922e-01 -5.7763539614e-02    2.4414062500e-04
-5.3206006888e-01  2.4025782715e+00 -1.8953979794e-02    1.2531076820e-02  3.0683100716e-02 -3.2249435346e-02    2.4414062500e-04
 3.5284246844e+00 -8.8411355643e-01  4.4984790514e-01    8.6274001201e-02 -1.1737833634e-04  2.5481212551e-02    2.4414062500e-04
 1.4401946048e-01 -5.2672842015e-01  4.8771442136e-01    1.1808241230e-01 -1.1408115539e-01 -5.7630652070e-01    2.4414062500e-04
-1.0217069762e+00 -1.3039308718e+00 -2.0459310078e+00    4.8473869170e-01  2.8414330253e-02 -1.6821601790e-01    2.4414062500e-04
-2.0339782374e+00 -3.3927284381e+00 -3.3757363517e+00    8.1907003179e-02  3.2033138533e-02 -1.0003106929e-01    2.4414062500e-04
 2.2865587355e+00 -1.3035063219e+00 -1.6922420964e-01    3.3551157762e-01 -1.6305469841e-01 -2.9939924668e-01    2.4414062500e-04
-2.7780305350e-01  2.3162180720e+00  2.2253247968e-01    1.1006923213e-01 -1.3862286219e-01  1.1242878146e-01    2.4414062500e-04
 8.9207112175e-01 -1.2409425081e+00 -4.8227027068e-01   -3.7510075678e-02 -3.9093421377e-02 -6.6634793046e-02    2.4414062500e-04
-1.9441499060e-01  5.0366449097e-01 -2.3515894799e+00   -6.9843609592e-02 -3.8457953857e-03 -6.5831447509e-02    2.4414062500e-04
-4.3306668233e+00  1.7009894182e+00 -5.5204731901e-01    3.6522800425e-02 -1.2411880333e-01 -2.3224607106e-02    2.4414062500e-04
 2.6554774185e+00  2.9821225597e+00  8.6416119357e-01    7.8065504055e-03 -2.6804394452e-02 -5.2715315368e-03    2.4414062500e-04
 3.0371951631e-01  1.0225393689e+00 -6.6091434514e-01   -4.7978847086e-02  3.2146470937e-01 -5.2490853425e-01    2.4414062500e-04
-1.3930258403e+00 -1.1241953711e+00  2.6209981850e-01   -1.1741656700e-01  4.8190403088e-02  2.7553979304e-01    2.4414062500e-04
 5.0434564215e-01  1.5190915709e+00  1.5837129424e+00    4.7026365581e-01 -1.6234965947e-01 -6.6310721937e-02    2.4414062500e-04
-1.8499283372e+00 -9.0479632458e-02  1.1294717084e+00    5.5852593389e-03  1.0554261276e-01 -1.2091142228e-01    2.4414062500e-04
-9.2835972776e+00 -7.9429509045e+00 -1.4209606902e+00    7.4829945943e-02 -1.6794123962e-01 -1.4997655684e-02    2.4414062500e-04
-3.0745026087e+00 -3.0168499832e+00 -2.6305352446e+00   -5.8491644997e-02  1.8864940739e-01  2.6677942716e-01    2.4414062500e-04
 2.0053992755e-01 -4.1747438712e-01  1.6058404443e+00   -5.3070439497e-01 -2.3460576487e-01 -4.2639419121e-01    2.4414062500e-04
-2.0592719093e+00 -2.7873299794e-01 -2.6204498211e+00    5.9604877396e-02 -1.1674466243e-01 -3.9662513281e-02    2.4414062500e-04
 5.6094866185e-02 -1.4943912546e+00  8.3944339782e-02    1.2252990131e-01  1.5043398137e-01  3.5226253405e-01    2.4414062500e-04
 1.1459813300e+00  1.4097081939e+00 -1.5826765935e+00   -3.0852260912e-03 -1.7905956399e-01 -2.7942387786e-01    2.4414062500e-04
-2.0205773316e+00  8.4796590157e-01 -2.1226634799e+00   -1.6217983766e-01 -1.0366947249e-03  6.5935617657e-02    2.4414062500e-04
 2.0410069432e+00  3.4851111304e-01  1.0039917864e+00    5.2510224967e-02 -1.2184796137e-01  6.5131172656e-03    2.4414062500e-04
-3.8029962367e-02  2.1697859717e+00  1.5405557438e+00    1.0593761039e-01 -1.4269292647e-01 -1.2648653083e-01    2.4414062500e-04
-2.0818308621e-01  5.4131395330e-01 -2.6312327510e+00    3.0267395417e-01  1.8830313231e-01  8.5169061591e-02    2.4414062500e-04
-1.1151420933e+00  1.7708133672e-01  3.8453519446e-02   -2.7158913501e-01  2.3852799411e-01  1.2938238648e-01    2.4414062500e-04
-1.2956843006e+00 -4.2284986777e-01 -8.1878914010e-01   -3.5527759848e-02 -2.0496041851e-01  5.6790651437e-02    2.4414062500e-04
-4.1139052651e-01 -1.7745718263e+00  2.3170202966e+00    8.7162687329e-02  2.1960235429e-01 -4.0841373620e-01    2.4414062500e-04
-2.6234755233e+00  7.3986222898e-01  1.5254287268e+00   -1.0568013555e-01 -2.3968512211e-01  4.5920834439e-01    2.4414062500e-04
 9.0361536586e+00  2.1407893719e-03 -2.8974174322e+00    3.5164506040e-02 -1.5880105535e-01  1.3850543107e-01    2.4414062500e-04
 2.2855809677e-01  7.3373521453e-01 -1.1752097130e-01    5.8550501328e-01 -2.7596093543e-01  1.7906183687e-01    2.4414062500e-04
 2.5543195907e+00  1.9582618387e+00 -7.8474032905e+00   -2.5753259804e-02  2.7274775424e-01 -2.5671030237e-02    2.4414062500e-04
 9.6626703521e-01  5.1571068498e-02  8.3220415745e-01    1.5743570026e-01  2.7998520645e-01  4.7734279448e-02    2.4414062500e-04
 1.6792490843e+00  5.8806973778e-01 -3.7800013767e+00    6.9651007337e-02 -8.4742203090e-03  1.7879548101e-03    2.4414062500e-04
 5.4792868588e-02 -2.1963503180e+00  4.0494324531e-01   -7.8548115412e-03  2.3771760644e-02  2.0651826412e-02    2.4414062500e-04
 2.0794059317e+01  1.5497705726e+01 -1.6274733817e+01   -6.1862449446e-03 -4.8342232656e-02 -3.7447564422e-02    2.4414062500e-04
 9.8561040722e-01 -1.0068198209e+00 -2.1626018167e-01   -1.1870872290e-02 -3.9940930017e-02  2.1720480918e-02    2.4414062500e-04
-8.3469233746e-02  4.9635101031e-01 -6.3300407959e-01    7.1934869812e-02  1.6373691927e-02 -9.3925566125e-02    2.4414062500e-04
 1.7441230871e+00  8.9053712314e-03  2.4177783953e+00   -1.6435712105e-02  3.5701917865e-01 -2.3609039306e-01    2.4414062500e-04
 2.5400787331e+00  4.5865966125e-02 -3.5471088295e+00   -1.4720467302e-01  3.3610302514e-02 -1.0363334811e-01    2.4414062500e-04
-2.4718630062e-02  3.6152308419e+00 -3.9519449138e+00   -4.7023097729e-02  3.1727982520e-02  5.5685949338e-02    2.4414062500e-04
-2.0184589336e+00  2.1945105871e-01  7.5727964805e+00    1.5550626062e-01 -2.2991516055e-01 -1.1040819390e-02    2.4414062500e-04
-3.6610104061e+00  1.1546014397e+00  3.3797091412e-01    7.1409505596e-02 -2.6347019340e-01 -1.3767034034e-01    2.4414062500e-04
 3.0144091021e+01  1.4656951607e+01  4.6403907698e+00   -5.1517958206e-02  2.7968652026e-02 -6.2034934533e-02    2.4414062500e-04
 2.4838843997e-01  4.6516672575e-01 -5.4568090005e-01    6.4455135444e-02 -2.6282505946e-01  5.2154831541e-02    2.4414062500e-04
 9.8914215027e-01  4.7662019517e-01 -1.7023969310e+00    1.4924095969e-01 -6.0618160260e-02 -3.2223192246e-02    2.4414062500e-04
-1.3121171700e-01  1.1232756188e+00  2.7062254255e-01   -9.5377365284e-02 -2.2836953306e-01 -2.0384056563e-01    2.4414062500e-04
 2.6481852938e+00  3.0677666350e+00  7.1355419235e-01   -1.2129606208e-01  4.0775526295e-01 -1.8712158208e-01    2.4414062500e-04
-1.7098521765e+00 -1.2451134937e+00  1.1928208637e+00   -3.0769224912e-01 -2.5921860194e-01  2.8976706451e-01    2.4414062500e-04
 4.6312282984e-01  1.4052119141e+00  2.4515670489e+00   -3.9700790839e-01 -1.8720233559e-01 -4.7096694780e-01    2.4414062500e-04
 4.9186411297e-01  1.3638041071e+00 -1.0943763428e+00    1.6352950030e-01  3.8162385778e-01 -2.3912586163e-02    2.4414062500e-04
 6.6718518557e+00  1.1646401305e-01  1.0601974527e+00    6.2342994490e-02 -1.3092421514e-01 -1.5815967621e-01    2.4414062500e-04
 1.3721434826e+00  2.1013320405e+00  6.3362400948e-01    5.7624038803e-01  4.1925338395e-02 -2.2539679086e-01    2.4414062500e-04
 1.0306904386e-01  5.0634124676e-02  4.2728906639e-01   -1.0226892247e-01  7.5758144431e-02 -1.2128475364e-01    2.4414062500e-04
-1.5039005565e-01  1.4982218724e-01 -1.3136520290e+00    2.4893700643e-02  4.1062032548e-02  2.1477729400e-02    2.4414062500e-04
-2.6256790422e-01  3.1840870734e+00 -4.7806004084e-01   -3.0879188098e-01  4.5368658561e-02  4.0067027678e-02    2.4414062500e-04
 2.9874785871e+00 -1.3022092817e+00 -9.8028128523e-01    3.2358111850e-02 -7.3540188289e-02 -8.9717948016e-02    2.4414062500e-04
 9.8363372824e-01 -4.3278575630e+00  1.0597488680e+00    4.4360607094e-01 -5.4213394631e-02  3.1311721045e-02    2.4414062500e-04
 1.4795461107e+00 -1.6383571440e-01 -2.9374620957e-01    1.2910718559e-01 -1.7799383044e-01 -4.5908391441e-02    2.4414062500e-04
-6.6881636736e-01 -7.2651217766e-01 -2.0112743303e-01    2.4372352007e-01  3.1799542754e-01  3.4676749310e-01    2.4414062500e-04
 9.8598646687e-01 -1.4220210170e+00 -1.5152848904e+00    8.5436911052e-02 -1.2447603225e-01  2.2260324141e-01    2.4414062500e-04
 6.3998400337e-02  9.5646933513e-01 -3.3253810734e-01    4.2062987467e-01 -3.4344048015e-01  2.2249775729e-01    2.4414062500e-04
-3.0194020829e+00  9.1210793965e-01 -1.2912977864e+00    5.3057820049e-02  1.2315108715e-02  9.0060651712e-03    2.4414062500e-04
 4.3402511810e+00  3.5489812386e+00 -1.6598991477e+00   -1.6151684744e-01  2.3314807445e-01  1.2413898696e-02    2.4414062500e-04
 1.3936644632e+00  1.8777913069e+00  4.4440450318e-01   -2.5275976282e-02  8.2076435685e-02  1.3319607974e-02    2.4414062500e-04
-5.7680355910e-01 -3.8915257022e-01  2.0800804059e-01    3.8124573262e-01  3.0855821548e-01 -1.2693000254e-01    2.4414062500e-04
 8.9123386038e+00 -1.1813141533e+00 -1.2436581448e+00    6.1971014670e-02 -2.3230879670e-01 -6.8917478012e-02    2.4414062500e-04
 6.1168114369e+00  6.9889428166e+00  4.0473302282e+00    1.4463747399e-01 -9.9127030280e-02  1.5122303903e-02    2.4414062500e-04
 7.5179304559e-01  1.4668514405e-01 -1.8058996974e+00    1.1603944192e-01  5.3377926223e-01 -1.4522722719e-01    2.4414062500e-04
-4.2441830609e-01  2.0968208006e+00  3.7835278396e+00   -3.2623661271e-02  3.7098145165e-01 -3.7898317653e-01    2.4414062500e-04
-8.8653822729e-01 -7.9134622817e-01  6.6999876737e-01   -3.4438231772e-02 -3.8360662097e-02 -1.2917593200e-01    2.4414062500e-04
 3.5821930671e-01 -1.9503382130e+00  4.3636006612e+00   -5.8019672466e-05 -2.6252051798e-03  4.4490978773e-01    2.4414062500e-04
-7.5779440187e-01  4.3364010599e-01  5.4445643381e-01    1.3014107450e-01  3.6132567172e-01 -2.1694131675e-01    2.4414062500e-04
 3.6335187872e+00 -1.5736516185e+00 -1.5172749783e-01   -2.0733778646e-01  3.4759130314e-01 -2.9708386853e-01    2.4414062500e-04
 2.7607459264e-01 -1.5969580894e+00 -1.2276010470e-01    1.1623582069e-01  2.9000484574e-01  3.1981248481e-01    2.4414062500e-04
-2.4596139434e-01  2.3113053679e+00  1.4026391267e+00   -6.1188199539e-02  1.1069898460e-01 -1.4800933589e-01    2.4414062500e-04
-1.8049419620e+00 -2.4152999139e+00 -1.2058739904e+00   -1.4533189635e-01  1.0125594348e-01 -7.8658164093e-03    2.4414062500e-04
-4.0929038239e+00 -1.6151390835e+00  3.6418457538e+00   -2.8378341419e-03  1.9714983442e-02 -8.9588250266e-02    2.4414062500e-04
 1.0452697697e+00  1.3520532744e+00 -1.8205550935e+00   -2.0380292866e-02  6.1212071883e-02 -2.8995809337e-02    2.4414062500e-04
 2.4724319107e+00  1.6633501263e-01 -1.0096582198e+00   -3.6782154395e-03  1.2165384356e-01  2.0132370347e-01    2.4414062500e-04
 6.0229692039e-01 -1.0122179418e-01 -1.2275459540e+00    7.5356276879e-04  2.0042527091e-01  1.5561435566e-01    2.4414062500e-04
 2.0111731323e+00 -2.4543734765e-01  4.5968799284e-01   -1.4968474517e-01  2.8991812134e-01 -1.6472989400e-01    2.4414062500e-04
-1.9267631535e+00  1.7291802955e+00 -2.6167325962e-01   -1.9805095588e-01  2.2386649631e-01  1.3086542828e-01    2.4414062500e-04
-1.8571655670e+00 -1.1123643247e+00 -3.0560529023e-01    5.7907169191e-02 -1.1214462467e-02  1.2616006378e-01    2.4414062500e-04
 1.0231013274e+00 -9.8670948979e-01 -2.4887148709e+00    1.2242448978e-01 -2.1560592354e-02 -4.2578293495e-02    2.4414062500e-04
-1.0665694344e+00  1.9944574991e+01  2.8772066993e+00   -1.6954536439e-02 -2.1075236531e-02 -1.7840374626e-01    2.4414062500e-04
-5.1518446864e-01 -6.6258867409e-01  4.9785349700e-01    5.2300498557e-02 -3.1564770125e-02  1.0504339899e-01    2.4414062500e-04
-2.3490034784e+00  7.2674221712e-01 -5.7094172620e-03   -7.7100732102e-02 -9.4084204063e-02  4.0702373316e-02    2.4414062500e-04
 1.0051377217e-01  2.1633792076e-01  3.3336503387e-01    2.6004379305e-01 -3.8196415732e-01  2.7422385613e-01    2.4414062500e-04
 1.0627076630e+00  6.0822668118e-01  6.6840090816e-02    1.7611877777e-01  3.7613649656e-02 -6.5148197435e-02    2.4414062500e-04
 1.5708955332e+00  4.4798279450e-01  6.3886871780e-01    4.3980173889e-02  3.0943236062e-01 -5.0205312116e-01    2.4414062500e-04
-9.8001594978e+00  1.8078728147e+00 -1.3310650395e+00    2.5952004267e-02  2.9315184467e-02  2.0308011542e-02    2.4414062500e-04
 5.8383509752e+00 -1.1672441977e+00 -1.2400547257e+00    1.3329552009e-01  2.8327253456e-01 -1.3514316587e-01    2.4414062500e-04
-1.6752946219e-01  1.1825817389e-01 -4.2817370150e-03   -6.1092768953e-01  9.7202403221e-02 -1.3285535097e-02    2.4414062500e-04
 2.4877240397e+00  1.6179467915e-01  3.2784062770e+00    1.9273356332e-02 -1.6545978065e-01  5.1760801446e-02    2.4414062500e-04
-8.7653617468e-01  2.1516095301e-01  5.1306969622e-01   -2.2697340764e-01  1.5855084945e-02 -2.9957299861e-01    2.4414062500e-04
-1.7699098474e+00  1.8973240040e+00  1.0122261049e+00   -8.7622246249e-03  5.4098403845e-03  4.8052781629e-02    2.4414062500e-04
 1.6343823309e+00 -1.2784396801e+00  1.7565572321e-02   -9.6309814871e-02  4.3707840918e-01  2.5811882886e-01    2.4414062500e-04
-4.4345094315e+00 -1.8763133587e+00  2.0099757558e+00   -2.4104231254e-02 -1.3615737466e-01 -2.7306193399e-02    2.4414062500e-04
-1.0160842250e+00  2.4598707155e+00  2.6756045624e-01   -2.2694511168e-01  3.1520215845e-01  1.3606080022e-01    2.4414062500e-04
-1.3724183349e+00  3.5312918571e+00 -2.1145769484e+00   -1.9388022909e-02 -5.1527301895e-03 -5.8547309653e-02    2.4414062500e-04
-1.7084159313e+00  1.7419627095e+00 -3.2361446623e+00   -1.0813844170e-01  2.0410752720e-01  1.4530576412e-02    2.4414062500e-04
-4.9801276996e+00  6.2310455876e-01  5.8240893058e+00   -7.0063604920e-03 -2.7566267028e-02 -4.5956256300e-02    2.4414062500e-04
-1.9854642306e+00 -2.2618602950e+00 -1.9097968873e+00   -1.3002634419e-01  4.6785093959e-02  1.3735087990e-01    2.4414062500e-04
 3.1975195843e+00  1.5291947526e+00 -4.4535813335e-01    2.8456191881e-01 -1.9322532467e-01  3.6578550585e-01    2.4414062500e-04
 1.2428566829e+00  9.8215389817e-01 -1.3827257140e+00   -2.0898937982e-01  5.2778647444e-02 -4.3813871747e-01    2.4414062500e-04
 5.4626839441e-01  1.2862429333e-01 -2.6440850832e+00   -3.5893597919e-03  2.0928599278e-02 -3.9248529560e-02    2.4414062500e-04
-5.3384355606e-01  1.0826400465e+00  1.9471871047e-01    9.5370381727e-02  4.7907186918e-01 -1.5547191384e-01    2.4414062500e-04
 3.2119994378e+00  1.9016493974e+00  3.1545146912e+00   -1.1709050381e-01 -4.1762186702e-02  9.8035073592e-02    2.4414062500e-04
-8.0494297231e-02  7.4089642971e-01 -2.6613636310e-01   -1.9186220399e-01  3.3977310197e-01  2.4162002441e-01    2.4414062500e-04
-2.3517474679e-02  3.7115072971e-01  1.1352431276e+00   -1.2299550691e-01  3.6375471244e-02 -2.4702236350e-02    2.4414062500e-04
-6.7629477861e-01 -2.0470801150e+00  2.9591222974e-01   -2.6398275109e-03  2.0069513868e-01  3.7801118842e-02    2.4414062500e-04
 1.4376695075e+00 -8.0239014430e-01 -1.6192534344e+00   -3.9324003312e-01 -3.1688891841e-01  1.1153096409e-01    2.4414062500e-04
 2.9034792511e+00 -1.5439030253e+01  5.3918948109e+00   -1.0348364534e-01 -1.6228133996e-01  7.6079927997e-03    2.4414062500e-04
 2.9847373139e+00 -1.4973684234e+00 -9.3059425905e-01    1.9412717723e-02 -1.4449302756e-02 -2.8408165890e-02    2.4414062500e-04
 2.2323834872e-01 -6.1249064656e-01 -2.2097377604e+00   -5.1511930476e-02  3.4427785002e-01 -1.2103360245e-01    2.4414062500e-04
-8.6202254844e+00 -6.6811352643e-01  6.6645015037e+00    4.4383880398e-02  3.0314279806e-02  1.5774215652e-02    2.4414062500e-04
 6.7218163015e+00  2.5979347934e+00 -9.7003636176e+00    8.2974175018e-03  2.3985334733e-02  1.6211047181e-02    2.4414062500e-04
-2.6491678294e+00  5.9689798300e-01 -1.0396823137e+00    2.0082061019e-01  4.5254388354e-01 -1.0009087963e-01    2.4414062500e-04
-5.8300653634e-01  5.6250192892e-01  1.5889092955e+00    2.9733864731e-01  3.8680061707e-02 -2.5086324758e-02    2.4414062500e-04
-6.7918072042e-01  8.7396583701e-01 -1.9338055743e+00    5.2616085010e-02  1.6568411890e-01  2.0581474047e-01    2.4414062500e-04
 3.7989185719e+00  7.4594486663e+00 -2.1614346719e+00   -1.1153273643e-01  2.3044883104e-02  1.7512066656e-01    2.4414062500e-04
 1.6421702320e+00 -2.9402668315e+00  9.2472162702e-01    1.9988715475e-01 -2.3691530443e-01  1.0045368934e-01    2.4414062500e-04
-5.8844282527e-01 -8.2002116542e-01 -1.2931049133e+00   -2.0611412154e-01  5.4609507497e-02 -3.9597649051e-01    2.4414062500e-04
 2.3066919199e+00 -8.1993329058e-01 -9.0827559437e-01    3.9702126786e-01 -5.1432507635e-03  1.2534126471e-01    2.4414062500e-04
-3.3026676301e+00  7.6500243956e-01  1.7925251500e+00    1.7528057785e-01  1.7077952370e-02  1.4864521569e-01    2.4414062500e-04
 7.7444005882e-01  2.1997027077e+00 -2.1372423856e-01   -1.0040100873e-01  8.7162362547e-02 -6.4311895663e-01    2.4414062500e-04
-1.4884171109e+00 -1.2025695954e-01  2.7092269168e+00    1.3664002691e-02  3.4672811101e-01 -2.3547561514e-01    2.4414062500e-04
-2.5034242416e+00 -4.2476255290e+01  6.8136716655e+00    1.1397906156e-01  3.9315046401e-02 -7.9679779046e-02    2.4414062500e-04
-5.8661295782e-02  1.7621957731e-01  1.2144553813e+00   -5.4050239821e-02 -3.3379996542e-01  4.3607049544e-02    2.4414062500e-04
-5.9523748776e-01 -1.7261259003e+00 -3.1190411596e+00   -2.2058451066e-02 -3.1253605483e-02  1.3354322114e-01    2.4414062500e-04
 2.5456922232e+00  6.0575156347e+00  2.1544270411e-01    2.7469851536e-01  2.7928616301e-02  1.3015414219e-01    2.4414062500e-04
-2.4515808104e+00  9.9179881355e-01 -7.8575337519e-01   -3.8259617219e-01  9.5966916759e-02  9.2015643136e-02    2.4414062500e-04
 2.3485167979e-01 -2.4869380627e+00  6.6134645642e-02    1.3091510593e-01 -6.0998314874e-02 -1.8019705252e-02    2.4414062500e-04
-8.4926920066e-01  1.4072190148e+00 -9.6776912143e-01    5.1297689259e-02  9.6530408956e-02 -1.2854927352e-01    2.4414062500e-04
 1.7399533306e+00  2.0773926563e+00 -8.0220499289e-01    2.8850503250e-01  7.4227426471e-02 -2.5474027271e-01    2.4414062500e-04
-8.0487087046e-01  1.7214301353e+00  3.9976908945e+00    1.1716113872e-01 -6.4992676184e-02 -2.7135903434e-01    2.4414062500e-04
 3.6532909903e+00  2.3281806130e+00 -1.6090837173e+00    9.0827012949e-02 -3.5086303564e-02  1.1859777428e-01    2.4414062500e-04
 6.5821594767e-03  2.2669440938e+00 -2.5444789134e+00    2.5648417868e-03  3.4217618618e-01  2.0206447749e-01    2.4414062500e-04
-8.9659221024e-01  9.2817365335e-01  3.0902448998e+00   -3.6675611778e-01  8.2270590544e-02 -2.7090273186e-01    2.4414062500e-04
 1.2694704622e+00 -3.9330963940e+00 -2.8058988076e+00    6.2107598894e-02  1.7585169624e-01  1.2972883247e-01    2.4414062500e-04
 5.1200540054e-01 -8.0238552147e-01 -5.7120585312e-02   -3.9150132965e-02 -2.6019688216e-01  2.8938085589e-01    2.4414062500e-04
-2.1528519071e+00 -4.2462852123e-02 -1.7963457533e+00    1.8654153938e-01 -2.7673657512e-01 -1.0219736357e-01    2.4414062500e-04
 1.1203081085e+01 -1.4702707872e+01 -1.5031620496e-01   -9.7917972973e-02  2.1294508957e-01 -1.2735983132e-01    2.4414062500e-04
 1.5882112318e+00  1.1660882142e+00 -4.7013011511e-01   -7.2139348309e-02  3.8361981648e-02  4.1818361449e-01    2.4414062500e-04
 2.2809709450e+00  4.2066196628e+00  2.3305977974e-01    5.1179127736e-02 -1.6740414128e-02  3.3673158770e-02    2.4414062500e-04
-1.5501309362e+00 -2.9646474019e-01  1.6918115464e+00   -8.3232064962e-02 -1.9527798176e-01  3.3961536173e-01    2.4414062500e-04
 1.6051598414e+00  3.3304401661e-02  8.9817761407e-01    4.0753021402e-01  4.4270828452e-02  6.6428642667e-02    2.4414062500e-04
 9.0980066719e-01 -1.8152664905e+00  4.5863123236e-01    1.5413765422e-01 -6.4004206317e-02 -8.8517459952e-02    2.4414062500e-04
 3.0593242836e-01 -3.6714620498e+00  3.7775751697e+00    1.4537070376e-01 -1.9707749810e-01 -2.8325283760e-03    2.4414062500e-04
 2.9272169499e+00  1.6190358663e+00  2.9603796244e-01    9.6919627504e-02 -1.9709804267e-01  6.4853494210e-02    2.4414062500e-04
-1.9012026404e+00  3.9218295020e+00 -5.5363381494e-01   -4.5920170209e-02 -1.2754555517e-01 -5.2807571380e-02    2.4414062500e-04
-1.5224556293e+00  1.1604907689e+00  6.3609974637e-01    7.6024253696e-02 -3.3679138985e-01  4.4130452313e-02    2.4414062500e-04
-1.5787409757e+00  8.3347280447e-01 -1.2025471519e-01   -1.3770038110e-01 -6.6890879003e-02 -6.3246710524e-02    2.4414062500e-04
-1.2726759542e+00 -1.7966286547e-01  3.4681681331e-01    2.1078918284e-03  5.2597840845e-03  2.7095967884e-03    2.4414062500e-04
 3.7063114926e+00  1.5291255439e+01 -3.4979338635e-03   -1.2108243756e-01  1.3204940835e-01  2.7617118859e-02    2.4414062500e-04
-1.2540342316e+00 -1.3962199663e+00 -5.4721671390e-01    1.0409054335e-01 -9.8085781073e-02 -5.9579712415e-03    2.4414062500e-04
 4.6349351310e-01 -4.6252544411e+00  1.4174372392e+00   -1.4092394771e-01  6.1490873238e-02 -4.1163903984e-02    2.4414062500e-04
-1.6657927942e+00 -4.2355530444e-01 -1.1272430182e+00    1.0955745588e-01 -4.5298405047e-02 -1.2384082763e-01    2.4414062500e-04
-1.9288202382e+00 -1.9543843071e+00  1.3316143206e-01    1.3475166954e-01  2.0330678562e-01 -3.9013744917e-01    2.4414062500e-04
-5.2379900676e+00  3.3602102189e+00  6.6212168120e-01   -1.2289348680e-01 -2.2385808075e-02 -1.8371052819e-03    2.4414062500e-04
 3.9516005454e-01 -1.0050172156e+00 -9.0217451531e-01   -1.0453659355e-01 -6.0572983587e-02 -4.5171230280e-01    2.4414062500e-04
 9.9543267328e-01 -9.8816126981e-01  2.4737805548e+00    1.5664516618e-01 -2.7058662511e-01  2.4280777043e-01    2.4414062500e-04
-6.3344686098e-01 -7.8207610672e-01 -1.1290919204e+00   -5.4065686546e-02  3.4216695448e-01  9.7844119384e-02    2.4414062500e-04
 4.8382245726e+00 -9.4164210760e+00 -1.5307331870e+01   -6.8387080221e-02  1.6000556640e-01 -1.0470741957e-02    2.4414062500e-04
-4.4383862867e+00  4.1492648095e+00  5.8582866515e+00   -2.8928755893e-01  2.5915654571e-02  1.1424756253e-01    2.4414062500e-04
 5.8593712524e-02 -1.9940636017e+00 -1.2459832289e+00    2.1305399554e-01  1.4045088413e-02 -1.0053230763e-01    2.4414062500e-04
 4.4308977349e-01  1.3242063718e+00  1.1405279484e+00    2.3236002315e-01  1.6074028232e-01  1.5532351194e-01    2.4414062500e-04
 9.7048219065e-02  8.0880510390e-01  3.1702627624e+00   -2.7494503261e-01  1.3004090340e-01 -3.2326700451e-01    2.4414062500e-04
 1.5906887393e+00 -5.9823950971e+00  7.2095394436e-01    6.9735060618e-02 -1.8635036448e-02  3.4116445870e-02    2.4414062500e-04
 1.8495952765e+00  2.0781696720e+00  2.1878695140e+00   -4.1369163748e-01  9.2622219279e-02  3.6939978593e-02    2.4414062500e-04
 6.3630321843e-01  4.7880752475e+00 -3.1009074257e+00   -3.9600758786e-02 -7.0580299511e-02 -1.3352070676e-01    2.4414062500e-04
-3.8995104218e+00  3.5284289477e+00  2.0365622408e+00    3.1121188334e-02 -1.9443153305e-02  3.0125550470e-02    2.4414062500e-04
 6.3556463916e-01  1.1700740381e+00  3.5803631974e-01   -6.6503698057e-02 -1.6629026381e-01  2.4317715307e-01    2.4414062500e-04
 1.8032260298e+00 -1.6424300124e+00 -5.4711962806e-01    1.2989181831e-01  3.7789930955e-01 -8.4605457952e-02    2.4414062500e-04
-9.6509808967e-01  1.3341289699e+00  3.1410506336e-02   -4.8505380640e-01  2.2234418790e-01 -1.3041897269e-01    2.4414062500e-04
 6.9186659789e-01  4.2384630977e-01  4.4584364105e-01    9.1700506097e-02  4.4455118645e-02 -9.6707487660e-03    2.4414062500e-04
 2.4794213204e-01 -3.9299972508e-01 -8.6963483314e-01    1.9694030826e-01 -3.2123022465e-01 -2.8642786586e-01    2.4414062500e-04
 2.2415925338e+00  1.1732411527e+01  5.5922238313e+00   -3.3707128387e-02 -1.2229919228e-03  1.3002821767e-01    2.4414062500e-04
-2.9535823371e+00 -4.1453703043e+00 -2.7973635691e+00    1.7909389080e-01  1.4067759907e-01  1.6967064790e-01    2.4414062500e-04
 3.6683925573e+00  4.4849751324e-01 -6.5071422721e+00   -1.6700648504e-01 -1.8390461427e-01  4.8555488343e-02    2.4414062500e-04
 4.5722930811e-01 -7.2353558635e-01  9.7371767581e-01    4.9007419825e-01 -4.2065887061e-01  4.2375030145e-02    2.4414062500e-04
-3.2231878257e-01 -6.6200152675e-01 -1.4373688425e+00   -8.2105885035e-02  2.9381440670e-01 -3.9854346229e-03    2.4414062500e-04
 8.9931855264e-01  1.5419581983e+00 -8.5954085296e-02   -1.9909128217e-01  1.2619571990e-01 -2.8065509730e-01    2.4414062500e-04
 8.5388867164e-02  8.2211726946e-01 -2.1666294191e+00    2.7425332776e-01  2.2897686094e-01  3.3629463659e-01    2.4414062500e-04
 9.3160712450e-01  5.5192115521e+00  4.8363246707e-01   -1.4154935766e-01  1.1040778249e-01 -2.3604107899e-01    2.4414062500e-04
 8.3839699721e-01 -1.0607612926e+00 -2.4734868901e+00    7.4541295671e-02  6.2369942864e-02 -4.7072391148e-02    2.4414062500e-04
-1.5682365353e+00  8.4812877124e-01  2.5316991319e+00    1.0690467210e-01  5.1039700385e-02 -1.7150553521e-01    2.4414062500e-04
 1.7956725025e+00 -4.8632850744e+00 -2.7173098807e+00    5.9152631845e-02 -4.6137698852e-02  3.8815566780e-01    2.4414062500e-04
 1.3980060921e+00  1.0318132192e+00 -1.2884068243e+00   -4.6223213950e-02 -4.8749221790e-02 -4.1334525611e-01    2.4414062500e-04
 1.9860844108e+00  2.0421275489e+00 -5.7987867425e+00    3.8271231875e-03  1.8669410027e-02 -1.9968979445e-02    2.4414062500e-04
 2.0578937855e+01 -1.5565476386e+01  1.0086055685e+00   -4.5693610421e-02 -4.7647793530e-02 -8.0900642014e-02    2.4414062500e-04
-5.0582536785e-01  1.2085486218e+00 -2.2112515061e+00    1.1326414132e-02 -8.1269260617e-02  1.4069561021e-01    2.4414062500e-04
-2.1808596282e+00 -2.5672933920e+00 -5.7149019094e-01   -3.5098083419e-02  4.8272613212e-01 -5.6394726302e-02    2.4414062500e-04
-3.0878106229e+00  3.2795752649e+00  2.0213008580e+00    3.8985898865e-01  7.5826150984e-02 -6.6034409213e-02    2.4414062500e-04
 4.3145559734e-01  1.5925286947e-01  1.4327533617e+00    1.2293946515e-01  2.2654680290e-02 -4.9514379941e-02    2.4414062500e-04
 1.0930139353e+00 -1.4288701689e+00 -8.9546927240e-01    1.6947744889e-01  3.8429046252e-01  3.9893644399e-01    2.4414062500e-04
-6.4889203721e-01 -5.0034994496e-02  3.4739812552e-01   -4.2888422111e-02  2.9294027919e-01  5.0004075361e-02    2.4414062500e-04
 5.9780704184e+00 -6.4225143691e+00  6.2483112697e+00   -6.9945331823e-02  2.2056639222e-02  7.7678492312e-02    2.4414062500e-04
-1.9884886876e+00 -6.5203190515e-01 -1.0587093301e+00   -6.2143487097e-01  7.2099876597e-02 -6.1066792274e-02    2.4414062500e-04
 4.9846522557e-01  2.2102294469e+00  1.3587159987e+00    1.6096253799e-01  1.1744201807e-01 -2.4050824445e-01    2.4414062500e-04
 8.5988674079e-01  7.5220423964e-02  4.7866723843e-01   -1.4728424060e-01 -2.1180424371e-01  3.9232281369e-01    2.4414062500e-04
-1.1888656963e+00 -6.6088441716e+00  8.2746446094e-01   -1.5186260783e-01  5.8584796951e-02  1.4039834980e-01    2.4414062500e-04
 1.8640318165e-01 -1.9465081291e+00  1.2000017135e-01    8.1317682471e-03  1.2863937919e-01  2.7232867083e-02    2.4414062500e-04
 3.0452668966e-01 -1.4073772074e+00 -1.1723520774e-01    2.4446386952e-01 -1.5273043308e-01  1.1190481878e-01    2.4414062500e-04
-3.8504451546e-01  9.3137127047e-01 -2.0245839041e+00   -2.6963106758e-01  7.2605388004e-02 -9.2231052546e-03    2.4414062500e-04
 1.4101796163e+00 -7.0454863291e-02  1.8842348251e+00   -2.0111946132e-01  7.0431279772e-02  2.4276861260e-02    2.4414062500e-04
 7.8141112018e-01 -1.6005424663e+00 -2.6383827830e+00   -1.7621338458e-01 -1.1431346256e-01 -9.8430175786e-02    2.4414062500e-04
-1.8657369916e+00  3.5082039506e-01 -1.6943815633e+00   -1.6591806656e-01 -1.4875917317e-02  2.5180147636e-01    2.4414062500e-04
 8.7136991933e-01  1.6052263989e+00 -9.1595471760e-02   -6.4386409752e-02 -3.9381429329e-01  6.5362319221e-02    2.4414062500e-04
 6.8578061115e-01  2.6843733696e-02  1.0137988136e+00   -2.4308335964e-01  1.9953851607e-01 -3.3375438691e-01    2.4414062500e-04
 1.1462314541e-01 -1.0353564291e+00 -4.1096560114e-01    2.5122923445e-01  2.9690614786e-02 -2.0560804833e-01    2.4414062500e-04
-1.9864372999e+00 -6.8203733981e-01  2.2522277403e+00    9.0136474106e-02 -1.7675321020e-01 -3.3340181252e-01    2.4414062500e-04
-3.9103883088e+00  3.3994560512e-01 -9.3643880976e-01    3.9701715184e-02  5.6370960024e-02 -4.2266185870e-02    2.4414062500e-04
 8.4392278886e-01 -6.6297188641e-01  1.3797710740e-01    3.8925721426e-02  5.5382422873e-02 -1.6916052983e-02    2.4414062500e-04
 1.1928095881e+00 -2.3619547050e+00  1.1516228107e+00    2.6023096106e-01 -1.2581803740e-01 -1.3106095466e-01    2.4414062500e-04
-4.4072447863e+00  1.1515884070e-01 -1.2099709800e+00   -3.0953622124e-01  3.1006936776e-02  3.1446708538e-01    2.4414062500e-04
 6.9919571166e-01  4.7106546318e-01  1.8078377203e-02    5.7167737412e-01 -1.8985849487e-01  3.6771444815e-02    2.4414062500e-04
-3.7786461825e+00  1.9310011713e-01  3.0863783693e+00    4.3523075859e-02 -3.0573045955e-01  6.5061896598e-02    2.4414062500e-04
-1.1934306733e+00 -6.3744309703e-01  4.1336398925e-03   -2.8507279744e-01 -2.0747144478e-01 -2.2629527693e-01    2.4414062500e-04
 1.5207322136e+00  4.7150761999e+00  9.0742249857e-01    7.7664397280e-02 -3.4683506749e-01  1.8036384289e-01    2.4414062500e-04
-7.2968318158e-01 -2.0418633941e+00  2.2568714703e+00    1.6369670751e-02 -2.5635847970e-01  2.1840049508e-01    2.4414062500e-04
-2.8831774178e+00  3.3497505420e-01  1.5759649589e+00    4.6349340491e-02  9.1209165082e-02  5.6180842517e-02    2.4414062500e-04
-3.3840186849e-01 -1.5470752840e-01  1.0379821423e+00   -3.9655824365e-01 -1.1985496248e-01 -2.4317384337e-01    2.4414062500e-04
 4.1881103687e+00  2.3736083788e+00  4.4305072229e+00   -7.2605602581e-02 -1.1413305991e-01 -1.8238071557e-01    2.4414062500e-04
-1.6752514872e-01  2.2188316869e+00 -2.5933901622e-01   -2.7956367277e-01 -5.0390039904e-02  4.2422497390e-01    2.4414062500e-04
 1.0630490275e+00 -3.9056850616e-01 -1.7752008457e+00   -2.3532862564e-01 -2.9879307356e-01 -1.5031761307e-01    2.4414062500e-04
-2.7491509671e-01  5.4646999628e+00 -2.8301848610e+00   -2.4268309447e-02  7.5747140889e-02 -5.2294636730e-02    2.4414062500e-04
 3.8521559509e-01 -1.5612059004e+00 -2.9508788442e-01    1.1319819131e-01 -1.1580766484e-01 -6.5230327543e-02    2.4414062500e-04
-5.6156872085e-01 -4.4735889121e+00  3.9586542789e+00    2.7153878805e-01  1.7690738983e-01  2.3859562121e-01    2.4414062500e-04
 8.9390989551e-01  7.4318802953e-01 -1.0332141350e+00   -3.3108108433e-01 -1.4773506880e-01 -1.2688539736e-01    2.4414062500e-04
 8.7568023098e+00 -1.1189589145e+00 -1.4616123629e-01    6.0566088994e-02 -2.4363300064e-01 -1.1779378170e-01    2.4414062500e-04
 1.2929454840e+00 -2.5601666152e-01  1.3184357147e+00   -2.3331355744e-01 -4.9806984128e-01 -6.1289172102e-02    2.4414062500e-04
 3.5233413707e+00 -8.0213711414e-01 -5.0051148543e+00    5.5074589464e-02 -6.4429222709e-02 -1.0431493717e-02    2.4414062500e-04
-2.1025052877e-01  2.3237043867e-01  6.2183348599e-01    4.5417412208e-02 -1.4005071429e-01  1.2385013980e-01    2.4414062500e-04
-4.3641370491e-01  7.9668181642e-01  2.5105765071e+00   -4.0075371493e-01 -2.2673370848e-01 -2.0032150648e-01    2.4414062500e-04
 3.8324373149e+00  2.5168741859e+00  1.9894113178e-01    1.8284481153e-01 -3.2180918830e-01 -2.3875004462e-01    2.4414062500e-04
 1.6314108029e+00  1.2559814467e-01 -8.4748636869e-01    2.5761606938e-01  4.5743525102e-01 -2.8500993522e-01    2.4414062500e-04
-3.2746389931e-01  8.9352231517e-01 -1.6631217643e-02    3.8721551463e-01  2.4996031902e-01 -1.9791673753e-01    2.4414062500e-04
-1.9753898140e+00 -2.3980880192e-01  4.2630922774e-01    3.3575215476e-01 -1.6017189010e-01 -2.6086369345e-01    2.4414062500e-04
-2.3054092292e+00  1.6445124286e+00 -1.4722876673e-01   -1.3349989593e-01 -3.9602676736e-02 -1.4356768853e-01    2.4414062500e-04
-4.0351093772e-01 -5.4442008762e-01  1.7014191220e-01    1.9366718660e-01  8.6804108151e-02 -2.3123053776e-02    2.4414062500e-04
-5.4850201078e-02 -9.4853566777e-04  1.3815234855e+00    6.6638024927e-02  1.7247947408e-01  1.7110424781e-01    2.4414062500e-04
 9.4006912116e-01 -2.8416315145e+00  9.9394814115e-03    1.1997445540e-01  6.5520436485e-02 -3.8192135903e-04    2.4414062500e-04
-1.8153594639e+00 -2.0970109064e+00 -9.8817998031e-01   -1.7303400435e-01  3.8417539252e-02  1.1173322307e-01    2.4414062500e-04
 6.5772831358e-01 -1.6531475116e+00  3.5557598386e+00    1.0316527286e-01  2.7542840883e-02  1.5423304377e-02    2.4414062500e-04
 1.2935967652e-01  1.7683849403e+00  6.8007059053e-01   -8.8764488122e-02 -5.6370066399e-02  1.3600443499e-01    2.4414062500e-04
-2.7234374665e+00  3.1537465532e-01 -4.5256157934e-01   -8.4622409050e-03 -7.4597750480e-02  1.9364793345e-01    2.4414062500e-04
-2.9189081981e+00 -2.1305435656e+00  1.4210553079e+00    3.5465872457e-01 -2.5942676546e-01  2.7076311794e-01    2.4414062500e-04
-8.0479988283e-01 -2.6873539847e+00 -1.6400767072e+00   -1.6795936056e-02 -1.7244095519e-01 -8.3431600498e-02    2.4414062500e-04
-8.8037282037e-01  1.1020015837e+00  4.0566655716e+00    2.1694352358e-01 -4.3516417483e-03 -2.5782842033e-02    2.4414062500e-04
 8.0130467296e-01 -3.2458574633e-01  3.3630210446e-01    4.0762871928e-01 -2.5458245431e-01  1.0907067690e-01    2.4414062500e-04
-1.9802882293e+00 -1.0218257359e+00  2.5905016510e+00    1.7969140411e-02  2.9716628456e-01  2.2669933179e-01    2.4414062500e-04
-6.5376280229e-01  1.2893751939e+00  7.0321445943e-02   -8.6635905254e-02  6.3177806021e-01  4.0935889729e-01    2.4414062500e-04
-3.3852845369e-01 -2.0043390301e+00  4.1183465366e-01   -5.2013844590e-01  2.1953731879e-02  1.4687327628e-01    2.4414062500e-04
-1.4095569998e+00  4.6378845288e-01  1.9432676932e+00    1.2319574043e-01  1.8902159393e-02  1.0794222781e-01    2.4414062500e-04
 3.0032530131e-01  9.4618173076e-01 -7.0019502440e-01   -4.0941475751e-02 -3.0121664392e-02 -5.9218000542e-01    2.4414062500e-04
 3.9860457249e-01 -7.4003157728e-01 -8.3030597619e-01    1.9679702101e-01 -1.0701534499e-01  5.1344377434e-01    2.4414062500e-04
 1.6592574741e-01  3.8763525385e-01  1.0101874729e+00    2.1756439235e-01 -6.2293580083e-01 -2.7821647435e-01    2.4414062500e-04
-1.3051470068e+00 -6.4798707434e-01  6.3963192242e-01    1.4871115101e-01  2.1005763237e-01  8.2416382698e-02    2.4414062500e-04
 2.9462096003e-02  3.4950577250e+00 -2.1036228417e+00   -1.8913393477e-01  9.4200977060e-02  1.4568509374e-01    2.4414062500e-04
 5.8682541357e-01  9.5983083235e-01 -1.4975035517e+00    4.7763632159e-01  2.3899855471e-01  5.4326342585e-02    2.4414062500e-04
-2.2469796542e+00 -8.8749342214e-01  1.3448259335e+00   -6.3396867985e-03  7.9534173906e-02 -4.7864072610e-01    2.4414062500e-04
 2.7891730109e+00  6.6094624714e+00 -1.1270383286e+00   -4.1724529563e-02 -5.7505060732e-02  1.0795717600e-02    2.4414062500e-04
-1.1795660399e+00  6.5740028902e-01 -3.4755368470e-01    3.2543445681e-02 -3.0309768282e-03 -2.8297183082e-02    2.4414062500e-04
-1.2986889766e+00 -1.0385852135e+00  5.6412464796e-01   -2.0568978084e-01  5.5133673516e-01  8.1345096646e-02    2.4414062500e-04
-1.3285320109e+00  2.4365606994e+00  1.3817766256e+00    2.4895822700e-01  1.0232410847e-01 -6.6229082420e-02    2.4414062500e-04
-1.4282563159e-01 -8.9135318690e-02  4.4039196747e-01   -2.1994293742e-03 -3.2510797686e-01  3.1541864875e-02    2.4414062500e-04
-2.9549523294e+00  8.9074363161e-01  1.2001753216e+00    1.4401020447e-01 -2.1536440763e-01  1.9439202581e-01    2.4414062500e-04
 1.9602313731e-01  7.1250445213e-01 -9.8339486317e-01    1.5943556003e-01 -4.8317338398e-02 -1.4829189690e-02    2.4414062500e-04
-6.2835170438e+00 -5.6734627111e+00  6.0940301606e+00    2.0878566808e-01  7.3262323265e-02  1.5319772575e-01    2.4414062500e-04
 1.4309451212e-01 -6.8820006113e+00 -6.8379388138e+00   -1.7656324525e-02  1.4724687136e-01  3.5562472490e-02    2.4414062500e-04
 1.2130343709e+00 -8.4261333374e-02  1.7196249751e+00   -1.1098740773e-01  2.2074787153e-02 -8.1645436476e-02    2.4414062500e-04
 2.0328482037e+00 -1.0465769269e+00 -4.5017935522e-01    1.5765768377e-02 -4.9060120988e-02  1.1866202283e-02    2.4414062500e-04
 1.7527020730e+00 -1.2137158118e+00 -2.8320609623e+00   -1.6385419307e-01  1.3774999457e-01  2.9805854194e-01    2.4414062500e-04
-2.0933036327e+00 -1.8056366574e+00  5.0008688366e-02   -1.6006669172e-01  2.6077723944e-01  4.2378586143e-01    2.4414062500e-04
-3.4049127749e+00 -7.1532003242e+00  8.8855352671e+00    3.4311075224e-02 -6.1620960471e-02 -1.3793964179e-01    2.4414062500e-04
-2.2891590783e+00 -3.6090989870e-01  6.4124810911e+00   -2.7379191522e-02 -4.5183181744e-02 -1.5537346948e-01    2.4414062500e-04
-2.9757334946e+00 -3.5907902918e+00  3.6802209597e+00   -1.1976612108e-02 -9.2414183950e-02  2.1194873287e-02    2.4414062500e-04
-9.1803219537e-01  1.7839860748e+00  1.5917499238e+00    9.9579125210e-02 -3.9753793513e-02 -2.4168725251e-02    2.4414062500e-04
-7.8043254478e-01 -7.3891753343e-01 -2.4843980050e+00    2.0507002879e-02 -5.5406112437e-02  7.4710419843e-02    2.4414062500e-04
-8.7574317342e-01  7.7617369085e-01 -6.2817781884e-01    6.0668525331e-02 -1.4421142820e-02 -1.8433894740e-01    2.4414062500e-04
 3.3281902512e+00  3.7243227526e+00 -2.9981002634e+00    8.1534092196e-02 -1.5989970570e-01  4.5964283374e-01    2.4414062500e-04
 1.4155414476e+00 -8.6417278124e-02  1.8232808052e+00    4.7715637594e-03  1.0303013604e-01  3.2707407918e-01    2.4414062500e-04
-3.2377381900e+00 -1.4841013721e+00 -1.5792312062e+00   -2.5754032989e-03  3.5096732228e-01  2.4747008247e-02    2.4414062500e-04
-1.9993467882e-01 -1.4189861380e+00  8.9029595851e-01   -1.5870816386e-01  1.8745718724e-02 -2.2653238357e-01    2.4414062500e-04
 3.4802218390e+00  4.4318226909e+00  2.8508932494e+00    2.1746558431e-01  8.7980572888e-02 -1.6672886922e-01    2.4414062500e-04
-5.4585311416e-01 -2.2650666241e+00  1.4660792489e+00    1.7381196465e-01  9.0600145394e-03 -7.2781393543e-02    2.4414062500e-04
-8.5392199731e-01 -2.1442723678e+00 -1.1571938019e+00    1.9281487313e-03  1.2116062027e-02  9.6413699121e-02    2.4414062500e-04
 5.6107532999e-01  2.4053698187e+00  1.0599033164e+00   -7.5342535516e-02  2.0889775861e-01  2.3394736382e-01    2.4414062500e-04
 1.5260382941e-01 -3.3898344961e-01  3.9173937607e-01    2.1515458534e-01  1.8583934141e-01  3.5426453243e-01    2.4414062500e-04
-1.8318817017e+00  2.8662286218e+00  3.9221241196e-01   -7.9322383441e-02  7.1153404300e-02  6.0287534763e-02    2.4414062500e-04
-1.7538256318e-01  5.6048951483e-02 -1.9869553551e+00   -1.2451842300e-01 -7.9002020262e-02 -5.4534364112e-02    2.4414062500e-04
 3.0281469621e+00  4.5728086127e-01  8.7569509407e-01   -3.2847665775e-01 -4.5821649764e-01 -6.0427106594e-03    2.4414062500e-04
-4.0305700832e+00  2.0385976130e+00  2.8350740048e-01   -1.0375041694e-01 -1.2193236343e-02 -1.4912087251e-01    2.4414062500e-04
 1.2201720499e-01  1.5397968284e+00  1.5335113621e+00   -1.4850433116e-01 -2.0177921764e-01  4.1871226577e-01    2.4414062500e-04
 6.5010492257e-01  2.9299783447e-02 -9.2090240696e-01   -1.2570366524e-02  2.3406671685e-01 -6.1735915693e-01    2.4414062500e-04
 2.6415231107e+00  3.2821787718e-01 -1.2348684760e+00    2.1332267941e-02  2.0129576741e-01 -1.3444977144e-03    2.4414062500e-04
 1.7674560657e+00 -1.4967673527e+00  5.3576877011e-01    1.5717182449e-01  1.0880416150e-01 -1.3130297610e-02    2.4414062500e-04
 2.4908909497e-01  5.5738067576e-01  1.5132785237e+00    3.6856918925e-02 -1.5341364094e-01  7.5530234298e-02    2.4414062500e-04
 1.9378594143e-01  3.0534660418e+00 -2.3376128314e+00   -9.3809399913e-02  4.6269658593e-02 -2.2099653565e-01    2.4414062500e-04
-1.6458395170e+00 -5.9958269566e+00  1.6205745267e+00   -1.4599101893e-01  7.8246499075e-02  2.5010823883e-01    2.4414062500e-04
-2.4268450592e+00  3.1823127524e+00  1.6569681127e+00    1.2593932476e-01  8.7912904959e-02  1.4942324796e-02    2.4414062500e-04
 4.5654830824e+00 -1.8293606338e-01  1.8895944735e+00    5.2462227650e-02  9.1876407302e-04 -7.4371795312e-03    2.4414062500e-04
 1.0265559750e+00 -1.9669298122e-01  2.6452600665e+00   -1.2627500321e-01  4.1409063503e-01  3.7987230419e-01    2.4414062500e-04
 1.4572848884e+00 -5.3206921039e+00  9.9892525855e-01    4.0538347999e-02 -1.5499198293e-02 -8.6579697522e-02    2.4414062500e-04
-7.2611850443e+00  2.1523984760e+00  7.8431023282e+00   -7.5041898708e-03 -2.4660023134e-01 -1.1878926413e-01    2.4414062500e-04
-4.8160879374e-01  6.0221676432e-01  2.5327314413e+00   -3.6863696532e-01  1.3372600131e-01 -2.8768862605e-01    2.4414062500e-04
-1.6065025806e+00  5.4043831961e-01  3.2828546225e+00   -4.9221484849e-02  4.1822116734e-02  1.2259085423e-02    2.4414062500e-04
-1.7609793466e-01 -1.0448446535e+00  3.0662250087e-01   -1.7794044499e-01  9.6570300993e-02 -3.4988899766e-01    2.4414062500e-04
-1.4079267685e+00  2.3840537652e+00 -2.2293703795e+00   -2.7317412670e-01  8.6864727597e-02 -4.8564665445e-01    2.4414062500e-04
-3.2776971703e+00 -8.1727096348e-01 -2.0894072627e+00   -3.9214796800e-02  2.0720170961e-02  8.6672275015e-02    2.4414062500e-04
-1.6339951732e+00 -1.6098284697e+00 -4.1864535154e+00    2.4429062176e-03  4.2892156241e-03  6.0333774722e-03    2.4414062500e-04
-1.4887304736e+02  1.4454082543e+02  8.9531466557e+01   -2.7933470086e-02  2.2114766682e-03  2.6065733217e-02    2.4414062500e-04
 3.5663238975e+00 -4.5003119477e+00 -4.9508319454e+00    7.5197578743e-02  4.2290237656e-02  1.9722485537e-02    2.4414062500e-04
 9.9529303803e-01 -1.5433030076e-01  6.8126541016e-01    1.3878342576e-01 -2.3406149938e-01  3.3736144160e-01    2.4414062500e-04
-1.8736403831e+00  1.3547494661e+00 -1.3262016888e+00   -3.6067410989e-03 -2.9269613117e-01 -8.2387345122e-02    2.4414062500e-04
 1.1013924353e+00  4.2204082463e-01 -2.8975182479e+00    1.2848818617e-01 -2.1666593689e-01  1.4041341642e-01    2.4414062500e-04
 7.6572141244e-01 -3.6240717561e-01 -2.7265015023e-03   -1.9025955918e-02 -1.6099878390e-01 -7.8880769867e-02    2.4414062500e-04
-5.6201451112e+00 -1.0801853409e+00 -3.6797997943e+00    2.9521147145e-01 -9.8172161462e-02 -1.4644329357e-01    2.4414062500e-04
-8.2620752608e+00  2.0472450100e+01  6.6242217200e+00   -1.0545885162e-02  1.4585290328e-01 -1.3052760960e-01    2.4414062500e-04
 1.4910723221e+00 -7.9589365763e-01 -4.5948914190e-01   -2.8590969085e-01 -1.7100282304e-01  1.7722796789e-01    2.4414062500e-04
 5.3598048518e-01  1.1761426574e+00 -4.7831065288e-01   -2.0663225376e-01 -2.8066092287e-01  6.2808930262e-02    2.4414062500e-04
-7.1120203568e+00 -5.9370822801e+00 -4.7800771793e+00   -8.9555925916e-02 -8.9409696163e-03  2.1327073379e-02    2.4414062500e-04
 2.5508050231e-01 -2.0945577479e+00 -5.0032886103e-01    1.5971832976e-02 -3.5018132628e-01  2.6759856081e-01    2.4414062500e-04
 1.0171690655e+00  3.6357058969e-01  1.5116164175e+00    1.9408811436e-01 -4.0690568307e-02  1.8673339015e-01    2.4414062500e-04
 1.3170405089e-01 -8.9376910170e-03  1.1250633817e+00   -4.5242785834e-02  3.2981749400e-01 -3.6587322722e-01    2.4414062500e-04
 2.0550419617e+00  1.5277263408e+00  7.2128507235e+00   -5.0075804972e-02  1.1260200588e-01  4.1669353398e-02    2.4414062500e-04
-4.7370581717e-02 -3.6299610116e-02  1.0754041761e+00    4.0135598996e-01  1.4282069235e-01 -3.0489433927e-01    2.4414062500e-04
 7.1681699914e-01  3.4290767920e+00  1.1312166791e+00    1.2405570957e-02 -8.5608905813e-02 -1.9047153766e-02    2.4414062500e-04
 9.3183452183e-01  2.4990299868e-01 -1.0460026202e+00   -1.4940676481e-01  2.9943796868e-01 -2.6728650707e-01    2.4414062500e-04
 7.6700711123e-01  8.5114849104e-01 -1.3980158529e+00   -1.0347710461e-01  1.4926816970e-01  6.8563519925e-03    2.4414062500e-04
-1.1311013559e+00  2.7004197703e+00  3.0573696992e+00   -2.5101512448e-01  5.4401642818e-03  1.2744372362e-01    2.4414062500e-04
 1.8965396502e+00 -2.6561599925e+00 -3.6391612728e+00    1.3375685864e-01 -7.1257824718e-02  8.1602043839e-02    2.4414062500e-04
-1.1064839942e+00 -1.0665197458e+00 -2.6099476173e-01    6.5102074910e-02  2.2517900483e-01  3.6461926627e-02    2.4414062500e-04
 5.3197687703e-02 -1.5371131685e+00 -1.7464154356e-01    1.5937145503e-01  2.0320715597e-01  7.8068054908e-02    2.4414062500e-04
-1.0332290813e+00 -1.3302395091e+00 -1.6137596535e-01    3.6134904767e-01  7.7754506475e-02 -7.3039882435e-02    2.4414062500e-04
-2.5374432313e-01 -2.3763970962e+00 -1.1668431289e+00   -7.8651758464e-02 -2.5861988539e-01 -1.4865641916e-01    2.4414062500e-04
-9.7416571162e-01  1.3778784450e+00 -2.4505712508e+00    4.2222952505e-01 -3.6817358440e-02  1.5898313886e-01    2.4414062500e-04
 2.1731648848e+00 -3.5765512834e-01  3.5226375088e+00    2.2996970129e-01  1.9692825046e-01 -2.7987432120e-01    2.4414062500e-04
 1.0659982752e+00  4.0806024715e-01  1.7432755495e-01   -2.8810936745e-02  1.5624026987e-01 -5.3476406212e-02    2.4414062500e-04
-1.2762108467e+00  2.8197713217e+00  1.3356542167e+00    1.2608910841e-02  8.2957597709e-03  2.6382662793e-03    2.4414062500e-04
-1.0917969061e+00  7.6587233772e-01 -4.9513718777e-01    9.3731861957e-02 -7.5605206825e-02  3.9454075210e-02    2.4414062500e-04
 1.2482635857e+00 -9.8895256241e-01  1.4956723140e-02   -3.9680361112e-01 -1.1508822284e-01 -1.7018887581e-01    2.4414062500e-04
-2.8359786107e-01  2.7564206314e-01 -4.7103336999e-01    2.7471682966e-01 -1.3974973698e-01 -4.0492947362e-01    2.4414062500e-04
 6.8845683324e-01 -1.4219329964e-01  2.3324206785e-01   -1.7864440004e-02 -4.4745136149e-02 -8.2304258507e-02    2.4414062500e-04
 1.7369548196e+00  1.1137340306e+00  1.0863225339e+00   -1.1346615636e-01  2.2288200751e-02  8.9546472957e-03    2.4414062500e-04
 1.8666282316e-01 -5.6069158779e-01  2.1401503310e+00   -2.1551658791e-01  1.9324548823e-01 -1.4084496789e-01    2.4414062500e-04
 1.3235354545e+00  8.0489522372e-01 -1.9178968404e-01   -2.9696875766e-01  1.3253351496e-01 -2.0779766869e-01    2.4414062500e-04
-2.7254431661e+00  1.3228948410e+01 -1.1759611393e+01   -7.9357004318e-02  2.8098074679e-02 -5.3979292214e-02    2.4414062500e-04
-5.5394473184e+00  5.3119975833e+00 -6.1127166437e-01    1.8276682525e-02  4.3210655460e-02 -4.3790395801e-02    2.4414062500e-04
-3.4466048205e-01  1.4784516279e+00 -3.1650715279e+00    3.9041141985e-01  8.6882293543e-02  3.6943284435e-01    2.4414062500e-04
 1.2926659280e+00 -5.1254826498e-01 -2.7715766341e-01    2.2332133841e-01 -3.2723575238e-01  1.8063314572e-01    2.4414062500e-04
-4.9872374125e-01 -8.1803142129e-01  1.7832498115e+00   -3.7446622840e-01 -4.5685287290e-01  4.0946549196e-01    2.4414062500e-04
 2.4392546409e+00 -1.7366131953e+00  5.6463191193e-01    3.2630165243e-02  9.9423009576e-02 -3.6198802571e-02    2.4414062500e-04
 5.0895906232e-01 -5.0488645570e-02 -4.4859743622e-01    1.2112205286e-01 -2.9792376865e-02  8.9424573758e-02    2.4414062500e-04
 5.6420490517e-02 -1.0203647954e+00 -1.3384870656e+00   -1.0561890051e-01 -2.5314658337e-01 -3.1787363218e-01    2.4414062500e-04
 4.2208387239e-01  6.8051229355e-02 -1.5036789614e+00   -1.6080905086e-02 -5.9511721576e-02 -2.7926809611e-02    2.4414062500e-04
-2.2525101316e-01 -6.2290812604e-01 -7.9388929343e-02   -3.2499638094e-02 -3.5802158470e-01  4.9049143581e-02    2.4414062500e-04
-1.3636799175e+00  1.7647866840e+00  9.4304517814e-01    1.4025316158e-02 -1.4252608493e-01  7.2939755477e-02    2.4414062500e-04
 3.9333787074e+00 -2.5704112747e+00  4.7652980789e+00   -1.0962034854e-01 -1.0932350576e-01 -5.3845796285e-02    2.4414062500e-04
 1.5106414908e+00  1.1834069981e+00  1.1186287807e+00    1.6338000030e-01 -2.9743428562e-02  2.0790134998e-02    2.4414062500e-04
-1.1726919927e+00  5.4186820535e-01  4.6658456902e+00   -1.0806441305e-01 -4.4103994087e-02 -3.4595956460e-01    2.4414062500e-04
-1.3627781185e+00 -1.5205842486e+00 -3.1173204028e+00   -7.5925595374e-02  7.1182299273e-02  8.6130042945e-03    2.4414062500e-04
 1.3161494815e+00  2.6745596792e+00 -5.5166934275e-01    5.6245669684e-02 -1.8046249144e-02 -8.6364574523e-02    2.4414062500e-04
 8.4791868464e-01  1.9645575393e+00  1.0706220569e+00    1.8626370655e-02  1.9221946896e-02 -1.6576145844e-02    2.4414062500e-04
 4.3623790193e-01  1.8883210647e+00  1.5122010251e-01   -3.5551405519e-03 -8.6853059166e-02  3.7789762514e-02    2.4414062500e-04
-1.6172052319e+00 -4.4932923884e+00 -6.6066693762e-01    4.2653895406e-02 -1.0404820279e-01 -7.3691762448e-02    2.4414062500e-04
-1.5554937048e+00  5.4709080661e-01  5.3113412975e-01   -4.1474057142e-02 -1.7979163051e-01 -3.1013253176e-01    2.4414062500e-04
 4.6472144934e-01 -4.1800127297e-01  1.8143709249e-01   -4.5851373048e-02  3.8710094613e-01  4.0341670092e-01    2.4414062500e-04
 2.5059656379e+00  2.1760110270e+00 -6.4805473499e-01   -7.1532525568e-02 -4.4887080067e-01 -1.4547800488e-01    2.4414062500e-04
-1.8506696959e+01 -8.5652395015e+00  1.8126663323e+01    3.1109623452e-02 -8.9039858655e-02  2.6929133127e-02    2.4414062500e-04
-8.5788598180e-01  3.9160436979e+00 -1.0932254410e+00    4.4949411363e-01 -1.5675115769e-01 -1.2228215844e-02    2.4414062500e-04
-1.4151095500e+00  1.1298422099e+00 -1.5267576449e+00   -4.3269325024e-02 -2.0129434436e-01  1.8771830455e-01    2.4414062500e-04
-1.4112216140e+00 -1.0648642883e+00  5.8947650959e+00    1.7838431988e-02 -7.4266376882e-02  2.1573614543e-02    2.4414062500e-04
-1.5904948792e+00 -3.1254125471e+00  5.1261448529e+00   -1.8004434194e-01 -1.1060043366e-02  2.9652220014e-01    2.4414062500e-04
-6.5299688076e-01 -2.3697028526e+00 -6.5682981726e-01    1.4351904732e-01  8.9837381563e-02  2.6829482976e-02    2.4414062500e-04
 1.3730494384e+00 -1.4504808125e+00 -2.4879413815e-01    2.0675131598e-01 -1.7443076826e-01 -7.3681868438e-03    2.4414062500e-04
-6.5450232361e-01 -1.1131306719e+00  3.1967767789e-01    1.6859806772e-02 -2.6140189232e-03  1.5312209815e-01    2.4414062500e-04
 3.3647545834e+00  2.5273087987e+00 -3.7711899577e-01    1.5189125092e-01  3.1021349218e-01  2.0504778372e-01    2.4414062500e-04
-5.8306085462e-01  1.0734910768e+00  5.7849959892e-01    2.2765179660e-04 -5.0021445437e-01  8.0399532895e-02    2.4414062500e-04
 1.5011495728e+00 -5.4797291665e-02  8.2651234052e-01   -1.6292982744e-01 -7.8138326845e-02  3.7547212588e-01    2.4414062500e-04
-3.1553954224e-01  3.2177616786e+00 -7.3489571784e-01    2.3756596858e-01  2.7823570634e-01  7.5210616155e-02    2.4414062500e-04
 9.1372206709e-01 -2.5532143620e+00  1.7542354012e+00    1.9060964480e-02  1.9140741841e-01  1.7536729918e-01    2.4414062500e-04
 1.3849912137e+01 -2.3530653938e+01  8.7420162021e+00   -3.4727030390e-02 -7.0811369452e-02 -9.8052291080e-03    2.4414062500e-04
-3.6777272224e-01 -4.2601906783e-01  8.3147049398e-01   -2.5205497026e-01  8.7163322508e-02 -2.2391215938e-01    2.4414062500e-04
-7.4487549408e-01  3.2542870803e+00  6.7560834868e-01   -8.9014121663e-02  1.9386459574e-01 -1.9435883865e-01    2.4414062500e-04
 2.1437059944e+00 -2.2510608070e+00  1.2448544665e+00    4.3307317932e-02 -8.6605641466e-02 -5.0467623520e-01    2.4414062500e-04
 2.0062150655e+00  3.1170094615e-01 -1.6376004712e+00   -2.6173358118e-01 -1.5639813332e-01  9.2222337090e-03    2.4414062500e-04
 1.7762917690e+00 -2.4097565130e+00 -6.2881689310e-01    2.0177329563e-01 -2.6486665965e-01  2.4892450963e-01    2.4414062500e-04
-1.7721990237e+00 -2.9530781799e+00 -1.1465184218e-01   -1.1988484544e-01 -1.1485570438e-02 -2.2746871119e-01    2.4414062500e-04
-3.9608124897e+00  7.0994010819e+00 -7.8289797790e+00    4.1579520488e-02 -9.8030568573e-02  8.6741818179e-02    2.4414062500e-04
 1.2001155091e+00 -8.9008615257e-01  1.6260013683e+00    2.5148015745e-01  2.0731469328e-01 -1.0456485550e-01    2.4414062500e-04
 5.9983027762e-01  1.0115413967e+00  1.5570421500e+00   -4.3709509654e-01  3.5365493847e-02 -3.1247511388e-01    2.4414062500e-04
-3.1139736592e-01 -1.0061933099e+00  1.1879342483e+00    9.2505456063e-02 -4.6654590124e-02 -8.8733377471e-02    2.4414062500e-04
 4.9756284556e-01 -7.2033133075e-01 -4.7522366493e-03   -4.1608997670e-01 -3.9719490080e-01 -2.3448871594e-02    2.4414062500e-04
-2.3476303236e+00  4.1511738822e+00 -4.8492608400e-01    1.2437677045e-01 -1.8214116753e-03  1.4445810767e-01    2.4414062500e-04
 1.5268962425e+00  8.1615084009e-01 -9.2896445224e-01   -1.5638126170e-01 -2.7686394266e-01 -4.9141643825e-01    2.4414062500e-04
 2.0318856601e-01  2.6393225005e+00  1.1454197671e+00    1.0594451174e-01  5.3339452363e-02 -5.9895346059e-02    2.4414062500e-04
-1.5643756690e+00  3.2162384223e+00  5.2201237271e-01   -3.5906164442e-01  6.4706672190e-02  3.8309664084e-01    2.4414062500e-04
-1.3020223554e+00  1.1916143268e+00 -7.2397860702e-01   -8.8286018609e-02  2.9130582363e-01 -3.1249121131e-01    2.4414062500e-04
-2.4648187473e+00 -4.9214019760e-01 -1.4358892108e+00   -4.7642067317e-01 -3.9897187175e-02 -4.7396819464e-02    2.4414062500e-04
 2.5146204269e+00  4.6240630534e-01 -4.4771133484e-02   -3.2675962968e-01  2.8713413197e-01 -6.0266623168e-02    2.4414062500e-04
-3.6443055649e-01 -3.0296566918e-01  1.4175604841e+00   -7.7234148678e-02  3.8647067655e-01 -2.8302394872e-02    2.4414062500e-04
-4.0857021393e-02  1.1167816076e+00 -1.2121717687e+00   -2.9696212500e-01 -5.6579424562e-01 -1.3506245886e-01    2.4414062500e-04
-1.0173520233e+00 -4.1373634836e+00 -3.5255348811e+00   -2.2236929484e-01 -2.0505613940e-01  8.9712488121e-02    2.4414062500e-04
 3.9199131281e-02  2.7576242242e+00  1.0279462492e+00   -2.2798119371e-02 -2.0674031240e-03 -3.5453133828e-02    2.4414062500e-04
-9.1314787550e-02  2.0871058688e+00  9.1670147357e-01   -6.7860184657e-02 -1.0513304335e-01  3.5667564754e-02    2.4414062500e-04
 4.3068322487e-01  2.6635171231e-01  9.8590970913e-01    6.7563241504e-02 -3.5121309885e-02  3.6758502654e-01    2.4414062500e-04
-9.7128151826e-01 -2.1595604447e-01 -4.8462305738e-02   -1.0432566829e-01  1.3763366242e-02  2.7071074986e-02    2.4414062500e-04
 1.8336576096e-01 -8.9483385717e-01 -1.7224377844e+00   -1.8767591499e-02  1.2713612252e-02  6.3836406057e-02    2.4414062500e-04
 1.9879891249e+00  2.0884474269e+00 -1.9271249299e+00    1.1927054129e-01  9.0934620005e-02  1.1118814535e-01    2.4414062500e-04
-1.1831783041e-01 -9.3858734132e-01 -4.5667186158e-01    1.9502045039e-01 -8.8818262713e-02  2.7268770045e-01    2.4414062500e-04
-2.3460193976e+00 -1.2994245104e-01 -2.7592355093e+00   -3.8343011902e-02  1.3234111556e-01 -1.4274627467e-01    2.4414062500e-04
 3.2656966267e-01  6.8254932808e-01 -2.2721863016e-01    3.9330068709e-01 -2.7765105705e-01 -1.7065001813e-01    2.4414062500e-04
 2.1204896724e-01 -2.6643745747e+00 -1.3622466128e+00   -3.1432296450e-01 -2.0717287117e-01 -6.3853039835e-03    2.4414062500e-04
 1.3145467619e+00 -1.3331553756e+00 -6.4840389831e-01   -4.0687276219e-01 -5.2484334166e-01  1.1896135510e-01    2.4414062500e-04
-5.6235778594e-01 -2.6782556213e-01 -1.1045699543e-01    1.5876471673e-01 -1.9613077258e-01 -6.0331151377e-01    2.4414062500e-04
-4.1051396711e+00  2.7283484203e+00  3.4858207310e+00    9.8725826808e-02 -2.2700621727e-02  7.8975867230e-02    2.4414062500e-04
-1.4943834992e+00  1.1846370562e+00 -5.7796584462e-02   -1.6167216282e-01  3.5314167805e-01  4.7867563079e-02    2.4414062500e-04
 2.8015470289e+00 -1.3743678984e+00  1.0961942642e+01    9.5228185837e-02 -1.3735284619e-01  1.9249533993e-02    2.4414062500e-04
 3.9825744776e-01 -1.1626111160e-01 -4.0669329646e-01    7.2744373138e-02  1.4062012096e-01 -1.2217645743e-02    2.4414062500e-04
 3.0299237520e+00 -9.5175894752e-01 -3.4009961546e+00   -1.0592678257e-01  1.8257890795e-01 -1.5885604005e-01    2.4414062500e-04
 1.3323364541e+01 -1.5659272481e+01 -5.3713308764e+00   -5.6540957670e-03  9.6658369846e-03  4.2577985330e-04    2.4414062500e-04
-2.2839858996e+00 -3.9748565107e-02  7.1499036277e-01    4.6955346779e-02 -4.2844475887e-02  7.1806102892e-02    2.4414062500e-04
-7.0411168070e-01 -2.7642591246e+00  6.6756824975e-01   -7.1928546150e-02  5.5657548214e-02 -7.6188824095e-02    2.4414062500e-04
 1.7570791918e+00  2.8109973256e+00  3.9771864729e-01    1.8058888914e-01 -1.1330851111e-01 -1.3026266045e-02    2.4414062500e-04
-1.3172137164e+00  5.6715958282e-01  3.4907677916e-01   -1.5658460105e-01  2.9991495890e-01 -2.0222796839e-01    2.4414062500e-04
 1.2428855106e-01 -3.6867395506e+00 -2.0822009938e+00   -3.8389895673e-01  1.4851954559e-01 -1.5944778885e-01    2.4414062500e-04
 4.6509267607e+00  1.9562032124e+00 -1.7471288030e+00   -4.6126169463e-02 -8.6073692245e-02  1.2823237988e-01    2.4414062500e-04
-4.6356316297e+00  3.9342570268e+00 -3.9614609295e+00   -1.7166828798e-01  3.5361885462e-03  3.6344671658e-02    2.4414062500e-04
 3.2491347767e+00 -1.2740544020e+00 -1.4403167029e+00   -4.6136539205e-02  2.7132496549e-01 -9.2331965608e-02    2.4414062500e-04
 1.0997390860e+00 -1.2508959047e-01 -5.7890264635e-01    2.7290604055e-01 -1.9143872865e-01  3.5917996984e-02    2.4414062500e-04
 4.4249226058e-01 -9.7749279880e-02 -9.6046858497e-01   -1.0056948656e-01 -5.5814461441e-01  7.3460668615e-02    2.4414062500e-04
 1.3002144695e+00  3.8092530302e-01 -1.6440067727e+00   -1.4680189518e-01 -2.6363224108e-02  5.5104814957e-01    2.4414062500e-04
-2.1826814930e+00 -2.6171672772e+00 -2.3524126115e-01    4.0039714750e-02 -2.4555421499e-01  1.7283000873e-01    2.4414062500e-04
 3.2130444931e-01  1.3568753555e+00  8.8762334057e-01    1.6467219316e-01  9.7363056322e-02 -6.9134305359e-01    2.4414062500e-04
 3.4634063948e+00 -1.0427499444e+00  8.5474869757e-01   -1.5977487844e-01  1.2642334585e-01 -1.8866695480e-01    2.4414062500e-04
 2.3858720646e+00 -1.4936205145e+00  1.5997542315e-01   -2.4644947487e-01  2.4165028538e-02 -2.8753918183e-02    2.4414062500e-04
 6.3228231434e-01  3.1454073265e-01 -2.9295365233e+00   -3.8089697379e-01  5.4609804369e-02 -1.9597724859e-01    2.4414062500e-04
 3.5893668768e-01 -2.9659161203e+00 -8.9730936758e-01   -1.4219228279e-01 -6.9966889208e-02  5.2697053049e-02    2.4414062500e-04
 1.6591995024e+00 -2.5695900492e+00  5.1537572798e+00   -2.1493711547e-01  2.7677719854e-01 -1.2138775307e-01    2.4414062500e-04
-1.9874563569e+01  6.9846155158e+01 -3.6609012544e+00   -3.3016000863e-03 -8.2360322511e-04 -3.2986205155e-02    2.4414062500e-04
 1.4162202581e-01 -2.1000242713e-01  9.4145473431e-01    2.6364075455e-02 -6.7541393570e-02 -6.1582467748e-02    2.4414062500e-04
 1.0216161353e+00  5.4326396355e+00  3.8381992534e+00   -7.2866030357e-02  1.8994379272e-02 -1.6631511327e-02    2.4414062500e-04
 5.3648893305e+00  1.2389806859e+01 -1.0194039000e+01   -1.2726188991e-02 -2.1626113282e-03  2.0229861875e-02    2.4414062500e-04
-4.9507621795e-01 -1.4287899442e+00  4.0803496600e-01    2.5446117111e-01 -1.3069715776e-01 -3.1701691349e-01    2.4414062500e-04
 4.3409827135e-02 -7.7199758522e-01  3.9300764401e-01   -3.8241027151e-02  3.7872151406e-02 -4.4303623224e-02    2.4414062500e-04
 4.7121418556e-01  9.6308429298e-01 -1.0528710178e+00   -1.3401893169e-01  2.8169302937e-01 -5.4862119409e-01    2.4414062500e-04
-1.0355076655e+00  1.7506831053e-01  1.7858390297e+00    5.1117714503e-03  1.1252832441e-01  7.6621281774e-02    2.4414062500e-04
 2.5335542541e+00  2.2403862285e+00  4.3157423503e-01   -5.7205113893e-02  5.3767013836e-02  7.6489492955e-02    2.4414062500e-04
 8.4223557862e-01  2.5922111362e+00  8.6540939949e-01   -2.5541724793e-01  1.2760777280e-01  4.0415451425e-01    2.4414062500e-04
-8.3920251991e-01  5.9132366048e-01  1.0660612763e+00    2.7055256258e-01  1.8164718014e-01  1.9947662560e-01    2.4414062500e-04
-4.6374962941e-01  8.2763269965e-01  3.1175230603e-01    6.7601845688e-02  7.5574796887e-02  5.8621980959e-02    2.4414062500e-04
-4.4238124327e-01 -4.4230034926e-02 -2.9030065243e-01   -2.8342958083e-01 -4.1105224327e-01 -3.0273473782e-02    2.4414062500e-04
 9.0489779062e-01  3.9024126641e+00 -1.5333608642e-01   -8.9277927418e-02 -4.7787577507e-02 -2.0588574023e-01    2.4414062500e-04
 1.3713199582e+00 -2.0206245944e+00 -8.2194761492e-01   -6.7311503618e-02  6.6078633973e-02 -1.4424165436e-01    2.4414062500e-04
 9.4275165800e-01  1.5058907280e+00  5.0096853003e-01   -1.9234685116e-01  4.8276568194e-02  5.6332096218e-02    2.4414062500e-04
 7.2777284180e-02 -5.7565523373e-01  2.5902535753e+00   -5.0791744807e-02 -6.2256815574e-02 -7.2528879604e-02    2.4414062500e-04
 1.3705903379e+00  4.9491163165e-01  3.7171032245e-01    3.0396373578e-02 -1.5857376584e-01 -1.2152316650e-01    2.4414062500e-04
 1.2266717598e+00 -3.2872141511e+00 -7.8892865882e-01    2.0651661482e-01 -4.7388809367e-01  3.5407250357e-02    2.4414062500e-04
 1.5125965638e+00 -1.0173950101e+00  9.4249245329e-01   -1.5111978221e-01 -2.9103060590e-01 -2.1120460198e-02    2.4414062500e-04
 1.8939169970e-01 -6.1318496431e-02  2.8335598569e+00    1.3456757243e-01 -1.0230747028e-01  1.7981612791e-01    2.4414062500e-04
-7.2830865422e-01 -1.0465473199e+00  1.3162727446e+00    2.9418481868e-04 -4.1433371162e-01 -4.1712405742e-01    2.4414062500e-04
 2.7255630881e+00  2.7373529933e+00  2.2661826644e+00    1.2424432029e-01  3.7723744250e-02  3.5487302796e-01    2.4414062500e-04
-7.2669348114e+00  2.3824600804e+00 -2.0330008560e+00   -2.8211715912e-02  9.4594939232e-02  2.4841701580e-02    2.4414062500e-04
 3.6743879319e-01 -5.5643326026e-01 -2.0907464114e+00    5.8597197345e-02 -2.1789873908e-01 -1.7615389821e-01    2.4414062500e-04
 6.9981123458e-02  2.2634273090e+00  3.5372231278e+00    2.9483517272e-02 -3.7965608090e-01 -2.0065411387e-01    2.4414062500e-04
 7.2719976970e-01  1.8334198151e+00  4.6201184700e-01   -1.1475569562e-01  5.0662303768e-02  2.1724786210e-02    2.4414062500e-04
 1.2396338254e+00 -6.9040297475e-01  4.9323848004e-01   -2.5212381903e-01 -3.2125833986e-01 -3.5922559362e-02    2.4414062500e-04
-2.6057454605e-02 -1.0291117799e+00 -1.2190998452e-02    3.5345365039e-02  3.9960339431e-02 -5.1247633914e-02    2.4414062500e-04
 2.2840092660e+00 -2.4548410233e+00 -1.2698132518e+00    1.1800634239e-01  1.0410407400e-01  5.4947097744e-02    2.4414062500e-04
-1.3459297487e+00  7.0716848318e+00 -9.3982165378e-01    6.9242998789e-02 -2.6364232234e-01  2.3102730233e-01    2.4414062500e-04
-2.3541833022e-01 -1.3357362054e+00 -1.1137051208e+00    3.5147276642e-01 -1.5288722551e-01 -2.1103174559e-01    2.4414062500e-04
 2.9354628863e-02  2.3854753120e+00  6.0493158136e-01    2.5392819599e-01 -2.0286162562e-01  1.3461015412e-01    2.4414062500e-04
-2.2151844391e+00  1.0478440160e+00  6.5036782745e-01   -1.8342975493e-01  1.6020344966e-01  1.6630481117e-01    2.4414062500e-04
 2.1619139323e-01  1.4915732965e+00 -6.7725631430e-01    4.3151483002e-02 -1.9520730155e-02 -1.9388911652e-02    2.4414062500e-04
-9.2556662433e-01  2.6285765660e-01 -6.3987605160e+00   -1.6770584931e-01 -1.5230455164e-01 -1.1348165257e-02    2.4414062500e-04
-1.8535605955e+00 -1.9174023642e+00  1.7399195288e+00   -5.0283821348e-02 -6.1844768275e-02  1.2400275285e-01    2.4414062500e-04
-3.2522882653e+00  2.5188647964e+00 -1.8079565909e+00   -2.5542667888e-01 -4.4122938485e-02 -4.0993021819e-02    2.4414062500e-04
-4.0399895170e-01 -2.8512411802e+00  2.6107111562e-01    3.3626459094e-01  9.0789788651e-02 -1.1088049607e-01    2.4414062500e-04
-7.6279980606e-01 -1.8558649556e+00  2.2882831625e+00   -1.4409281861e-01  5.0286362451e-01  1.1717106863e-01    2.4414062500e-04
-1.9506389413e+00 -1.1257923099e+00 -3.0906922715e+00   -9.5793701924e-02 -3.4735292010e-02  8.3968812362e-02    2.4414062500e-04
-4.5622158577e+00 -8.0880905027e-01 -1.1688949217e+01   -5.4118301867e-02  5.5222102087e-02 -1.6446026178e-01    2.4414062500e-04
-4.8567939109e+00  2.1387186583e-01 -1.0030809294e+00    1.7436103943e-01  3.1232786834e-01 -3.2770185569e-01    2.4414062500e-04
 2.3248883430e+00 -2.1483163291e+00  1.7171166719e+00   -3.1417111438e-01 -5.9741981351e-02 -1.8704429868e-02    2.4414062500e-04
 3.6506874270e+00  9.9062211103e-01  3.1871468812e+00   -2.9526702950e-01 -1.6583768732e-01 -1.5788716689e-01    2.4414062500e-04
 5.6160470266e-01 -1.6094540949e+00 -1.6053931259e+00   -1.1670375997e-01  1.2534907306e-01 -2.3186036760e-02    2.4414062500e-04
 5.8901747170e+00  5.3982947925e+00  3.3896126828e+00   -2.6848756721e-02  7.4377653585e-02  2.7060181717e-02    2.4414062500e-04
 9.4092805603e-01  1.1016887672e+00  5.9422043539e-01    3.8521254914e-01 -4.0171008584e-02 -2.2188431684e-01    2.4414062500e-04
 4.7276373864e-01  2.5301287421e+00  1.6217462940e+00   -5.4787311306e-02  1.3949372512e-01  1.7276530759e-01    2.4414062500e-04
 7.8327312495e+00  7.7461016358e-01  1.8587086115e+00    1.7891510001e-02 -1.5810087643e-02  2.1663036128e-02    2.4414062500e-04
-4.1586390545e-01  7.4250440462e-02 -9.5034367441e-01    4.4171803788e-01 -5.0714634667e-01  2.9025409613e-01    2.4414062500e-04
 1.3646190559e+00  2.8637251456e-01 -6.4559984814e-01    4.8808307970e-01 -3.6492616165e-01 -1.5899277797e-01    2.4414062500e-04
 1.3403589965e+00 -9.4667708497e-01 -1.6870626296e+00   -3.1588484995e-02 -3.8969800886e-01 -2.9783884320e-02    2.4414062500e-04
-3.4452994133e+00  2.5543048623e+00 -6.4209156224e+00    3.4823349762e-01 -8.6590552196e-02 -1.3438388480e-01    2.4414062500e-04
-1.2322652554e-01 -2.0208830566e+00  2.9708953282e-02   -1.7059793654e-01  3.4632442418e-02 -3.3028473289e-01    2.4414062500e-04
 2.3064222063e+00  7.2607052573e-01  3.6443373622e-01   -2.6364236114e-02  2.3988733475e-01  3.7281398104e-02    2.4414062500e-04
 3.3242332837e-01  1.9159119255e-01 -9.8282911442e-01    1.9170452766e-01 -3.6694723639e-01 -8.0007352520e-02    2.4414062500e-04
-1.0484888744e+01  1.0126954583e+01 -5.5632783263e+00    3.1444353052e-02  9.7832010164e-02 -1.1286367182e-01    2.4414062500e-04
 1.7054042141e+00 -3.0452422112e+00  2.9754670669e+00    2.3361938349e-02 -1.0579059013e-03 -3.6822308859e-02    2.4414062500e-04
 1.2960891698e+00 -6.9070933476e-01 -2.8837648966e+00    2.9906319141e-01 -4.5820109787e-02  1.5206524736e-01    2.4414062500e-04
 1.4384641761e-01  4.6338434180e-01 -3.4996753005e+00   -2.5399532255e-01 -2.1859954538e-01  2.4227646539e-02    2.4414062500e-04
-1.0968332052e+00  1.3125382204e+00 -2.9032473006e+00   -4.3729278779e-01  6.6544842371e-02 -6.3957229762e-02    2.4414062500e-04
-1.4490314879e+00  4.6478168407e+00  2.4298982786e+00   -1.9729509781e-01  1.7964122205e-01 -2.6403792669e-04    2.4414062500e-04
 2.3494496513e-01 -1.8899866092e+00  1.3352494178e+00   -1.5871473115e-01  2.1993263240e-01 -9.0119301777e-02    2.4414062500e-04
 2.2162926468e+00 -7.4056640187e+00 -3.1783415784e+00   -2.4025963702e-01  9.6808863798e-02 -1.0017557399e-01    2.4414062500e-04
 7.6040081982e-02 -9.8899490390e-01 -1.1779763989e+00   -1.9460390287e-01 -2.4188465793e-01  2.3447677301e-02    2.4414062500e-04
 6.7864499770e-01 -7.4480640064e-01 -9.9745122291e-01   -9.9935956497e-02  1.0365525189e-01 -2.1331095668e-02    2.4414062500e-04
 2.9275678414e+00  4.0953835619e+00 -3.2405950380e+00   -8.3643428988e-02  1.0186095562e-01  2.3367848861e-01    2.4414062500e-04
 1.4711462717e+00 -9.1397279977e-01  1.1518075937e+00    2.3159032633e-01  2.1770196722e-02  1.4486859984e-01    2.4414062500e-04
 6.4960626505e-01  1.5303569413e+00  9.0929916695e-01   -5.0599137089e-02  1.6694415005e-01 -1.0933551547e-01    2.4414062500e-04
 1.1094206603e+00 -1.2553491760e-01 -5.3931338934e-01   -3.8064335369e-01  2.2932412938e-01  2.0355137198e-01    2.4414062500e-04
 2.9225174745e+00  3.9622775267e-01  4.6301816194e+00   -5.3664531373e-02  1.8466246908e-01  9.6417094037e-02    2.4414062500e-04
