# 球形星团 N=4096, Plummer-like 分布 (r<=2), M_total≈4101.6, 质心&总动量已归零
-0.16908971  1.26897296  0.60761662   -0.25816838 -0.14167275  0.07693232   1.25907
-1.63744496 -0.29615216 -0.53302919    0.16101825 -0.02432593 -0.24649004   1.11212
 0.26987979  1.34086026  1.37753839    0.20046005  0.21561262  0.04194004   0.91891
 1.65050846  0.66194222 -0.02379085   -0.22867338 -0.13211940 -0.14651409   1.26718
-1.74579377  0.09531340  0.67604641   -0.03083698  0.05264563 -0.29153889   0.83316
-0.15436864 -1.47076210 -0.78071360    0.22544419  0.16970186  0.09414876   1.18888
 0.15494083 -1.06182260  0.95215431   -0.05129903  0.04646920 -0.29002356   1.22396
-0.97789945  1.41114438 -0.14404488    0.10224090 -0.23574727 -0.14925016   0.91765
 0.23386015  0.37256770 -1.77413663   -0.26655307  0.14454886  0.02171520   0.84495
 0.51708588  1.53574828 -0.74472020   -0.29541267  0.07273044  0.00012880   1.15853
 0.89032169 -1.42992915  1.08997973    0.13392262 -0.01082288 -0.26338558   1.24992
 1.18585546 -0.53128569  0.74451426    0.21779998 -0.13699103  0.15051773   1.29453
 1.24733341 -0.74199453  0.36115650   -0.12511691 -0.27462222  0.00620591   1.01304
 0.95974201 -0.82324566  0.15656794   -0.01548049  0.22443956 -0.19612250   1.29508
-0.95885113  1.67198013 -0.09660044   -0.20625831  0.00032904 -0.21929403   1.25921
-0.55044583  0.80344513 -1.08559061    0.08406812  0.19276162  0.21478159   0.90808
-0.59392452  0.00667804 -1.55203736    0.03207373  0.22825614  0.19383110   0.71927
 0.30184419  0.26217487  1.91092480   -0.06332664  0.14312324  0.25959051   0.71710
-0.63588558 -0.26600065  1.11852537    0.00349023 -0.29351252  0.06423928   0.74284
 1.52185643  0.29738240  0.28983392    0.11873108  0.04643864 -0.26698900   0.92804
 1.22187109 -1.03211720  1.13367813    0.10772144 -0.21480813 -0.17429723   0.79546
 0.75176205 -0.60972649 -0.49322369    0.02487530 -0.29636920  0.03892927   1.13705
 0.42230626  0.52763825  1.87332369    0.10367647  0.19166444  0.20653525   1.06493
-1.34633205 -0.43284303 -1.33833328    0.21763431  0.12617334  0.16005568   0.98443
 0.27921307  1.30999064  1.41135460   -0.28641988 -0.02345213 -0.09689567   0.71433
-1.23525101 -1.04676495  0.02118142   -0.07151261 -0.27543910  0.10077096   0.71894
-0.08394304  1.41880910  0.45863260    0.29525255  0.01486449  0.00352837   1.17203
 0.21910299 -1.61765040 -1.07252300    0.25229289  0.11867550  0.10278088   1.29390
-0.27784594  0.93065519 -0.71398980    0.11001162  0.00405291 -0.27469092   1.29081
 1.17614045  1.03695504  0.36992963    0.20183930  0.05584042 -0.20799109   1.11092
-0.53211724  1.90527295 -0.03575180    0.13615707 -0.19650047  0.18050239   1.00631
-0.36900420  1.87611252  0.31808870   -0.26487978  0.09880423 -0.10861824   0.84723
-1.77806940  0.12992921 -0.64696014   -0.13332048  0.26900708 -0.02901494   1.21625
-0.30429130  0.98841600  0.87829594   -0.01344114  0.14815439 -0.25808294   0.75962
-0.60018545  0.52725456  0.51168852   -0.16439603  0.17408327 -0.18200195   1.22076
 0.58527332 -1.85416075  0.28159211   -0.02628416  0.18736665 -0.23064006   0.87456
-1.49480087  0.57329478 -0.46352962    0.04287071  0.15425078 -0.25030690   0.90401
-0.78545735 -0.37634885 -1.30246396    0.20394383 -0.19969017  0.08466691   1.14424
 0.69434401  1.09190349 -0.06163439   -0.26742858  0.12824824  0.06858667   1.14700
-0.47400763 -0.01523846  0.13309665   -0.17375826  0.24728818 -0.00966859   0.82370
 0.49923055  0.31557358 -0.72993875   -0.02733920  0.29778039 -0.02549934   0.89100
 1.36773667 -0.12208152  0.82644434   -0.07987242  0.16481504  0.24163696   1.13574
-0.52318676 -1.02955763  0.44686131   -0.30193403 -0.03801275  0.00660281   1.22261
 0.96401039  1.21688758  0.43805300   -0.04626849 -0.24313273  0.17331685   0.86848
 0.32967436 -0.61820236  1.20943663   -0.17054008  0.18797254  0.16708513   1.11020
-1.30835344 -0.64828838 -0.81645114    0.20692347 -0.05732346 -0.20248948   1.02834
 0.97055826 -1.45384479  0.39970933   -0.15621507  0.18604530 -0.17718066   0.83940
-0.63989799  0.51400987  1.16812724   -0.27909201  0.12037768 -0.00347458   0.88156
 1.24125408 -0.93471549 -1.13065139    0.16744185  0.16666656  0.18343423   0.98799
-1.00119112 -0.41354908 -1.48979989    0.05288969  0.11834709  0.27226484   1.13176
-0.66775484 -1.48653006 -0.16241416    0.16636054 -0.00978380  0.24909720   1.06793
-0.18364069  0.52923498 -1.10523582   -0.27800297 -0.11586662 -0.03870310   1.27941
 0.49191024  1.08908286  0.21697059   -0.14150414  0.07678392  0.25814997   1.14741
-0.79561904  0.46553790  0.62451047   -0.28202835 -0.04147496 -0.10317095   0.80737
 0.77170684  0.73868242  0.83967539   -0.11272603  0.25098385  0.12614608   0.99343
 1.52549086  0.85545356 -0.09253255    0.26750613  0.11816696 -0.04334779   0.90094
 1.33903895 -0.04755486 -0.24735397    0.18293453  0.02999287 -0.22979376   1.26289
-1.17821253 -1.44634901  0.14743423   -0.15115144 -0.05412193  0.25860296   1.14008
-0.41109143  1.32451205 -0.53072054   -0.17936062  0.19314427  0.15117516   1.04082
-0.02956034 -0.85017812  1.56882407   -0.18497178  0.23566588  0.04550846   1.29727
 1.52395448 -0.47373131 -0.53244950    0.15959793  0.11275748  0.22710264   0.88650
-0.33790802  0.16870716  0.35290062    0.18646886  0.22898112  0.03635768   0.80058
 0.52111139  0.00665074 -1.26574152   -0.16415320  0.21657439  0.13513093   1.07898
-0.72200625  1.84700115 -0.07171567    0.07212798 -0.00080228 -0.28746469   0.85636
-1.23872846  0.38705241  0.36532715    0.21816328 -0.11607308 -0.16172127   0.77433
 1.00416667 -0.52698539 -1.11012075   -0.28392912  0.06345424  0.09105807   1.02263
 1.36617895 -0.27262078  1.43853285    0.22291906 -0.01151620 -0.19284394   1.13128
 0.64973140  1.29689302 -0.92269077   -0.13094070 -0.07519284 -0.25878465   1.29821
-0.48509228  1.72014002  0.50070819    0.13727277 -0.26047204  0.04841594   1.14740
-0.41327031  0.30115910 -1.40244997    0.01824789  0.14272525  0.26550927   1.02865
 0.86482578 -1.07889790  0.67945156    0.15796984  0.13688171 -0.20928742   1.24269
-0.73223193 -0.98118137  1.34528071   -0.29437774  0.04662911 -0.05840735   1.19273
-0.64153730 -1.67061342  0.62126493   -0.06581643 -0.24594059  0.16307072   0.87881
 1.09733743 -0.16817348 -0.80705542   -0.26737150  0.08792879  0.11706889   0.94340
-1.79731139  0.49658034 -0.44675852   -0.28814898  0.08361667  0.05240533   0.87666
-0.30346032  1.53297861 -1.09446141   -0.00408226 -0.03059247 -0.29582223   1.05693
 0.59565630 -0.92909829 -0.54701762   -0.00448883 -0.28561530  0.09444475   1.21227
-1.60696406  0.55003295  0.76642561    0.04707349  0.27140991 -0.11435136   0.81468
-1.46465878 -0.74171879  0.09825058   -0.27726682 -0.12395500 -0.01042343   0.86860
 0.58964199 -0.50460674  0.88521039    0.25096593 -0.01265140  0.15958794   1.28176
-0.69781287  1.39442155 -0.59837873   -0.23856826 -0.11565816 -0.14496895   0.70325
 1.04228238  0.99909161  0.65506184   -0.12685020 -0.13213405  0.24250051   1.03269
 0.48650750  1.51120565 -0.67046946   -0.12190960 -0.27583743  0.01301804   0.77484
 1.78786015  0.04505747 -0.72332903   -0.19349854  0.21379385 -0.08968100   0.80046
-0.51037794  0.25174868  1.13805530   -0.15579736  0.17824711 -0.18525253   0.78284
 0.65438220  0.45412890  0.62908056    0.19693159  0.12736549  0.18495851   1.25482
 0.54684879 -1.41998365  0.51123199    0.12171456  0.25666454 -0.08802910   0.97966
 0.45137318 -0.85442151 -1.02866719    0.10995695  0.00063064 -0.27474255   0.97234
 1.58994011 -0.42373412 -0.45536352    0.11897142 -0.27017259  0.04504490   0.86343
-0.13524018  1.08263272 -1.48288156    0.09535260  0.24711821 -0.13514918   1.01499
-1.47175910 -1.13652908  0.30389273   -0.29527268 -0.03841924 -0.05987264   0.76730
-0.49674684 -0.30264254  1.24839615   -0.13646194  0.24803628  0.10761014   0.88695
-1.77742442 -0.06802037 -0.82823257    0.20714963 -0.21244184  0.01408459   1.23001
 1.00005091  0.63973735  0.56387239   -0.13408689 -0.11447383  0.24771640   0.88935
-1.69696226 -0.90588075  0.22540129    0.05733841 -0.08633492 -0.27799148   0.87510
 0.89818243 -0.44170048 -1.39608415    0.10256176 -0.25814784 -0.10661728   1.01515
-0.09146352  0.53639478 -0.72140071   -0.20693288 -0.22058305 -0.01529922   0.78731
 1.21694995  0.35944993  1.09059687    0.29355278  0.01721003 -0.02806435   1.11635
 1.54599008 -0.22941998 -1.03693432   -0.13674083 -0.08762541 -0.25195149   1.27829
-0.57657346 -0.55508954 -1.77563371    0.18587702 -0.16693193 -0.15845093   0.89583
-1.23917159  1.39078933  0.63901025    0.27268306  0.09794390  0.06296272   0.95353
-0.34056894  0.40340652  0.62871855   -0.00600659 -0.21673036  0.21005671   1.22401
 0.14386837  0.77071281 -1.64347142   -0.01819698  0.23997014  0.18210338   0.92210
-0.54193503 -1.83481457 -0.31050196   -0.17067321  0.08611700 -0.23174923   0.84167
 0.58619788  0.14718644 -1.58279297    0.21823190 -0.14564965  0.14130922   0.92400
 0.25630712  1.31483667  0.86597815   -0.11581557 -0.26809225 -0.07299010   1.10027
-0.21963195 -0.05976731  0.95270585   -0.16880971  0.18626075 -0.16550087   1.04604
 0.25506494 -0.09183820 -1.64335286    0.24670454 -0.05509472 -0.15205990   1.10166
 1.50611189 -0.52004120  0.75440507   -0.28982950  0.06768752 -0.06009905   1.26924
 1.24404246  0.84794657  0.75204379    0.21647360 -0.05830304 -0.19187799   0.70021
-1.48143817 -0.45871706 -0.14602733    0.25814374  0.03816410  0.14270557   0.93016
 0.64253708  1.05090280  0.95959041    0.19520178  0.14384946 -0.16905679   0.92429
-1.71373402  0.00166961 -0.96143994   -0.25009789  0.06733487 -0.15576750   1.22106
 1.61658761  0.12166388 -1.14030178   -0.08292371  0.28944136  0.00933867   0.73928
 1.21676872 -1.17347159 -0.48957908   -0.05230645  0.18646550 -0.22744481   0.82691
-0.23759265  0.05551445 -1.84766698   -0.18970218  0.19860150  0.12991754   1.21726
 0.48671241 -1.63592901  0.96043365   -0.06745644  0.24467602 -0.15908536   1.25702
 0.23764401  1.68117284  0.66158142    0.18439267 -0.23212851 -0.01951066   1.03699
-0.93242871 -0.35212287  0.38990977   -0.05892066 -0.17514581 -0.23477529   1.18470
-0.54157355 -0.58791023 -0.81026753   -0.13039728 -0.26465746  0.06651672   1.22901
 1.52485245 -0.22947685 -0.79980849    0.04976622  0.29326127 -0.02990178   1.12760
-1.05038620 -0.23486493  1.33051833   -0.30072987 -0.00397633  0.04908226   1.24152
-0.51845501 -0.13004388 -1.71297928   -0.01720520 -0.15287719 -0.25519993   1.10876
-0.85512032 -1.04201619 -0.46105585   -0.00534490  0.23676725  0.18682459   0.80609
 0.83259950 -0.61919641  1.30474342   -0.18407319 -0.22757007  0.07960917   0.87718
 1.31879425  0.72890141 -1.08921422    0.26352332  0.09913954 -0.08902436   0.82181
-0.97439621 -0.21577958  1.42052374    0.03439047 -0.29613556 -0.02584362   0.80118
-0.25864004 -0.90273874  1.21364332   -0.19227834 -0.09173445 -0.21251403   0.95304
 1.59655582 -0.69707060  0.49628259   -0.14675105 -0.24444238 -0.09730970   0.76157
-0.45202726  1.41036894 -0.63404056    0.05756676  0.13054596  0.26551592   1.05752
 1.34622321 -0.23734567 -0.12852152    0.13073112 -0.26403354  0.04778427   1.16603
 0.35343878 -0.89504631 -1.68608451   -0.21790789  0.19645313 -0.07357278   1.19762
 0.48567783 -1.05986328  0.34475245   -0.05471339 -0.26304643  0.13782207   0.77047
-1.38127788  0.24987587 -1.35508347    0.20412970 -0.13122667 -0.16858231   0.94438
-0.71142347 -0.29239849  0.84981113    0.06686988  0.10124736 -0.27064242   1.06354
 0.32943608 -0.61470048  1.50383757   -0.06606672 -0.18831492  0.22786543   1.29306
-0.81534789  1.55903499  0.40100497    0.14801214 -0.20756044 -0.15134131   1.29202
 0.89422788  0.82628838 -0.74792874    0.04220099  0.28174543  0.09449227   1.26246
 1.54714177  0.35841294 -0.97095830    0.03935700  0.08643038 -0.28131162   0.79349
 1.68692425  1.05393503  0.09698671    0.13830151 -0.03590124  0.26406337   0.92260
 1.45983779 -0.37078649 -0.58726691    0.02847344 -0.17834785  0.24160980   0.78560
-0.32422402 -1.90681038 -0.47387601   -0.10253875 -0.26431820  0.10512497   1.06756
-0.19589522  0.19780458  0.60434362   -0.25266644 -0.03456504  0.16741390   0.93628
-0.03573336  1.72343301  0.67005706   -0.27036495  0.13159621 -0.04130189   0.94653
 1.10655276 -1.32021561  0.65401103    0.07696050 -0.28351037 -0.05229196   1.00805
 0.62702779 -0.62220833  1.36447971    0.27101079 -0.10721488  0.05428660   1.19439
-1.50919712  0.23139693 -1.03214601   -0.09337133  0.27603947  0.07925550   1.04325
 0.06140223 -0.21667347  1.42841788    0.05650681  0.26366324  0.13210194   0.85164
 1.01651631  0.70123430 -0.71674296    0.26168923 -0.13747301 -0.01511173   1.09642
-1.01716920 -0.54706911  1.17998970    0.18712196 -0.11556210  0.20255819   0.92005
 0.65671713 -1.34875202  0.14050471    0.19704019 -0.22099054 -0.02190308   1.21434
 0.37587131 -1.74388562  0.58356920    0.24488453  0.10205566 -0.12948425   0.74073
-0.92193156  0.59419260  0.60547278    0.05716971 -0.24882984 -0.15328010   0.82156
-1.35160648 -0.44783552  1.23104994    0.00957595  0.02407560  0.30132074   0.89356
-0.19823601  0.20907669 -1.45977101    0.13814704 -0.08774185  0.25159522   1.02200
 1.65007158  0.34428662 -0.20518331   -0.24199653 -0.02199800 -0.17919130   1.07993
-1.82055128  0.19331292 -0.46396329   -0.27978596  0.03516409 -0.11101663   0.95120
 0.92168701 -1.27057123  0.62575998    0.18832358  0.02358347  0.23132832   0.77321
 0.52435204  0.88762938 -1.07360039    0.16325476  0.04615657  0.24708984   1.19128
 1.47560622  0.16324566 -0.50259380    0.10931382  0.27618710  0.03066262   1.22802
 0.77713327 -1.14950207 -0.96867454   -0.08261367 -0.18402297 -0.22103664   1.21778
 0.91665572  0.82165946 -0.66581143   -0.13451336 -0.01488252  0.27251054   1.25312
-1.15366536  0.41577261  0.66322924    0.19954016 -0.15202238  0.16171189   1.20511
-0.38572295 -0.20676314  0.78872468   -0.04581406  0.28236023  0.09506525   0.83256
 1.26483012 -0.45744032 -0.56181912    0.05285830  0.16205563 -0.24326505   0.79416
-0.12570058  1.78819572 -0.13619217   -0.01565212  0.27921008 -0.10649949   0.79998
 0.08170441  1.69344435 -0.07482107    0.23756840 -0.17029070 -0.04707188   1.19364
-0.97872743  0.52828227 -0.85171001   -0.03252836  0.23373729  0.18853785   1.16530
-0.77236069  1.00052749  1.36537217    0.03145322  0.21030138 -0.20829484   1.02429
 0.26773027 -0.35492591  1.15445766   -0.17941642 -0.24155354  0.03455955   0.74312
 1.02399627 -0.74288631 -0.36905152    0.18943697  0.22426230  0.04882950   1.16583
 1.23621642  1.08989862  0.80910948    0.05001566 -0.17939516  0.23684666   1.09567
-0.95389661  0.13589072  0.25700781   -0.09733771  0.03710759  0.28542293   1.19655
 1.48213563  0.39679692  0.92815343   -0.25518240 -0.15969050  0.04262033   1.26269
 1.26645361 -0.01418439  0.94760340   -0.19027183 -0.20443620 -0.11423999   1.04908
-0.43437755 -1.40148148 -1.10490121    0.14115582  0.17511945 -0.19269999   1.14206
 0.44659320 -0.28568245 -1.33444897   -0.13820687 -0.25742521 -0.07373703   1.17210
-0.09102291  0.34183040 -0.67613272    0.02760322 -0.01192423  0.30066806   0.99288
 0.42327260  1.87841060  0.46326971   -0.17643588  0.24372350 -0.02880217   1.12558
 0.42108735  0.49656250  1.19188363   -0.24441438  0.16617323 -0.06640160   1.28820
-1.06231689  0.21610894 -0.53344604   -0.29541171  0.06269076 -0.03435274   1.02574
-0.49794835  0.23024326 -1.86533939   -0.11517839 -0.04983675  0.27691593   1.00537
-0.48218805 -0.96625801  0.07054261   -0.28336964 -0.10449828 -0.03268802   1.00674
-0.93686125  0.33342934 -1.42754104    0.21543320 -0.18903200 -0.07456152   1.16411
-0.44493726  0.53087510 -0.08387430   -0.17377898 -0.19586756 -0.14886017   0.91772
-0.16115323  0.21724381 -1.47900401   -0.10743859  0.16331777  0.23218133   0.78542
 0.89168981 -1.41591065  0.23259267    0.11953292  0.26160052  0.08137771   0.72481
-1.49273515 -0.99422193  0.61633262   -0.10201066 -0.22398092  0.17670450   1.29555
-1.68954110  0.42334645 -0.19201037   -0.12083126 -0.27089575 -0.05272157   0.92349
-0.34307695  0.58004367  1.68954890   -0.24945964  0.15691032 -0.07024587   1.05580
 0.57075409  0.16284114  1.57061091    0.22278176 -0.06787765 -0.18121531   0.91034
-0.41963429 -1.65146007  0.01404672   -0.23252887  0.00454090 -0.19213040   1.22151
-1.21605724  1.13180853  0.85670335   -0.08655719  0.17470875 -0.22698845   0.79687
-1.35397290 -0.43332510  0.00465440    0.05017516 -0.29501295  0.00191616   0.81735
 0.95437252  0.35186351 -1.62370263   -0.29704300  0.05468559 -0.03418575   1.28989
 0.25862758  1.63450275  0.13550589    0.27171411 -0.11496471 -0.02105835   1.07336
 0.63617008  0.06470870  0.51512544   -0.24425877  0.17863264 -0.02065588   0.71950
 1.21598932 -0.88697313  0.05497065   -0.26947177 -0.09657891  0.10459639   1.18715
 1.24969679 -1.57655752  0.09174621    0.18792564 -0.19956047  0.11751309   0.72431
 0.55928832  0.36503223  1.63223439   -0.10395051  0.22873870  0.16921863   0.90589
-1.34120806  0.25200264  0.31862730   -0.05073540 -0.17276505  0.24346466   1.05107
-0.35848470 -0.38334017 -1.64476947    0.29456473  0.01689670 -0.01603759   0.94300
 1.74500294  0.75898712 -0.67598125    0.14990883  0.25721563  0.00792241   0.76072
 0.53928127  0.95063857 -1.24072304    0.15779402 -0.23691013 -0.08445639   0.80708
-0.69592210 -1.07677451  0.29975693   -0.08075300 -0.28999002  0.01163550   1.00264
 1.04515978 -0.87378958 -0.79053319   -0.12861066 -0.14198040  0.23587882   0.94080
-0.74715327 -0.64204436  0.60154382   -0.26344175 -0.14410775 -0.04345791   0.87680
-0.26358555 -0.39202788 -1.74787370   -0.14193084 -0.13423726 -0.22773959   1.18852
 1.64439945  0.39009457 -0.22054645    0.06886785 -0.28540587 -0.05384233   1.01277
 0.12399705  1.63146007  0.69937381   -0.21740382  0.01686466 -0.20794245   1.08436
-1.53883686  0.95601611  0.42165504    0.28355392  0.06750775 -0.04774862   0.73374
 1.50620842  0.50614805  0.81055432    0.02158450 -0.29865136  0.01455411   0.82134
-1.03026179 -0.92172120 -0.40747021   -0.11057114 -0.20745854  0.19153349   1.17547
-1.18271495 -1.16066455  0.60177464    0.00189202 -0.07702431  0.29249513   1.04674
 0.13628885 -1.02465220 -1.35226561   -0.05188040 -0.00678312 -0.29352253   0.83709
-0.82343062  0.26935094  1.17494599   -0.27795994 -0.02310219 -0.11829490   0.90485
 1.21813442 -1.16644864 -0.47494078    0.00502011  0.26951487  0.13401227   1.12544
 1.55520090 -0.79460189 -0.71510351    0.12461500 -0.12702758 -0.23661055   1.13845
-0.73976413 -1.30903039 -1.16221819    0.28197871 -0.08669838 -0.01944287   1.28051
-1.19445034  1.28801439  0.51599003    0.26077066 -0.11898236  0.07707108   1.17684
-0.85263316 -1.58627487  0.25435238   -0.17426189  0.12007159 -0.21352862   0.83984
-0.31912206 -1.76391042  0.72526077   -0.26642863  0.01855134 -0.14224371   1.05601
 0.68792216 -1.38500585 -1.01069526   -0.21647693 -0.02002803  0.21383327   1.16202
-0.74172328 -0.53401838  1.13165523    0.09974007 -0.18394132  0.21552585   1.17819
-0.48952857  0.71271758 -0.20248793    0.05252030 -0.29345049  0.02827707   1.26085
-0.28415146 -0.27070163  1.48212243   -0.26425802 -0.01049952 -0.14689003   1.07950
 0.44953024  1.36076362 -1.12971261    0.06537577  0.28556923 -0.05718464   1.24519
 0.82114198 -1.25110702 -1.20690738    0.00674951 -0.20053798 -0.22024538   0.79013
-1.74428544 -0.20908140  0.20014979   -0.04126611 -0.26130347  0.14533072   0.88627
 0.12028474  1.46536272 -1.26772163    0.11221218 -0.02586468 -0.27259157   1.13663
-0.46287481 -1.21671908  1.33980613   -0.19982623  0.00336379 -0.22495472   0.98506
-0.91665085 -1.20970364  0.71846581    0.15059474  0.25523798  0.03141737   0.96072
-0.53070392 -0.00569769  1.79215780   -0.11129427  0.25998108  0.10735553   1.04307
 0.96338772 -1.45895183 -0.09769437   -0.11464630  0.24158541  0.14214923   1.19937
-0.28640279 -0.89407522 -1.69722591   -0.19867768 -0.18025108  0.14319357   0.96723
-0.49254901  1.67797404  0.64082238   -0.16011066  0.08332933  0.24510372   0.77132
 0.74592013  0.89462865 -1.43481050    0.24141316  0.02793915 -0.16710752   1.03343
-1.05639158 -0.33034082  1.44443693   -0.14194145 -0.05365598  0.26376401   1.26191
 1.76833672 -0.46125449  0.51162892   -0.22989259  0.19705855 -0.01483514   1.16512
 0.97670009 -1.49167737 -0.02603887   -0.28274060 -0.04775662  0.10378037   1.01773
-0.90315744  1.58865168  0.33478920   -0.11597161 -0.23083542 -0.15316883   0.99762
-0.55091728 -0.74647516 -0.22183546    0.21991169 -0.03373515 -0.19374570   1.02262
-0.68699247  1.08011048  0.47966746    0.09641381 -0.27131800  0.08158435   1.02807
 1.14272043 -1.42567899  0.76846445    0.01521729  0.09859576 -0.28003630   0.89629
-1.62007645 -0.35908970  1.02496144   -0.27925649 -0.04677592 -0.10808528   0.91267
 0.06202746  0.29803125  1.28749342    0.10048271 -0.19410778  0.20591950   0.76397
 0.08309603  1.23195504  1.49305443    0.18123128 -0.06329800  0.22965039   1.18884
 1.15672197 -0.69622595  0.66390015   -0.03244331  0.06479060 -0.28895368   0.85999
-0.12951284  1.63738642  1.06471513    0.16486702  0.15530164 -0.19034367   0.70374
 0.68007905  1.71345334  0.29583709    0.19844756  0.21273837  0.06259969   1.28937
-1.20955376  0.79757800 -0.45433540   -0.10004790  0.18551619 -0.21284954   1.02077
-1.14299508  0.15194027  0.35224818    0.23720113  0.13161996  0.12224907   1.12529
 1.24566265 -0.21140147  0.63851043   -0.16951760  0.09304360  0.23514176   0.87829
 1.60330094  0.79962737 -0.74864987    0.06462588 -0.01153638 -0.28911385   1.07868
 1.33217964 -0.38311105 -0.40623593   -0.03736049  0.29288513  0.05848469   1.09968
 1.53955319  0.64248391  0.71157162    0.18381235 -0.20517758  0.11438868   1.24949
 0.59336299  0.73538146  1.41940929   -0.12174757  0.26804128  0.06871944   0.79390
 1.54585691 -0.92015658 -0.26560634    0.16985540 -0.15259979 -0.18807062   0.91513
-0.64952654  0.19747778 -1.44679968    0.15952714  0.08370768  0.23952445   0.87217
-1.26732390 -0.91922766 -0.91025525   -0.12505072 -0.26170344 -0.08079424   0.72930
 1.36658355  1.04993124 -0.63583968   -0.07154679  0.15468630  0.25071930   0.98725
-0.64683013 -0.20336124  0.78870764    0.21098492  0.00271085 -0.20621931   0.93593
 0.46997459  0.90800328  1.62041353    0.25468936  0.07726606  0.13266259   0.73699
-0.65994388  0.98367014 -1.55004716    0.17601242  0.21975034 -0.09310706   0.88440
 0.34328529  0.38970521  1.82627477   -0.07561981  0.24147286  0.16573452   0.86717
 1.33888700  0.98423570 -0.23774447   -0.27427732  0.06859559 -0.10894751   1.27305
 0.27436017  1.09337391  1.10569265   -0.01317315  0.11497628 -0.27433155   1.06605
-1.36563613  1.19970121 -0.71032223   -0.10195326  0.16875401 -0.22541047   1.24781
-0.78483398 -0.45951806  0.03081848    0.20166122 -0.06941741 -0.20410113   1.08738
-1.82783285 -0.44460597 -0.21682487   -0.20467185 -0.17417173 -0.13721122   0.81641
-0.85606590  0.96085919  1.39845646   -0.20309334 -0.20564799  0.09331786   1.18563
 0.35594493 -1.18005759 -0.00044300   -0.11192577  0.21139081 -0.18107103   0.75933
 0.81209091  0.68081415 -1.18715363    0.18525247 -0.20607555 -0.10499477   0.82645
-1.02432708 -0.46665901  1.11537205    0.22999792 -0.17152918 -0.07256107   0.71797
-0.81381262  0.48399521  0.82144352    0.05656380 -0.16120304  0.24818557   0.81791
 0.47212818 -0.59265852  1.27360068   -0.04665189 -0.05569602 -0.28912515   1.02201
-0.20208933 -0.18739948  0.97826731   -0.07764956  0.11265473 -0.26559463   1.05279
-0.85758941 -1.07225755 -0.19477878    0.23235296 -0.16884749 -0.07124078   1.18340
 0.23322864 -0.18714010  1.71771408   -0.01737980  0.01067904 -0.29691193   1.06469
 0.00765778 -1.00131383 -1.10662896   -0.21709044  0.21152550  0.00077505   1.04488
-1.52277226  1.19958570  0.13466059   -0.18579818 -0.21268220  0.11151476   1.08608
-0.61942779 -0.38515610 -1.24063319    0.12230622 -0.20224151  0.18442833   1.15881
 0.09329784 -1.92489006  0.36646774    0.21817133  0.14118517  0.14591475   0.87575
 0.47789553  1.06187835  1.04463851    0.28621411  0.04249445 -0.05862056   0.77323
-0.22473892 -1.51678804  0.81811248    0.17345540  0.24060412 -0.01924740   1.13084
-0.28069679 -1.86027180 -0.28737680   -0.04247755  0.20351427  0.21969599   1.12941
 0.61547401  0.84872734  0.05664205   -0.20482639 -0.22003960 -0.03492525   0.78877
-1.19700550 -1.02906826  1.16266822    0.02174358  0.01678625 -0.29577277   1.05001
-0.54455310  0.01602343 -0.65119453   -0.05821956  0.01032898  0.29756266   0.74595
-0.72041893 -1.09862963 -0.39638613    0.04236194 -0.25261262 -0.15233665   1.13370
-1.15782696  1.07551742  0.65582987   -0.01781735 -0.19098224 -0.22836305   0.88167
 0.16466014  0.88048816 -1.77169914    0.00047059 -0.08014022  0.29167671   1.19484
 0.21623588 -0.63614666  0.99919997   -0.19320018  0.00796936  0.23560023   1.27758
 1.03930898 -0.87249766 -1.22897856    0.02088838  0.07089615  0.29301713   0.81694
-0.73847442 -0.94202896  0.51739656   -0.24153669 -0.07625105  0.16977782   0.88734
 0.51548653 -0.81651883 -1.55335443   -0.11315217  0.25299981 -0.11634377   1.29229
 0.63039615 -1.44418524  1.19832329   -0.01730949 -0.25734965 -0.15104602   1.19749
-0.42056233 -1.46883536  0.28999802    0.27808410 -0.07130579 -0.06903317   1.28708
-1.55708445  0.69938439 -0.95823183   -0.23718372 -0.18914068  0.00832065   1.14312
 1.58659551 -0.63261295 -0.34675548   -0.07921318 -0.26656749  0.11815521   1.27230
 1.76199964  0.20799671 -0.93065175   -0.02700816  0.29260520  0.06475259   1.06158
-0.28097957  1.58487449  0.34417522   -0.00693238 -0.26198337  0.14878718   0.82177
 1.45719864  1.13934605 -0.00874523   -0.09753826  0.24660547 -0.14055985   0.95445
-1.40402365  0.21183858 -0.70255367    0.10064076 -0.27963582 -0.02537925   1.15399
 1.15795641 -0.43859819  0.16601930   -0.06502071  0.02111027 -0.29043083   1.21296
 0.25147719  1.74517520 -0.42644753    0.17618469 -0.10520587  0.21786513   0.70772
 0.90336335 -0.57174611 -1.01231264   -0.21725896  0.14857498  0.15295527   1.13990
-1.64665465 -0.46035819 -0.22227674   -0.00152656 -0.21987032 -0.20148191   1.16029
 1.04323726 -0.04966896  0.32696311    0.00678577 -0.04427568  0.29912232   0.72621
-0.56337907  1.47643487  0.15644139   -0.01384126 -0.00470036 -0.29719878   1.25066
-0.75621867  1.31790218 -0.96308823    0.01614545 -0.25767156  0.15490484   0.82413
-1.61011822  0.45535630  0.86337587    0.06718870 -0.20415424  0.21047506   0.78040
 0.21607068 -0.89175236  1.50554246    0.16877332 -0.24493938  0.00820478   1.05715
-1.76678993 -0.72206654 -0.32909552   -0.17965826 -0.17717165 -0.16439388   0.79042
-1.75781871  0.19910329  0.31959814    0.00253729  0.27511380 -0.11678384   0.92094
-0.66467513  0.05287147  0.92018388   -0.28246894  0.10286357  0.04823001   0.78595
 1.04352137  0.93264043  0.35370704    0.04803376  0.05439268 -0.28771710   0.95756
-0.38949003 -1.12630793  1.00041265    0.09392757 -0.28338671  0.00869071   0.83345
-0.08761184  1.39346650  1.08305140   -0.00384041 -0.02490841  0.30158025   0.97544
-0.73336505 -0.69554933 -0.68403411    0.04611357  0.17902135  0.23798008   0.85217
-0.17974260  1.72219424 -0.27578396    0.06879761  0.25855183 -0.13075833   1.22896
-1.36849331 -0.54852636 -0.37669295   -0.28046259  0.01512548  0.11900860   1.28352
-0.81450399  1.54746276 -0.72567620   -0.13643383 -0.16801949 -0.20794480   0.81699
-1.31646783  0.18842401 -0.70744244   -0.02992860  0.28256174 -0.09483879   0.72808
 0.95054532  0.43735657 -1.31427458    0.11865897  0.11485001 -0.24571543   1.08720
 1.37780017 -0.95179654  0.74108493   -0.05421812 -0.22827404 -0.18557028   1.13380
 0.55518215 -0.00413924  0.58720438   -0.16878017  0.21463858 -0.12736637   0.91488
 1.81589858 -0.27263474 -0.37539289    0.16499317  0.24415036 -0.03857837   0.94782
 0.57524448 -0.38667571 -1.88121381   -0.27957816  0.03976570  0.11522830   1.28128
 0.52415076 -1.77560581  0.75716359   -0.10534059  0.28101269  0.03141744   1.25403
-0.14104824 -0.74329613 -1.80802918   -0.22464549  0.20360132 -0.00207198   0.88290
 1.26829706  0.09149131 -1.33839366    0.20932898  0.18296381  0.10677124   1.27665
 0.18108530  1.35304637  0.98017674    0.22893382 -0.04823734  0.18493584   0.83518
 1.06626313  0.21613184 -0.61996299   -0.17481843  0.08740155 -0.22826984   0.83803
-0.02101344  1.65492813  0.87785319    0.04329732  0.25088327  0.16002260   1.24039
-0.00348769  1.42478362  1.24441527   -0.08708973 -0.27154732  0.09971810   0.86276
-1.34340429  0.93619829 -0.81323104   -0.24084876 -0.18373269  0.02075248   1.11628
-0.70961758  0.36925212  1.57537279    0.27978133 -0.03205623 -0.08809043   1.01873
 1.09424993 -0.25885154 -0.17840077   -0.11108336  0.09833652 -0.25995018   1.13581
-0.04039857 -0.11307245  0.64062852    0.24676030  0.15073964 -0.06221589   1.20550
-0.40138761  0.46587434  0.67468473    0.19368228  0.22089342  0.04702151   0.83382
 0.86469460 -1.42325688  0.76942177   -0.09501595 -0.15104823 -0.24022955   1.29305
-0.16796646  0.17396114 -1.90695844    0.11984813 -0.22913822 -0.14594738   1.19601
-0.55421178 -0.14170694 -1.51350077   -0.00365104 -0.20948604  0.21737446   1.29926
 0.58112706  1.23306580  0.23650168    0.15114102 -0.12104233 -0.22358522   0.97770
 0.15106173 -0.26159005 -0.51910082    0.12677129  0.20804880 -0.16916797   1.05741
 0.29087410 -0.92218312  1.00093025   -0.13727443 -0.25677529  0.08269372   0.84854
 0.74601644 -0.93555596 -1.14231454   -0.15250428  0.25776735 -0.03746385   0.88156
-1.56214747 -0.74997687 -0.46497565   -0.16067704 -0.09285417 -0.23602920   1.21484
 0.80179876  0.99617240  0.42180623    0.03769347 -0.21796970  0.20442209   1.22106
-0.98037183 -0.59409342 -0.03646075   -0.08611614  0.27005046 -0.09928244   1.05196
-1.27420952  0.86693367  1.07540771   -0.15796876  0.15059426  0.21172356   0.97705
-1.65258999  0.61825996 -0.29630352   -0.11373629  0.11269922 -0.25299366   1.05408
 1.62707767  0.26495133 -1.03483518    0.23754688 -0.14761662 -0.09580618   1.07422
-1.51386909 -0.71424933 -0.21530343   -0.21855728 -0.15254109  0.14705429   1.20011
 0.27844113  0.88901783  1.07104781    0.17587598 -0.22344723 -0.08448878   0.87992
-1.14031952 -0.48565937 -1.20830290   -0.18344573 -0.21733177 -0.10086365   1.20763
 0.28061361  1.00923215 -0.06951723   -0.25802288  0.15154016  0.05452489   1.09532
-1.72102404 -0.06776851 -0.24538384   -0.09682507  0.28335224  0.03661728   1.27615
-1.24892421 -0.88941673  0.29152674    0.07039639 -0.18202837 -0.22383609   0.79319
 0.32823592 -1.13419622 -1.49844498    0.03467181 -0.00565534 -0.29477905   0.82048
-0.85626672  1.05816803  1.28754305    0.13794036 -0.25137373 -0.07840805   1.16889
-0.82792269 -0.03849789 -1.49173104    0.10322408 -0.14903450  0.23971303   0.72433
-0.66966976 -1.23163184 -0.84868382    0.25104370  0.13567896  0.08228596   0.70538
-0.80709442  1.68040377 -0.35507173   -0.13615095 -0.21934803 -0.15400129   1.03985
-1.00326764  0.13776551 -0.82663242   -0.24462365 -0.17289821  0.05153336   1.09083
 1.56357883 -0.76400442  0.83006984    0.14678213 -0.21611146 -0.14040023   1.27598
 0.05721636 -0.76697376  1.49083337    0.01392256  0.22314240  0.20227940   1.02297
-1.38628230 -0.79632621 -0.17534338   -0.18227761 -0.22903183 -0.07421410   0.70204
 0.62354109 -1.35082001  0.10171283    0.14044078 -0.19574231  0.17788312   1.11944
-0.57063316 -1.53156260  0.96644231    0.17566899  0.15992215  0.18151053   0.78375
-0.68089388 -1.35304316 -1.13518861    0.01864094  0.28051099  0.10641877   0.75239
 0.77100943  1.39570021 -0.35900292   -0.28032210 -0.03811403  0.11398267   0.87190
 0.42198369  0.69971197 -1.13431544   -0.04622435 -0.26991151  0.12673153   1.25105
-0.54446063 -1.64262789  0.56262208    0.27028564  0.09834275 -0.06728621   1.01740
 0.02597949  1.68686516  0.94316964    0.04622976 -0.29065225  0.05710532   0.73936
 1.11026458  0.86846827  0.98126742    0.24798837  0.04792863 -0.15234660   1.00336
 0.91875434  1.40266244 -0.71476628   -0.09702008 -0.04864524 -0.27854722   0.76917
 0.47252978  0.44794344  1.62810237   -0.18720278  0.19059879 -0.13965531   1.09902
-0.53942246 -0.90432741  1.50225079    0.11649785 -0.16388144  0.22292692   1.06363
-1.59555328  0.03113142  1.10979168    0.08893543  0.28317230 -0.03051452   0.91348
-0.96610342  1.10733587  1.08700048    0.11340268  0.00081247  0.27852706   1.07870
-0.73239057 -0.27740683 -1.53205610   -0.14161766 -0.20214957 -0.17147292   0.72731
-0.61782687  0.14753502 -1.45405712    0.07779321  0.10464364 -0.26626123   0.94867
-0.68068143  0.17909262  1.47988824    0.21955745  0.14723159 -0.13218747   1.18738
 0.50705723  1.09599386 -0.99645887    0.23589337 -0.17510831  0.04277360   0.91004
 0.69632707 -0.82220609  0.45063289    0.12920256  0.23541729 -0.12672158   1.02695
-0.84225378 -0.65031876 -1.55929818    0.14565025  0.13353620 -0.22022067   1.27446
-1.12585044 -0.85188732  0.56976941   -0.24745232  0.15089114 -0.08761519   0.83383
 0.45212720 -1.42554525  0.69342765    0.05866925 -0.19785864 -0.21391005   0.76589
 1.34248688  1.37612075  0.17358294    0.23372655  0.00565269  0.18502872   1.28040
 0.79579873 -0.79278819  0.07098423   -0.24257001 -0.11084855 -0.14222948   1.23459
 0.79633804 -0.57721804  0.05026693    0.23941039  0.16926894 -0.04109541   1.11617
 0.13808820 -1.79762995  0.13665279    0.15806525  0.25106641 -0.02127051   1.07654
 0.74805212 -0.20419482 -1.64732314   -0.15882901 -0.03423715  0.25751407   0.73814
 1.13206021  1.45591711 -0.07362183    0.12348922 -0.27123366  0.01214953   0.85973
-1.03995245 -1.55582796 -0.57337616   -0.27881207  0.11680628 -0.02960275   0.72233
 0.85945018 -0.49800806  0.42747760   -0.09446122  0.11138213  0.26619716   0.94840
-0.08203157 -1.37125951 -1.30219012   -0.17582012 -0.15338052 -0.18996279   0.91674
-0.00176282  1.71991616 -0.07462247    0.00086636  0.15863533  0.25717859   0.76698
 0.09725303  1.71177329 -0.28379662    0.20197324 -0.05870769  0.21231713   1.25626
 0.43132254  1.06372891  0.95090668    0.00835387 -0.12970748 -0.26760291   0.95779
 1.04483582 -0.26042025 -1.36773292    0.18398764 -0.09518653 -0.21060121   1.24703
 1.84655350 -0.36219527  0.23512794   -0.13690115 -0.21888184  0.15925104   1.28787
 0.92138979 -0.37964905 -0.54635900   -0.07216309 -0.10429192  0.27561972   0.98742
-1.26639061 -0.34911195 -0.61531492   -0.04914566  0.29646639  0.01232778   1.21418
-1.09101311  0.50198250 -1.02231921   -0.22598878  0.16845153  0.11445023   0.73686
 0.86091312 -1.23162862 -1.03306665   -0.23028163 -0.16257449 -0.10937373   1.09815
-0.21013226 -0.38644954  1.91048542    0.17331796 -0.03208522 -0.23695952   1.17388
-0.24616373 -1.39798890  0.19624841   -0.03790596  0.28602234 -0.08139805   0.80571
 1.68600859  0.15614432 -0.85485548    0.21234086  0.19023304  0.08531355   0.91774
 1.17482019 -0.60773187  0.07929621   -0.28015573 -0.09526271 -0.06719826   1.26919
-1.45828904 -0.29847130  0.47603840   -0.16887773  0.10842274 -0.22361609   0.73405
 0.05829728  0.33121484 -1.48108809    0.26347828 -0.13471008  0.01314979   0.79836
-0.53164105 -0.45568088 -1.35578869    0.16156822  0.21708973 -0.12118952   0.71725
 0.39989479 -1.47694551  0.39404465    0.05963981  0.12314672 -0.26334143   0.93239
 0.09103133 -1.82591903  0.09229418   -0.27355268  0.01238889  0.13448830   1.01726
 0.22941218 -0.59882129  1.77925878   -0.05400824  0.06223591 -0.28662769   1.23371
 0.24900033  1.26517153 -1.25301454    0.11276429 -0.21399620  0.17722958   0.92141
 1.20397594  0.73827659  0.04368833   -0.08703588 -0.09338300  0.27547049   1.10720
 0.06131600 -0.38578040 -1.76848701    0.15688365 -0.23085841 -0.10085711   1.24865
-1.26872587 -0.41831902  0.67138071    0.29543444  0.00440404 -0.00706338   0.99169
 0.26626891  1.60694561 -0.31250149   -0.05398006 -0.22959376 -0.18402144   0.89898
-0.28962157 -0.40798297 -1.23263300   -0.25208633  0.13395707  0.10601449   0.93366
-0.09665306  0.90867618  1.55201592   -0.22798786 -0.19353100  0.05311076   0.95195
 1.85909361 -0.57549452  0.23998037   -0.06099236  0.10619801  0.27741231   0.96303
-0.27951279  0.93967849 -0.78367722   -0.23033349  0.09844039 -0.16841117   1.27876
 1.63291983  0.59319345 -0.85747177   -0.18725579 -0.09475847 -0.21551087   1.22440
 0.45398309  1.17170603  0.32857410   -0.21336578  0.12725012 -0.17095636   0.92023
-1.15940396  1.55546313  0.22207814    0.09604773 -0.27885262  0.04914144   1.08966
 0.29714423  1.32648970  0.39128579   -0.12642924  0.02486387  0.27553328   0.91763
-0.25192815  0.21375673 -0.71757788   -0.07449240  0.20971424 -0.20010942   0.86878
 1.11596262  0.41425008 -1.52763682   -0.14655696 -0.19383981  0.18210591   0.94514
 1.24119598 -0.83797526 -1.17627622    0.14241396  0.17865372 -0.18851251   1.12322
 0.40146007  1.41950030  1.11628665    0.23759293  0.16244059 -0.06850934   1.24668
-0.55318231  0.72980713  1.35465754   -0.15002795 -0.26167562  0.02049389   0.78269
-0.85391029 -0.59946279 -1.34804611   -0.14999496  0.21280902  0.15591613   1.14696
 1.32770652 -0.00767788  0.13557266    0.21659095  0.06267027  0.19560171   1.16272
 0.84940712  0.06801096 -1.58315057    0.21168955  0.20668590 -0.02167301   0.87520
-0.95651459 -0.53405996 -0.75803120   -0.14928154  0.25316306  0.07263901   1.26083
-1.00328331  1.21480371 -1.18977792    0.06685743  0.21490262  0.19942980   1.13792
 1.16307396 -0.37444697  1.22922783   -0.01343414 -0.10650176 -0.27770347   1.27998
 0.39504317 -0.94780989  1.29292636   -0.28486270  0.02647002  0.10569874   1.13737
-0.81131475 -0.12678197 -0.90406038   -0.12142384 -0.20123438  0.19185296   0.86620
-0.12746026  0.29782253  1.85754538   -0.01097755 -0.21427869  0.21249060   0.91722
-0.05637371  0.13967852 -1.89282061    0.14737524  0.20175197 -0.15943799   0.95173
 0.47693490 -1.81941162 -0.62707597    0.09267961 -0.27947675  0.05242863   0.78697
-1.26868181 -0.75704533 -0.19902437    0.20383532  0.21338148 -0.03069387   0.73288
-0.12900750 -0.44922280  0.25987146   -0.09372068  0.15174674 -0.24025493   0.78567
 0.90875574 -0.68195465 -0.15923400   -0.24746639  0.15982841  0.07580980   0.74067
-0.39939237  0.88357479  1.07156215    0.27122958 -0.03754955  0.11500876   1.17559
 0.55627236 -1.76154563 -0.11206091    0.18244387  0.01688648 -0.23150510   0.71064
 0.85552097  0.89060969 -0.73614196    0.22807422  0.17638929  0.07224229   0.76423
 1.51796086  0.10903065 -1.10288538   -0.29265359 -0.00689860  0.08537474   0.89962
 0.74710543  1.54007831 -0.52057509   -0.08336312 -0.18183628  0.22778703   1.10899
 0.51325025 -0.88937602 -1.02388392   -0.20213068  0.00593691  0.22813244   1.00599
-1.37448808 -0.35355439 -1.36431551   -0.29312268  0.00700089  0.08371155   0.73339
 1.30476707 -1.24254605  0.16777360   -0.25233056  0.13439187  0.10485835   1.23360
-0.42504678 -0.39972526 -1.29550750   -0.29649908 -0.06768046 -0.00665930   1.05619
 1.73521505 -0.36234192  0.18109616   -0.17083820  0.12026807 -0.21606830   1.04331
-1.22704292 -0.43421357 -0.56719644   -0.22552319  0.00416190 -0.20005892   0.81804
 1.66677319  0.49769474 -0.26871322   -0.26142908 -0.15232041 -0.02435318   0.77129
 1.12337232 -1.40411029  0.75965378   -0.01181360  0.19886704 -0.22186298   0.79197
-0.01887880 -1.02193400 -1.17963869   -0.22762542 -0.07802418  0.18720859   0.84544
-1.80251896 -0.33989239  0.18278809   -0.09417555  0.24172051  0.15591229   0.84694
-0.53072118  1.61139263 -0.95839586   -0.04705321  0.29401989 -0.03888180   1.15667
 0.90660247 -1.15095667  0.62358313    0.02037956  0.21073652  0.21467843   1.29668
-0.87731567  1.52256323  0.40311231   -0.04141798  0.14025696  0.26520172   0.73930
-0.08719093  1.09645155 -0.83354830    0.01920944 -0.05057923 -0.29215069   0.75074
-1.68185708  0.90143335 -0.27599168    0.08029769 -0.24321933 -0.15127444   0.84217
-1.63456975  0.59590126  0.74788103    0.21799550 -0.19857518  0.03614948   0.96050
 1.14452131  0.87318489 -0.09778203    0.18859077  0.22601109 -0.03831836   1.27213
-0.26698689  0.68780552 -0.57918404    0.10803220 -0.24466244  0.13494823   0.86165
 0.14645378  0.23685196 -1.34887169   -0.21335025  0.21521280  0.00525246   1.19423
-1.12421494 -0.15223045  1.52415809    0.18199593 -0.08369988  0.22230164   0.98108
 0.10605957 -1.75613172 -0.57420953   -0.08813729 -0.28802817  0.00834169   0.80904
-1.64726287  0.42760180 -0.43489949    0.29344563 -0.00517506 -0.03309421   0.78824
 1.18624651  0.99176669 -0.02414274    0.06926505 -0.29052433  0.01608381   1.08077
-1.69134121  0.93275544 -0.09981626    0.24098622 -0.08069008  0.15522121   1.26895
 1.12423177  1.00481296 -1.31644413   -0.05600136 -0.04411686 -0.28960032   1.11664
 1.59590302  0.12343086 -0.68036287   -0.14688335  0.21625274  0.15400883   0.91870
-0.46194264  1.19307992  1.50896609   -0.25195364  0.16061907  0.05648832   0.82992
 0.21639439 -0.61124837 -1.84107447    0.26559385  0.10798346  0.07645359   1.26146
 0.16265252 -0.69204190 -1.00605931   -0.23662125 -0.18967281 -0.00700601   0.70954
-1.48751579 -0.38304058  0.29196520    0.19074484  0.12115680  0.19560454   0.95156
 0.71619750  1.08810770  0.99663575    0.24007366 -0.08776488  0.15276182   0.86657
 1.47774219 -0.30073712  0.02637532    0.14552495  0.12526302 -0.22505727   1.28823
-0.59990726  1.22420647  0.94173918   -0.08638970 -0.24015612 -0.15740438   1.27762
-1.05582556  0.02232879 -0.63094788    0.28258736 -0.06140199  0.06493091   0.85244
 0.13519969  1.04552321  0.91631022   -0.22894897  0.16533307 -0.10796161   0.93136
-1.85307463  0.07783391  0.42777836   -0.20688647 -0.12895587 -0.17728519   0.94906
-1.59137566 -0.51884884 -0.47492933    0.00652790  0.19374005 -0.22616394   0.97068
 0.22703980 -1.30688075  0.81565100   -0.26055323 -0.15612637  0.00434537   1.01893
-0.62685827  0.34931828 -0.85149983    0.06072767 -0.28848253  0.05309387   1.01268
-1.25099607 -0.92144349 -0.84450883   -0.02401600 -0.22766214 -0.19178440   1.16336
-1.08717206  0.32681438  1.07055262    0.03573121  0.26935810 -0.12319925   1.20238
 0.64531135  0.90969407  1.31621505    0.17995798  0.19808391 -0.12691219   0.83313
 0.25389394 -1.22107362  0.80931160    0.24336909 -0.15797293 -0.05797650   0.84593
-0.25172113  1.43823289 -1.15802471    0.03543447  0.10292580 -0.27634382   1.27601
-1.83942958  0.30135577 -0.43600722   -0.22829267 -0.15535288  0.12804232   1.16387
 0.65913712 -1.53501772 -0.41531490   -0.14297448  0.17205365  0.20555111   1.04206
 0.02875033  1.59008222 -0.41921779    0.06149720  0.25577129 -0.13963033   0.94036
 1.58032707 -1.10711396  0.56271770    0.23914180 -0.17362141 -0.02104084   1.23457
 0.77996994 -0.14802576 -1.64435044    0.10740232  0.19080456  0.20532984   1.15123
 0.16129576  0.29434298  1.96227557    0.03458266 -0.28683483  0.08146158   0.91714
-1.44222385 -0.17040629  0.02621046   -0.20070105  0.21668430 -0.06445232   0.78700
 1.43552136 -0.14539335  1.35281049    0.18535780  0.14118140  0.18718033   0.87187
 0.03586088 -1.15249963 -1.35515251   -0.09059845  0.15369282 -0.24015957   1.14783
-1.38616149  0.01363726 -1.19340717    0.29074245  0.00790267  0.05592495   0.91920
-1.24865317 -0.38986289  1.26273583   -0.26587458 -0.10091179 -0.10433716   1.23094
 1.29612951  0.67050404  0.94414600   -0.10404161  0.14104205  0.24791050   1.11582
-0.45538526 -0.41492735  0.87543906   -0.29405272 -0.03600663  0.07184317   1.18866
 0.57263449  1.21790359  0.75739265   -0.11269478  0.19038673  0.20758912   1.01099
-1.54012680 -0.63720557 -0.41295679   -0.03204843 -0.19964532 -0.21960566   1.12392
 1.56890522 -1.02042053  0.02016673   -0.19917307  0.22054657  0.06098364   1.23923
-0.20841758 -1.01574829  0.69779090   -0.06957846  0.28183629 -0.07681019   0.88067
-0.83148115 -1.27485049  0.88184279    0.20422729 -0.11865830 -0.17740741   0.88204
 0.79366442 -0.98009686 -1.14149158    0.10153269 -0.01041946  0.28310581   1.04985
 0.14953269  1.16432829 -0.57535850    0.18256435 -0.00344848  0.23722392   1.29300
 1.10862006 -1.50979691  0.66211090    0.11807275 -0.10410212 -0.25070673   0.78094
-1.68470103  0.68706751  0.17137210   -0.11464384 -0.16622744 -0.22147112   1.25884
-0.17744438  0.96905691 -0.77552503   -0.11453733  0.18107207  0.21491699   1.18325
-1.61664295  0.81945573 -0.43951274   -0.22345879 -0.14141729 -0.14573759   1.25874
-1.71123282 -0.64608260  0.50746938    0.16775270  0.19183950 -0.15088763   0.93045
 1.37547332 -0.85080710 -1.05006328   -0.11509840 -0.25689809 -0.10579126   0.97984
 0.00079861  0.42644573 -1.41463519    0.15783850  0.19750056 -0.15446322   1.07650
 0.88440132 -0.39852210 -0.36138042    0.29021473 -0.04155083 -0.03599329   0.77039
-1.53073151 -0.82827454  0.18057076   -0.16152645 -0.06290977  0.25030115   0.75814
 0.66069672 -0.97702263  0.13319594    0.18056761  0.00050138  0.23882556   0.94731
-0.10597260  1.19674696  1.44057227   -0.23851986  0.18428455 -0.03217822   1.07984
-0.43820191 -1.15423635  0.38672688   -0.19965320  0.18069747 -0.13598491   1.28066
-0.31718519  0.77659458  1.75850752   -0.04660046 -0.26667824 -0.12818250   1.00865
 1.05833216  1.60384564  0.30599142    0.21400132  0.10080487  0.18190911   1.18038
-1.00285823 -0.31539722  0.31362652    0.12496084 -0.27033098  0.01680062   1.15109
 0.38927260 -0.24081273 -1.71971903   -0.07239556  0.18917616 -0.22005044   1.05204
 1.14284461  0.05980371  1.09335353   -0.07708836 -0.29106961  0.00328116   0.75586
 0.45751054  0.48427725  1.26514999    0.20590083 -0.12838151  0.17380360   1.15818
-1.17426155  0.41964823  1.13687768    0.16552771 -0.02970217 -0.24284579   0.99801
 1.08664013 -1.59466705  0.41294905    0.25179692 -0.14124369 -0.06393972   1.10783
 1.14264017 -0.40444127 -1.16429421   -0.19439198 -0.14603470 -0.17786347   1.02751
 0.78675883  0.99990631  0.86804824   -0.10882390 -0.27462178  0.06329571   0.92598
 0.84159647  0.52961622 -0.67341896   -0.06944040  0.11724633  0.27097406   1.07596
-1.26555965 -1.37798472 -0.34255849   -0.10651994 -0.28028431 -0.02926082   1.29372
 0.69200032  0.02551845  0.93810229    0.23624833 -0.17099289  0.05615234   1.10986
 0.88499222 -0.99133237 -0.54441267   -0.26587654 -0.14029139  0.04666669   1.06715
 1.59720138 -0.65587187 -0.59747345   -0.10912378 -0.10342336  0.26402466   1.19613
-1.20575520 -0.38454437  0.65866631    0.09847157 -0.24234909 -0.14124771   1.17179
 0.83795800 -1.10223902 -1.32309374    0.08230691 -0.28197754  0.05723440   0.93542
-1.54912004 -0.30919736 -0.17458278   -0.12221949 -0.10624646 -0.25199825   0.76806
 1.05579119  0.52413854  0.42621823    0.17617842  0.23514991  0.04840951   0.82272
-1.23188862 -0.87722924 -1.16291677   -0.29705729  0.01111384  0.06753279   0.97356
-1.40010931  0.42916580 -0.10005159    0.15378643 -0.22489662 -0.11743802   1.23051
 1.46891081 -0.33413106 -1.08741130    0.14291286 -0.23264260 -0.11650778   0.76986
 0.70700872  0.01571818 -1.68236100    0.00821187 -0.29758966  0.03854648   0.72249
 0.46836773 -0.24087267 -1.90628848    0.06944901  0.17056914  0.23809497   0.97211
-1.10482743  0.07195041  1.32535177    0.12625029 -0.15756591  0.22196518   1.03243
-0.02766087 -0.72014231 -1.49808123    0.17812443  0.09602637 -0.21525917   1.08418
 1.20265145  1.20584471  0.80416285   -0.25440532  0.08709199  0.14367578   1.06870
 0.98087733 -0.25055951  1.26987741   -0.04167838 -0.23996300 -0.17354860   0.70202
 0.14853645 -1.25126364 -1.20366983   -0.17354790  0.04642776 -0.24074490   0.76287
-0.91763779 -0.45517026 -1.68324854   -0.08327101 -0.26113917 -0.12224484   1.05152
 1.22028919 -0.05795809  0.80469821    0.14209231 -0.26098570  0.02362161   0.73367
 0.42750925 -0.05905493 -1.71729230    0.27655744  0.05948540 -0.08419258   0.92567
-0.03856005 -1.32498648  0.21880828    0.02068537  0.27510596 -0.11434691   0.86340
-0.42580962  0.76154412 -0.34586686   -0.26345780  0.08412599 -0.12307194   0.92972
 1.92405262 -0.06160009 -0.60833063    0.11547319  0.26070601 -0.08490814   1.19648
 1.36977312  0.32608100  1.14759708    0.02760274  0.00751858  0.30081078   0.79875
-0.27532844 -0.92176227  0.49971867   -0.19851962 -0.11185959  0.20211325   1.04998
 0.78135342  0.80909996 -1.37895931    0.23513155 -0.15251397  0.09946522   0.94190
 0.75758162  1.21799858 -0.94569710    0.02516547  0.05286369  0.29643677   1.04227
 0.40134705  0.76618548 -1.05119575   -0.26807749 -0.14185201 -0.01594049   0.93435
-1.44247579 -0.30484091 -1.11264264    0.21498584 -0.03479253 -0.19905417   0.98753
-0.13263195 -1.95083242 -0.17880009   -0.12811361 -0.23094234  0.14877249   0.98002
-1.37951759 -0.78870401  0.42901010    0.01197192 -0.27909311  0.11146526   1.22738
-0.56284860  0.55341100  1.76229678   -0.07101778 -0.08818894 -0.27628326   0.70305
 0.07535748 -1.24381852  1.43880507    0.18763316  0.19267133  0.12912226   0.72382
-0.74747788  0.13793624 -1.37633727   -0.02900099  0.23931419  0.18182195   1.15285
 1.37501752  0.15250566  1.39499381    0.25316310 -0.14622430 -0.04530264   1.05929
-1.01193522 -0.71834688  0.68472240   -0.20370731  0.16102686  0.15860493   0.78167
 1.39695055  0.00459782  1.06798518   -0.29570453  0.00928345 -0.06838961   1.19710
-0.95212391  0.25991518 -0.06166439   -0.09183437 -0.07482996 -0.27442974   0.72598
 0.42558194  1.43707306  0.60051082   -0.16790496 -0.17711308 -0.17597625   1.16064
-1.44226174 -0.97952569  0.69873934    0.24994560  0.13381256  0.08869782   0.80218
-1.19056048  0.79481438  0.64780938    0.12799474 -0.15938322  0.21959374   0.82482
-0.05156260 -0.10669831  1.08763280    0.20729152 -0.06404695 -0.20010735   1.01835
 0.71282801 -1.58490965  0.60765122    0.11704434  0.06780589 -0.26319890   1.06069
 1.10971384  0.23731867 -1.02246354    0.03858426 -0.24606998 -0.16355168   1.12070
 1.19338921  0.72429183 -0.33783680   -0.09505172 -0.01456904 -0.28298277   1.00080
-0.40478122  0.20964921  1.38229974    0.08633030 -0.21168347  0.19488807   1.12387
-1.38027187 -0.79343300  0.83340586    0.02290269 -0.27294814 -0.11888991   1.27536
 1.71403669  0.58745589 -0.83747141    0.18087314  0.00824345  0.23844201   1.27337
-0.86440431 -0.92273955  1.35924273    0.14036652 -0.16615471  0.20620084   0.91976
 0.68039675  0.78709826  0.37606908    0.14560721  0.23087005 -0.11653473   0.75039
 1.30311170 -0.56789589  1.25303213   -0.07893789  0.14247875 -0.25063574   0.73371
-0.85235162  0.60562659 -0.31542093   -0.14809569  0.19440704 -0.17499334   1.11043
 1.04040241  0.98752814  1.18226483    0.15497618 -0.25348468  0.02158665   0.83336
-1.30317946  1.03548043  0.14494946   -0.01503483 -0.00744812 -0.29710318   0.78943
-1.74966815 -0.15657311 -0.62616212   -0.21354874 -0.16458374  0.14105065   0.81805
-0.13464933  0.41121428  1.93713957   -0.08208296 -0.16345316 -0.23665409   1.12378
 1.48578044 -0.94432425 -0.71995585   -0.09515629  0.19039941 -0.21069508   1.26699
 0.63926571 -1.17336174  0.38556658    0.07434941  0.26524511  0.11854230   0.96409
 0.16213949 -0.42587918  1.67322727   -0.03309987 -0.08479456  0.28894983   0.97098
 0.12579392 -1.21189985 -0.12733626    0.11899599 -0.25416690  0.10354167   1.02133
 0.41753565 -1.44679973  1.16067719    0.27141739 -0.11753659 -0.00862354   1.04807
 1.69466300  0.18258884  0.95034647   -0.30408734 -0.00889855  0.01234644   1.13998
-0.94484849  1.35541691 -0.60939432   -0.03367853  0.01746469 -0.29543816   1.01961
-0.25824087 -0.15083859  0.73526056    0.05497562 -0.29344704  0.02198344   1.06765
-0.89762587  1.20001767 -1.09357639   -0.30192609  0.02816153  0.02850925   1.20937
 1.16845397  0.21310955  1.61788640    0.28534379 -0.01233054 -0.07426321   1.28072
-0.68680354 -0.61783853 -0.25348147   -0.24694429 -0.16634009  0.06175159   1.23592
-0.60225295  1.40508322 -0.23471345   -0.14141410  0.18694846  0.19304985   0.93068
-0.28835517 -0.57994965 -1.71457130   -0.11357696  0.13369579 -0.24273479   1.24212
-0.02568182  0.08703558 -1.49911062   -0.03237562 -0.27894577 -0.10422049   1.11577
-0.81473030  1.54189849  0.01392525   -0.04800894  0.25339111  0.15715140   0.75787
-1.88873739  0.36257274 -0.30543148    0.22000478  0.19710022  0.03087045   0.84290
 1.11225359 -0.42393584  1.59308862    0.20124816 -0.19975379 -0.08583198   0.84733
 0.31993131  0.31966996 -0.57625326    0.07551967 -0.28568764  0.04742474   0.84723
-0.72321233  1.79654498  0.04488859    0.08520454 -0.28622472 -0.00508975   1.02389
 0.22744581  1.42884770  1.15616040   -0.22407345 -0.07173758 -0.18866804   1.00750
-0.85762399  0.60698746  0.47013112   -0.30038188 -0.02897632  0.04188698   1.08351
 0.39598702  0.62377626 -1.01132754   -0.14106224  0.19900185 -0.17545563   1.03397
 0.78841704  0.35031283 -1.74350822   -0.23690035 -0.18043992  0.06075115   0.73017
-0.07015406 -1.64349139  1.02564589    0.25316201  0.00042169  0.15647743   1.19359
 0.38714617 -1.59201667 -0.84967558   -0.01621308  0.21082468 -0.21047246   0.83507
 1.59337738  1.00579459  0.49833795   -0.28706630  0.05286251  0.08800025   0.91417
 1.12109850  1.08681734 -0.03762447    0.02949972 -0.29623124 -0.03067912   0.73188
 1.00416449 -0.61530989  0.58126477    0.12545195  0.15453666  0.22455710   0.75748
-0.87209750 -1.18115798 -1.29897164   -0.15648220 -0.02675981  0.25980916   1.28715
 0.68745464 -1.37348962 -0.92291281    0.21063375  0.20885655 -0.00934247   1.21787
-1.79065241  0.56739165  0.41259724   -0.16810413 -0.24008315 -0.07195557   1.10702
 0.06695967 -0.57880226 -0.58031997    0.20392785  0.18067685 -0.11553503   1.15057
-1.23408765 -0.18301549 -1.02633545    0.29488830 -0.02089779  0.00053960   1.26931
 1.54677486 -0.23500730 -0.79371263   -0.24773964  0.14105970 -0.10165537   1.02654
-1.43362380  0.72001844 -0.65658393   -0.18368087  0.23859167  0.03289326   1.29480
-1.67738541  0.38580866  0.84420703   -0.16479364  0.00385883  0.25609396   0.96263
 0.60365371  0.59732357 -0.84599316    0.18427974 -0.23319674 -0.00331253   0.78879
 1.09968075 -0.68423658  0.89959100    0.28081074  0.06840480  0.06575592   0.94007
 0.28841615  1.74477620 -0.16866313    0.02194426 -0.19662525  0.22767471   1.14775
 0.87429479 -0.20935347 -0.74048026    0.17739113 -0.14878259  0.18923982   1.04742
-0.35682560  0.28355614 -1.21595206   -0.25491814  0.16495696 -0.00101621   0.76072
 0.28315115 -0.57366716 -1.87131676    0.23541412 -0.09731520 -0.14915112   0.92797
 0.23175095 -1.39084885 -0.40937165   -0.06752066  0.28010635 -0.08424491   1.09537
 0.19980775  0.27626444  1.92988557   -0.14313973 -0.22854112 -0.13347593   0.78513
 1.44614877 -0.39527463 -0.31222423    0.06036442  0.08137825  0.28401119   1.15836
 1.37540420 -0.93442781  1.08997700   -0.23925101 -0.05815229 -0.17473805   0.85706
 1.19792653  0.28060647  1.01243396    0.28388674  0.05463338 -0.05997574   0.88564
 1.17210332 -0.61686824  0.36994227   -0.17818175 -0.23855580  0.05637676   1.08263
-0.16639655 -0.20247810  1.71992670   -0.15486590 -0.23193832 -0.11385260   1.29312
 0.41408422  0.35434007 -1.38909107   -0.03880563 -0.29795724 -0.00411377   0.79310
 0.76341706 -0.57664459 -0.92481839    0.06971491  0.27443027  0.09847990   1.20140
-0.61445125  0.53642276  0.81186351   -0.13716799  0.14506888 -0.22391743   0.84706
 0.40270201  1.86486541  0.24608867    0.13487145  0.04292994 -0.25961671   1.17389
 0.52083787  1.84637636 -0.43609379    0.21064815  0.17195668  0.12173659   0.99434
-0.62456833 -0.81762276  1.41795737    0.02951487 -0.12003175  0.27546582   1.18986
 0.07752924 -1.09576643 -0.40248135   -0.06921794 -0.00746693 -0.29019882   0.74139
 0.82735358 -0.48235187 -0.29068721   -0.19696465  0.22217707  0.06211706   0.70770
-0.98693823  1.02258809 -0.67449515    0.22118716  0.00287528  0.20038419   0.82088
-0.84131214  0.27010726 -1.74285052   -0.20814646  0.21608739 -0.03954566   1.02228
-0.33292911 -1.95386478  0.13691457   -0.15318905  0.24893961  0.07927266   0.93774
-1.02043715  0.44606680 -1.24616302    0.16037369 -0.23646510 -0.08074406   1.04016
-0.33149039  0.34298499  0.87284688    0.14876271 -0.18903928  0.17816652   0.93339
 1.55607677 -0.67186503 -1.07729421   -0.29375088  0.07636298 -0.01809714   0.74284
-1.66163416  0.13790528 -0.18224038    0.10835742  0.00241476  0.28061724   0.92914
-1.26809847 -0.50486365 -0.43003986    0.13760358  0.19828463 -0.17208069   1.14627
 1.25950310  0.73723425  0.05545955    0.24623744  0.13319996  0.09980674   1.22313
 0.38728113 -1.48987328  0.78060050    0.11991661 -0.03063960 -0.26870242   0.71610
-0.78903104  1.54178147 -0.88651131   -0.03134697 -0.29745548 -0.02570384   0.70033
 0.05972642 -0.33917465 -1.55801653    0.01140168  0.19484211  0.23017103   0.71693
 1.60051453 -0.81451504 -0.78248033    0.06092551  0.29163124  0.02865132   1.00269
 0.51513562  1.57743465  1.00964236   -0.20945413  0.18754110  0.11560149   0.82353
 0.87482459  1.54306837 -0.52819139   -0.14870097 -0.16897431  0.20416778   0.95216
-1.42112234  0.41153903 -1.20037915    0.07261963  0.12594824  0.26377563   1.04453
-1.27795060  0.16128387  0.93649409   -0.27905629  0.09613162 -0.07023355   0.93053
-1.35514813  0.44062179  0.02389244    0.25626101 -0.14764854  0.01911852   0.91470
-1.36058623 -0.74971167  0.92351084    0.00494416 -0.24634656 -0.16836439   1.26565
-0.95007042  0.18426540  0.74669010   -0.00588791  0.04734342 -0.29361919   1.10367
-1.06390807 -1.65330299 -0.10837549   -0.11807412 -0.08136521  0.26804913   1.06768
-0.55464032 -0.70382430  1.53716130    0.24493659 -0.01411453 -0.16364968   1.12332
 0.32548879 -1.70109434 -0.51263761    0.08252980 -0.23674720 -0.15988168   1.00245
 0.48410448 -0.49142157  1.16647506    0.15080785 -0.23022342  0.11629008   1.26113
-0.19602879  0.96991754 -0.78997016    0.28197551 -0.03524067  0.08484374   0.88248
 0.69656720 -0.61923883  1.12496563    0.16317443 -0.07480182  0.23996221   0.89864
-0.82173506  1.22019071 -0.04093912    0.05368612 -0.00101562  0.29694112   1.26274
 0.21785967  0.83171953  1.26292021   -0.02292632  0.20829592 -0.21247152   0.90857
-1.26376253  0.07757364  1.14330143   -0.03639138  0.23810417  0.18226541   1.17756
 1.02392822 -1.00819314 -0.84619598    0.16726279  0.24343005 -0.03308049   1.24751
 0.00698196 -0.29339048  1.84901863   -0.26921635 -0.14092710  0.00064067   1.07594
 0.35263981  0.74205950  0.84281710   -0.03136946 -0.24658705  0.17135707   1.07489
 1.02778426 -0.06520682 -1.54268767   -0.12876992  0.05221633 -0.26533659   0.86935
 0.91207701 -0.80095046  0.48263378    0.24510803 -0.01086999 -0.16363599   0.74432
 1.12420554 -0.34461701 -1.50680537    0.06212318  0.01232510  0.29489164   0.76766
 0.54795825 -1.52011698  0.74304167    0.07026345 -0.26875084  0.11311445   1.25399
-0.44571635 -1.02798472  1.39258697    0.19579530  0.05680400 -0.21349275   1.18690
-1.23603598 -0.28014045  0.80616595    0.04386509 -0.14815849  0.25898675   1.04243
 0.27144646  0.82544213 -1.29866692    0.27413851 -0.09081705  0.06730116   1.07338
 1.10170065 -0.85637843 -1.13695699   -0.01442216  0.16559987  0.25255667   0.76624
 0.71845288  1.45086636  1.06803619   -0.13538817  0.26919764 -0.01636877   0.98379
 1.14592978  1.27062862  0.34027768   -0.04738621 -0.29106794 -0.05602408   1.24488
 0.06416763 -0.60206116  0.92206839   -0.02344975  0.29851844  0.02528259   0.80376
 1.37819213  0.47446533  0.92257679    0.19240973  0.19816002 -0.10693643   1.05861
-0.14741241 -0.90781255  1.27672026    0.25022447 -0.00592427  0.16118158   1.24973
-1.49611393 -0.65180138 -0.51598455    0.26592176  0.03400105 -0.12300940   0.91654
 1.44054625  0.57021263 -0.26428018    0.26469198  0.09618292 -0.08875143   0.79485
 0.29137730  0.83533103 -1.66770636    0.16590588 -0.23475094 -0.07421570   1.03924
-0.37890713  0.64276457  0.14025355    0.01406433  0.13483379  0.26996457   0.76589
-1.10622251 -0.78388347  1.26966381   -0.29946775  0.01661029  0.05404417   1.16429
 0.64444517 -0.16933927 -1.69384782   -0.03925255 -0.25866331  0.15055078   0.70977
 1.16934737  0.30514291  0.82696243   -0.01891797  0.28691379 -0.08375732   0.92474
 0.73662133 -0.04177165 -1.82682054    0.14183592 -0.17891386 -0.18874080   1.12598
 0.18562609  0.07800893 -1.19415938    0.17622051 -0.21602172 -0.10095038   1.22257
-0.08873060  0.57138018  1.14392446    0.11556631 -0.25126694  0.11435730   0.90795
-0.68186891 -0.61272807 -0.26598862    0.24432471 -0.16445124 -0.03067709   1.09812
 1.30853084 -1.06212941  0.95991560   -0.21815058 -0.21017991  0.01408854   1.23347
 1.78514859 -0.60525248  0.39348751    0.11463515  0.13703250  0.24147516   0.86003
-0.11668215  1.38902972 -0.46859442   -0.15351658  0.20750887  0.15974910   0.92676
-0.71111780 -0.15780568  0.48076487    0.17387192 -0.18256066  0.16042719   1.10898
-0.27162970 -0.44169632 -1.35372596   -0.06475806  0.29159553  0.03890862   0.87834
-0.75111533 -1.70926775 -0.05762558   -0.03196111 -0.04528708 -0.29266352   0.93088
-0.28444048 -1.22630365  0.80385133    0.22147436 -0.17365742  0.09663480   0.84494
 0.50005043  0.46612528 -1.53644753    0.12965554 -0.26189622  0.06138373   0.84314
 0.42606123 -0.86777474 -1.69752191   -0.22530186  0.03587771 -0.19714411   1.10023
 0.44469678  0.87825664  1.38573696    0.27148908 -0.11259044 -0.03238259   0.88637
-0.60419904  1.03917274 -1.18583441   -0.03177155 -0.07714473 -0.28600312   0.77230
 0.65173863  1.07446406 -0.28768639   -0.25494294  0.07776342 -0.14287382   1.07166
 1.10881655  0.07616489 -1.49556981    0.12708517  0.26962509  0.00604830   0.89060
 0.66097783 -0.63923263 -1.34859849    0.10821110  0.18209645  0.21275633   0.79559
 0.81266911 -0.66439396 -0.56486156    0.07902706  0.19320040  0.21641770   0.95523
 0.96213778  1.73285920 -0.11943968    0.13900603  0.22217048  0.14430092   0.83822
-0.48159820  1.57082306 -1.00033718   -0.24453418 -0.17980318  0.00173478   1.05906
-1.32736119 -0.83285671  0.18154279   -0.12879458  0.17007760 -0.21089961   1.17036
 0.16087128 -0.21726690  1.95660969   -0.04492649  0.01654034  0.29940079   1.19624
 0.82916693 -1.62133055 -0.26407734    0.23388028 -0.18217338  0.00982664   0.90049
 0.84143267 -0.28849752  0.04549297    0.10392770  0.16699742  0.22706321   0.71317
 0.40792768  1.23145140 -0.56474695    0.04088052  0.12500207  0.27154357   1.22850
 0.53490740 -1.35396921  0.39957605    0.05129308  0.25153918  0.15630714   0.94224
-0.77836640  0.98221481 -1.15956061   -0.11590099 -0.07567027 -0.26541212   1.25530
-0.47998940  0.63466902 -0.85174958    0.18625412  0.22912369 -0.03137217   0.93547
 0.11063893  0.90063751  0.22312620    0.05679306  0.19956337 -0.21285300   1.10788
-0.15741415  1.47389932 -0.98334588    0.07303924 -0.15065392  0.25023348   0.85554
-0.47687390  1.61636089 -0.14557298   -0.18023673 -0.22350063 -0.09292328   0.80249
 0.67442644 -0.74775665  0.19868319   -0.29018493 -0.02265095  0.09094056   1.00781
-0.98656280 -0.27845493  0.89789895   -0.26648602 -0.13293521  0.06287371   1.18137
-1.60675826 -0.95191494  0.33489237    0.17203336 -0.22783912 -0.08090579   1.08572
 1.51898042  0.37540877 -1.25954510   -0.12662967  0.27276191 -0.02281723   0.93502
-0.11659012 -0.83499327 -0.69282900    0.00603655  0.16394164  0.25363256   1.21536
-1.31149614  1.11631267  0.40749121    0.09607055  0.24310019  0.14685524   1.07241
-1.01374139 -1.03926580  0.11922429   -0.03319539 -0.29439093  0.05274015   1.22272
 0.21705291 -1.64308169  0.26882930   -0.15614437  0.05235663  0.25603942   0.73621
 0.00993016  1.29522541  0.24460746    0.20153123 -0.07581419 -0.20197310   1.01851
 0.81818876  0.89377867 -0.78186982   -0.03385745 -0.22224627 -0.19674445   0.78131
-0.80279309 -0.69053683  1.32223839    0.03734582 -0.22811076 -0.18773097   0.79376
 1.29364361 -0.37974138  0.18466122   -0.23813619 -0.10631372 -0.15248859   0.87663
 0.76688154 -1.41504838  0.65014317    0.25205853  0.15310974 -0.02555606   1.07774
-1.41490123 -1.28003432  0.28016669    0.10602051  0.06201156 -0.26934995   0.74856
 0.97734098 -1.04949470 -0.43187448   -0.18735206  0.09146686 -0.21681823   1.15246
 0.24472676  1.63356209  0.79124891   -0.16001731  0.08431390 -0.23959251   1.16821
 0.74081578 -1.68157498  0.56637806   -0.16458083 -0.06982145 -0.24123257   0.95536
 0.14149478  0.24864653 -1.90676006   -0.04176488 -0.12270001 -0.26858686   1.19071
 1.25720130 -0.94080470 -0.24481774   -0.06909356  0.29122725  0.03407152   0.94194
 0.09251515 -1.02451574  1.67972470    0.05315373 -0.05878232  0.29112296   0.80185
-0.53013992 -1.65305250  0.53864348    0.01881071  0.02407573  0.30074606   0.79077
 0.25891574  1.18129478 -1.13441475   -0.08484160  0.26849668 -0.10428051   1.03792
-0.84770615 -1.63515387 -0.63035243   -0.12932071 -0.27220833 -0.01470530   0.73771
-1.02129380  1.03925328 -1.23808806    0.23928844 -0.15407758  0.08563377   1.19905
 0.17719635  0.43377794 -0.06156476   -0.09691668  0.27982377  0.05852993   0.98351
 0.16024338 -1.01166220 -1.37808802    0.25537856  0.00660139 -0.14732924   1.04559
 0.37187779  1.91463374  0.09189288    0.20540053 -0.17934555 -0.11500334   0.83138
 1.28757327 -0.00573480 -1.48721208   -0.02371389  0.24673806  0.17214062   1.29214
-0.46342836 -1.87396657  0.46681995   -0.24418382 -0.17499275 -0.04069187   0.73212
 0.35187099  0.20646706  1.86652945   -0.13784470 -0.13456590 -0.22994109   0.96304
 1.61598463  0.67032704  0.35183437   -0.06803008 -0.10292913  0.27712761   0.91013
 1.38791110 -0.76609959 -1.04932061   -0.25349157 -0.11760120  0.12142357   0.99108
 0.41386929  0.44607116  1.78107586   -0.13791482 -0.25653340 -0.07717247   1.18610
 0.94567606 -1.09037717 -1.15411537   -0.10770518  0.20002772  0.20087276   0.93782
 0.01303506  0.32426609  1.93875751   -0.30227070 -0.03099814 -0.01468504   0.78917
-0.23036405 -0.64466192  1.86232293    0.10072400  0.09571337 -0.26156236   1.10717
-1.19280127  0.83718071 -0.21318015    0.13470915 -0.24915859  0.09525834   1.23905
-0.35762906  1.84511310 -0.54866319    0.01751613  0.22810894  0.19621284   1.18005
-0.68941094  0.77344224  0.28416702   -0.08105431  0.01870367 -0.28681547   0.90293
 1.84612222  0.52138048  0.42120730   -0.19511617  0.22814225  0.04214525   0.93830
-0.58055178 -0.10198535  0.71769275   -0.15197130  0.10127894  0.24335444   1.15414
-0.36103712 -0.42845201  0.41935566    0.12204799  0.21922498 -0.15847614   1.04985
 0.74987391  1.68871058  0.35732640   -0.27836325 -0.03592988  0.11941248   1.24867
-0.30502544 -1.66183314 -0.22385357    0.12440324 -0.27049589 -0.01338371   0.81193
 1.47840601 -1.11596329  0.47924638   -0.22417851 -0.19469132 -0.05893532   0.82690
 1.89770763 -0.49863842 -0.03774025    0.12186362 -0.26891028 -0.03932351   0.83496
 0.28661030  0.41081402  1.86486388    0.10333334 -0.10322848 -0.25766450   1.16105
-0.65862036 -1.02335190 -1.17778565    0.26854849  0.12453046  0.00295615   1.13768
 0.11507601  0.98703751  1.19959021   -0.11298811  0.27090650  0.07193300   0.92373
-0.35095143 -1.79294496 -0.65728025   -0.18017827  0.23817377  0.05119303   0.71619
-0.15426410  1.02014744 -0.42349638    0.01701059 -0.16157694  0.25448912   1.02724
-1.01050339  0.72971029  1.12973760   -0.03441627 -0.07254382 -0.28693134   1.08739
-0.18027490 -1.54494433 -0.83702714    0.17615841 -0.18961845  0.14909974   1.27364
 1.25911141 -1.31218755 -0.76176787   -0.21870454  0.02795989  0.21065619   0.80810
-0.91207147  1.28528402  0.50399013   -0.14671932  0.17585866 -0.19437950   0.76460
-0.26242379  1.69577594  0.60582221    0.11241920 -0.27634291  0.00128777   1.02967
-1.29429003  1.16637217  0.29940479   -0.21912332  0.11898767  0.17501663   1.24788
 1.19283552 -0.78551637  1.16810355   -0.07381348 -0.22362008 -0.18494662   0.94024
-0.10850354  0.44492447  1.33175261   -0.01602993 -0.23954526 -0.17763349   1.00877
-0.54277249  0.33193119 -0.90049444   -0.12299229  0.26423354  0.08073634   1.29230
 0.06960739  0.28749512 -1.61847442   -0.16181650  0.03427082  0.25567102   1.21661
 1.62737602 -0.77195763  0.61095277   -0.28450834  0.09736871 -0.04258071   0.90767
 1.30160063  0.30040693  1.23697072    0.01506509 -0.28580776  0.09174838   1.01663
 0.98976716  1.24484736  0.42444615    0.13037066 -0.01081271 -0.26520281   0.74488
 0.28304002 -1.09835955  1.55921911    0.01157127  0.14416197  0.26521491   1.01348
 1.19448425  0.47674640 -1.27722293   -0.30029436  0.01319475  0.05013687   0.96795
-0.81734370  0.63573706 -1.02368027   -0.04737732 -0.07966605  0.28863403   1.10025
 1.19122821  0.12215869  0.85511370   -0.24621560  0.16882814  0.05744122   1.13372
-0.90481924  1.61731346  0.10405616   -0.20542521  0.20966927  0.07752796   1.24305
 0.22084540  1.74175124 -0.39501247    0.18528446 -0.02038194  0.23416183   0.94793
 1.68913875  0.58775391  0.51092661   -0.06398597  0.16647688  0.24495202   1.08106
-1.13232404  0.38209008 -0.25104110    0.07839092 -0.25708472 -0.12801716   0.77595
-0.88364821 -0.56966495 -1.66733332   -0.09753678 -0.04508777 -0.27896897   0.87703
 0.40036532 -1.43537579  0.70635666   -0.06977168  0.29174338 -0.02188704   0.90971
-1.13108606 -0.73754916 -1.22212966    0.02499975 -0.06627761 -0.28849694   1.05186
 0.78197737 -0.93159531  0.84523244   -0.07910214 -0.25166716  0.14783060   1.20060
-1.09141742  0.50688847  1.19755374   -0.28854572 -0.01301855 -0.09266824   1.27030
-0.86639659 -0.08391132 -0.84243174   -0.10512920  0.11246673 -0.25660805   1.22650
-0.73556234 -0.20836215  1.70930617    0.22219593  0.09323093  0.17573352   1.16169
-0.49623809  1.02670252 -1.59709382   -0.18016546 -0.10256373  0.22302895   0.85320
-0.81580091 -1.46454642  0.09318242   -0.09174580  0.19664291 -0.20641149   0.71115
-0.74961849  1.74314178 -0.57835877    0.13360379 -0.23680467 -0.11941817   1.01953
-1.60712482  1.02693586  0.33116344   -0.30209523 -0.00500250 -0.03397540   1.29977
-1.12338894  0.88903976 -1.35136116   -0.03506905  0.00947798  0.30089010   0.98969
 0.41587953 -0.94408661  1.38226714    0.20418085 -0.20163640 -0.07388731   1.09855
-1.40728463 -1.24406517 -0.34053393   -0.00259601 -0.01685597 -0.29690637   0.72905
 1.67152888 -0.04494169 -0.23058644    0.21258140 -0.10334868  0.18220190   1.27876
 1.01879708  0.43425532 -1.55551081    0.15651377  0.08544070  0.24096688   1.24964
 1.13162011  0.18659419 -1.64684095    0.06777800 -0.11807036  0.26880450   1.11168
-1.45679883  0.58921277 -0.31352040    0.24611285  0.04892516 -0.15505447   1.04662
 0.64694465  0.96947079 -0.45673966   -0.06404377 -0.28694393  0.06673891   1.17891
-1.84964757 -0.00730680  0.31970704   -0.30144684  0.04064333 -0.00719657   1.18442
-1.54802343  1.14298516  0.08411183    0.21861242  0.00890510 -0.19787467   1.07772
 1.03271622  1.37642095  0.69249990   -0.07050549  0.02034668  0.29452690   1.19695
-1.39003665 -0.59399703 -0.12965920   -0.02755093 -0.26952852 -0.12709827   1.23956
-1.48384914  0.86760237  0.38576389   -0.23918095  0.14512310  0.12009657   1.08362
 0.11239155  1.36837870  0.50416165    0.12935902  0.23191094  0.13798487   0.89920
-0.66099814  0.55295382  1.04590492    0.25317550 -0.13770448 -0.06600323   1.17950
-0.88755434  0.35968021  1.08144054    0.16634088  0.03488643 -0.24159227   0.87150
 0.79365175  0.42720034 -1.13204501    0.25451197 -0.10880340  0.10816980   1.02206
 0.08250405 -0.23991494 -1.84295069    0.08181946  0.27971942  0.06833187   0.99554
 0.25526321  1.45692557 -0.74489933    0.11228260  0.23092444  0.15446192   0.80680
-0.29857327 -1.43909652 -0.63657128    0.09825652 -0.15010366  0.24123610   0.88671
-0.84154638 -0.01212802  1.64358750   -0.02793412 -0.08459155 -0.28425039   1.02607
 0.01152395 -1.75822095 -0.45892784   -0.28744816  0.01021189 -0.09620790   0.72752
 0.50470018  0.90590844 -1.31295223    0.19538502  0.22352013 -0.00865868   0.74016
-1.13921406  0.77261618  0.65991162    0.27398421  0.08043114 -0.07512467   0.82257
 0.16477145 -0.71889703 -1.44417862    0.23424119 -0.18132564 -0.01109679   0.78804
 0.98775677  1.27058469 -0.04322343    0.07076063  0.29041722  0.00442941   1.21037
-1.30537926 -0.05112008 -0.08317857   -0.21946894 -0.20117763 -0.05456086   0.73835
 0.99272635 -0.43745845  0.55624494   -0.03854417 -0.29801960  0.00771948   0.74566
 0.45302359  1.15468751 -1.37908878   -0.18023118 -0.17397204  0.17236308   1.21607
 0.48702178 -1.48984100  0.83176838   -0.19916654 -0.06306189  0.22189159   1.27298
 0.65480853  1.72767067  0.22804427   -0.30029343  0.04925930  0.00493316   0.76424
-0.50176947 -0.79232133  1.50924678    0.23354842 -0.08438281 -0.15947638   0.70389
-0.92609118 -1.21026884 -0.29797781    0.08260339  0.03973845  0.28696381   1.17258
 1.90819771  0.30419923 -0.56064835    0.04483818  0.23693612  0.17990571   0.96475
-1.24510930 -0.79493207  0.50846735   -0.20456679  0.01726730  0.22538262   0.89722
-1.54973460  0.71015080  0.97586436   -0.26982911  0.12259963 -0.06447162   0.76296
-1.17462155  0.43556207 -0.48850063    0.25448798  0.12844301 -0.07792954   0.78210
-1.24039345 -0.52494319 -1.33476842    0.28843385 -0.00702932 -0.06229016   0.80734
 0.17691477  0.32535128 -1.33851450   -0.00995580 -0.09432481 -0.28212073   1.22440
-1.73628608  0.23027953 -0.67071148    0.06657621  0.19201021 -0.21668327   1.28493
-0.02908882 -1.02747305  1.41480050    0.20002273  0.06859421 -0.20598374   1.27108
 0.59645685 -1.49120851  0.26955344   -0.08821458  0.22733944  0.17947974   1.16853
-0.05861009  1.72445598 -0.09983360   -0.20320750  0.06651917 -0.21195293   0.92364
 0.00342580  1.04992001  0.34424214   -0.20145368  0.09244175  0.20904300   0.79253
-1.35192023 -1.16675161 -0.75914852    0.14456166  0.13657579  0.22433627   0.87471
 0.39462695  0.45882835 -1.32063853    0.23422146  0.14294418  0.11501385   1.21747
 0.51073635 -1.52689378  1.08006732    0.29338310  0.00882922 -0.03289253   1.16684
-0.40634273 -1.50795588  0.97187410    0.14369351 -0.25985327  0.02626750   0.88382
 0.92897598 -0.80931127 -0.60770812   -0.30310145 -0.01260890 -0.02198135   1.08356
 1.32521107  1.17734129 -0.12674298   -0.28542440 -0.09324277  0.05079104   1.15132
 1.60599731  0.32958532  0.69129670   -0.12706271  0.16259344  0.22285733   0.85072
-1.19947179 -0.48444375 -0.75946192    0.12816125 -0.22310278 -0.14793589   0.97876
 0.85308304  1.47111675  0.96845481   -0.12101314 -0.20886332  0.18366360   1.26234
 1.06546428 -1.42159211  0.13874395   -0.00572377  0.22083844 -0.20041622   0.73598
 0.45410330  0.00240862  0.75914080   -0.30213424 -0.00631249 -0.03345221   0.92544
 0.43049435  0.78933106  1.38613064    0.05643878  0.27860754 -0.09050159   1.04537
 0.18399034  0.77459251 -1.38084193   -0.07702835  0.29084950 -0.00831171   0.86450
-1.47341678 -0.54082438 -0.78288171   -0.25467051 -0.16432580 -0.01622981   0.88871
 0.67196447 -1.19006987 -0.90960707   -0.26652781  0.12253838  0.08171931   1.13882
 1.27387290 -0.30693204  0.09075459    0.00137849 -0.28866801 -0.07891087   1.06936
-0.03510286 -0.96756741 -1.73177517    0.25337703  0.14983254  0.03591042   1.14432
-0.47668101 -0.78528933  1.54458887    0.09547346  0.26957258  0.08836069   1.04454
-0.01392862  0.63011968 -1.81692413   -0.15628257 -0.14506733  0.21682211   1.04963
-0.13400458  1.08476450  1.21839224   -0.20869194  0.21840299  0.02604102   0.77888
-1.55297874 -0.10229028 -0.43778559   -0.00934853  0.26444547  0.14416302   0.91466
-1.15292536 -0.51580992  0.19980470    0.08212292 -0.15147432  0.24670128   0.76221
 0.74576073 -0.72925729 -1.63291754    0.04199714  0.28490085 -0.07906838   0.91854
 0.18405687  1.18363131 -0.75396515   -0.16267723  0.25327055  0.03067310   0.80572
-0.25706908 -0.33800691  0.65075639    0.01602534  0.29598326  0.04698399   1.20092
-0.87206406 -1.34401233 -0.92145356    0.20662749 -0.05492211  0.20867942   0.70663
-0.44716294 -1.56153451  0.84843231   -0.04788129  0.08608817 -0.28145081   1.28974
-0.08528227 -1.85548689 -0.62752343    0.08115280  0.09686806 -0.26812128   1.21632
-0.01736684 -1.10012315 -0.97260731   -0.17669446  0.00995859  0.24798675   1.02855
 1.10363511 -1.53801786 -0.37249991    0.29192722 -0.03874790  0.02914268   1.22346
-0.11561871  0.28770684  1.19269768   -0.02694417 -0.06073612 -0.29030740   1.13643
 0.22377931 -1.12431351  1.34228317    0.18334237 -0.16878185 -0.15949385   0.73846
 0.08175867 -0.97554963  1.39395663   -0.22233906  0.13349089 -0.15444695   0.75830
-0.22637675  0.36978183 -1.92073376   -0.19730776  0.12367050 -0.19098085   0.73301
 0.36263829  1.12509182  1.04054033   -0.06178669 -0.23550662 -0.17415564   1.16969
 1.37700934 -1.08483609  0.82637638    0.02183785 -0.28815304 -0.07669081   0.89138
-1.35600686 -0.36283652  0.28744040    0.26478215 -0.13145130 -0.01405917   1.07621
 0.03488536 -1.48647023 -1.05307719   -0.19507591  0.14999084 -0.17382734   1.07492
 1.36506918 -1.15071506 -0.10357512    0.25992764  0.06512168 -0.12348118   0.85145
 1.09075150 -0.69343353  1.40173897   -0.00467973 -0.24860141 -0.16532778   0.71660
-0.60579904 -0.30813925  0.35978811    0.04069623 -0.07699100 -0.28381650   1.13851
 0.34113112  0.88717717 -0.72687217   -0.27459457  0.07063726 -0.10688620   1.10042
-1.19891111 -0.23090655  1.41243995   -0.09564892  0.07384218  0.27868498   1.07104
 0.98304197 -0.94688010  0.60851715   -0.21110552 -0.05963667  0.21168117   1.03641
-1.24984725 -0.26025702 -1.24278995    0.28559266 -0.03917678 -0.06359712   0.89618
-0.90635578 -0.96427099  0.88271935   -0.08801506 -0.27599312  0.08532510   0.91845
-0.42335642  0.41773000 -1.69279488    0.16604292 -0.16245815  0.18854390   0.73853
-0.60423946  1.07979014  0.35486873    0.19568340  0.21276674  0.07116960   0.83197
-0.07019988  0.16428433 -1.54858290    0.04522163  0.16180603  0.25031236   1.05639
-1.00332685  0.34185945 -0.42948857   -0.17481483 -0.00703743  0.24939773   0.79474
 0.20186915  0.47661013  0.54026689   -0.11181126 -0.22885459 -0.15891006   1.05568
 1.46910596  1.24169087 -0.52040404    0.02737941  0.25766878 -0.14768586   1.09119
-0.31869873  1.26530406  1.04571860    0.20583999  0.19343399  0.09419177   0.86104
-0.41617921  1.69100031  0.26241575    0.07383474  0.22763066  0.18166906   0.79086
-1.49789511  0.65947610  0.23760422    0.29012697  0.02634399  0.05333709   0.74881
-0.60035780 -0.25748376 -1.53062776   -0.12116788 -0.14575058 -0.23216352   1.09712
-1.58257614  0.48161368 -0.99237360    0.08220496  0.28076068  0.06318279   0.82779
-0.77301262 -0.50775704 -0.19689805    0.14218920 -0.12760085 -0.22594616   0.75203
-0.89768098  0.93266515 -0.21422173   -0.29549618 -0.02113281  0.07192308   0.96626
-0.65736966 -0.73806896 -1.71146297    0.25355175  0.09933178 -0.11401663   0.72974
-0.06114946  1.50564359  0.88288305   -0.02997054  0.16214864 -0.24847793   0.99852
-1.40801447  0.10185041  0.74317723    0.20660554  0.09726101  0.19241454   0.76324
-0.37458722  0.19971388 -0.25560452   -0.03872803 -0.14724009  0.26173856   0.93564
-1.09916177  0.75893928 -1.34004715    0.02758071  0.08861767  0.28743612   0.77591
-0.83342241 -1.66374510  0.46921131    0.28979933 -0.01643196  0.05910324   0.96711
-0.17841832 -0.42721075  1.37426966    0.13610661 -0.14373551 -0.22011530   0.71025
 0.11291661  0.25731353  0.02370160   -0.01250840 -0.28849423 -0.07932254   0.96108
 0.88509974 -0.96263343  0.53218074    0.09716852 -0.00986571 -0.27950439   1.02192
 0.48458380  1.24905200  1.31818836    0.16482834 -0.03907191 -0.24201545   0.78648
 1.97304592  0.04606219 -0.07881118   -0.06642256 -0.25558492 -0.14172637   1.12944
-1.12771230 -0.28322062 -1.30040404    0.18701247 -0.15167960  0.17687972   0.80575
 0.16108449 -0.29102527 -0.55608903    0.19827986 -0.05241562 -0.21229046   1.10085
 0.68760832 -0.99250317 -1.08942022    0.20538516  0.17528297  0.12618882   0.72653
-1.24951892 -0.25741916  1.27877853   -0.14869438  0.25878061  0.04948851   0.76776
 0.39653815  1.85696576 -0.53368198    0.03880001 -0.20887840 -0.20836335   1.19203
-1.74467753 -0.37728282  0.41460930   -0.25513335  0.10161052 -0.12697386   1.20757
-0.98357292 -0.31426754  1.53023001   -0.27747669 -0.04297353  0.11911015   0.94979
 0.45262114  1.31262153 -0.67867712   -0.00623872 -0.27305555 -0.12166494   1.06789
-0.54713277 -0.89632986  1.61722873    0.21257329  0.17153182 -0.11359238   1.05682
-0.66636053 -1.60662045  0.59840415   -0.25059072  0.15217331 -0.07623478   1.17609
-0.66111446  0.53897299  1.60593748   -0.26523866  0.13798460  0.05653298   1.04738
-0.15491298  1.53816292 -1.04215121    0.20130777 -0.04970743  0.21527592   1.26289
-0.47289228 -0.50207059 -0.27840396   -0.00312051 -0.29112362 -0.06987190   0.74262
-0.49608923  1.09066078  0.42890318    0.25776194  0.08289068  0.12265638   0.95836
 1.33759169 -1.34980895  0.52540588    0.24363099  0.05763619  0.16126089   0.79967
 0.51970503 -0.34111109  1.32525333   -0.29784972 -0.05985882 -0.01448476   0.82652
 0.12158489  0.15978670  1.79652329   -0.10155685 -0.25674588  0.12363378   1.06525
-0.19374779 -0.60386623  1.70980224    0.09968740 -0.15302957  0.23874509   0.90111
 1.32077841  0.18681395 -1.26241087    0.11615974 -0.27422723 -0.01408129   1.17230
 1.90363912  0.51933016 -0.05177109   -0.00217709  0.16338327 -0.24897178   0.74412
 0.97125666  1.14136214  0.91989397   -0.00336688 -0.25208350 -0.16005193   1.28069
 0.80659513 -0.71694150 -1.29547708    0.14148129  0.25740581 -0.04698069   0.90162
 0.04852561  0.28104533  1.74272306    0.21148075 -0.08600716  0.19238072   1.26169
-1.24354697  0.05060737 -0.52090135    0.06342695  0.20428704 -0.20634209   0.81444
 1.69173979 -1.06768775 -0.09979379    0.01870423 -0.23973948  0.18149961   1.28442
-0.01743092 -0.01841208  1.06374443    0.07151643  0.13377475  0.26018164   1.11930
 0.28512802  0.67055137  1.41572605    0.03059861  0.11500220 -0.27224410   0.75986
 0.74540997  1.61256992  0.45395004    0.08792559 -0.27325433  0.08520292   1.07476
 1.10518058 -1.49629619 -0.09843343    0.17619215  0.23955040  0.00085325   1.17523
 0.17763844 -1.79778767  0.26786300    0.23022596 -0.17612515  0.06543942   1.23698
-0.40496231  0.26349604 -1.85351425    0.24380225 -0.02178516  0.16974765   0.73512
 0.14474968  0.98100909 -1.61199096    0.19579122  0.19278630 -0.11034615   1.15639
 1.18138156 -0.71021156 -1.07252735    0.28260096  0.07937145  0.03924167   1.09517
-1.52680594 -0.92403169  0.27535954    0.16159126  0.03211638  0.25045021   0.95119
-0.68389725 -1.66389426  0.74926872    0.07025013 -0.12637175  0.26427323   1.02014
-0.09448997 -0.76947998  0.70253946    0.16698658  0.17184143 -0.17373617   1.20514
-0.75553349  1.33046585  0.98299402   -0.15894791  0.23697670  0.10232764   0.94991
-1.77180101  0.14304673 -0.30721914    0.05244050  0.08173688 -0.28038359   1.07399
-0.24869296  0.05914617 -1.82142094   -0.09285405 -0.03826268 -0.28147787   0.85499
 0.42446092 -0.72970292  0.68584067   -0.04150952 -0.21452935  0.20902484   0.89450
 1.70449828  0.19266265  0.71088278   -0.07361636 -0.18964475 -0.21930040   1.05388
-0.30403321  0.98734586 -0.15315713    0.29299173  0.00471995  0.04197929   0.73029
-1.04785001  1.32526155  0.98700405   -0.20707466 -0.05578862  0.21663147   1.22970
-0.52499014 -0.88432225 -1.49422179   -0.12564174  0.13733117 -0.23493630   0.86900
-0.79596060  0.59434087  1.63348393    0.28213106  0.01151697 -0.08559038   1.28737
 1.07845397  0.68046166 -0.65988331    0.21255383 -0.04244329  0.20544764   0.70291
-1.24302620 -0.74832890  1.29334853    0.28333379  0.06359732 -0.05374100   1.14305
 0.48800514 -1.10369287 -1.24322475    0.17639406 -0.23525229 -0.04194326   0.89636
-1.36361176 -0.53224271 -0.86299637    0.18182868 -0.08116058 -0.21816279   1.16379
-1.88889382  0.23678335 -0.46920296    0.00055600  0.17747132 -0.23919901   1.13120
 1.33578434 -0.61097973 -0.92657941    0.04095708 -0.23672734 -0.17602476   0.74158
 0.76890904  1.51145563  0.47451487    0.27461922  0.06411527 -0.08709800   0.97910
-0.44147483 -0.74557401  1.25171424    0.17198579 -0.21968390  0.10577513   0.94301
 1.57885334  0.26593887 -0.31070624   -0.12330888 -0.27013997 -0.05112343   1.23583
 0.17150846 -0.54094932  0.93579384   -0.27506699 -0.09559941  0.08973887   0.92103
-0.18371012 -1.42073776  0.93907368    0.22920338 -0.03844894 -0.18167565   0.78039
 0.65974027  1.28007423 -1.00939383    0.18120425  0.23432236 -0.02279156   0.81805
 0.22907321 -0.70159000 -1.75355232   -0.11322052 -0.23641862  0.15183505   1.14439
 0.93073794 -0.68698470  1.52975503   -0.27711419 -0.09561162  0.08308690   1.04741
 0.67583499 -0.67704526 -1.44809302   -0.15599940  0.04369960 -0.25253094   1.28854
 1.54371327  0.33511699 -0.86382330   -0.25032647  0.06322412 -0.15710177   1.22121
 1.07556941 -1.25427760 -1.00644848   -0.15554756  0.23445236 -0.10771287   0.84647
 1.16982520 -0.36635361 -1.25819442    0.25709373 -0.13621455  0.05813941   0.79638
 0.04929156 -0.19442654 -0.44441466   -0.09458158  0.01789705  0.28817132   1.16823
-0.59035352  1.08055389 -0.27786473   -0.10344291 -0.23521669  0.16030561   0.75313
 0.48209002 -1.10247557  0.77437576    0.18668477  0.18107516  0.14649614   1.12241
-1.18468822 -1.36987235  0.47813898    0.19241591  0.11917366  0.19514218   0.93324
-0.31830435  1.04238603  0.24443948    0.10640081  0.16775514 -0.22005348   1.23598
-0.19810387  0.37692926 -1.91033856   -0.15139390  0.17244849 -0.19396092   0.90870
 0.44248326  1.31520860 -0.88127560    0.14100764 -0.10532107  0.24297764   1.20541
-0.49173705 -1.50471726  0.57278168   -0.30172997 -0.03798868 -0.00917998   1.05127
 0.46541192  0.56742410  1.07973591    0.25234972 -0.09448195 -0.12054130   1.29929
-1.46323779  0.36974562 -0.44066168   -0.04935903  0.20047270  0.22120428   0.73013
-0.99921003  0.93233780  1.21144934   -0.22756448  0.18917286 -0.06368020   0.94803
-0.33631724 -1.30598639  0.06102367    0.20489168 -0.21049308  0.04627097   0.71193
 0.77428842 -0.28937793 -0.93900341   -0.04146374 -0.25788084  0.15137665   0.86292
-1.62033194 -0.85616993 -0.30884516   -0.11145696  0.13608375  0.24758647   0.93818
 0.88531440 -1.51100942  0.20726982    0.16849578 -0.21282431  0.12438313   1.27286
 1.29714076 -0.62083949  1.02660666   -0.02225988  0.24201007 -0.17374768   0.79813
 0.47932275  0.32551869  0.10573627    0.17170196  0.21081778 -0.11799010   1.25871
-0.71034163  1.19275017  0.48838709   -0.05297864  0.03143271 -0.29174653   0.99829
 0.08062779  1.05812496  1.44993668    0.16685153 -0.03296178 -0.24150637   1.19778
-1.68738411  0.31344403  0.22308105   -0.08320088  0.20331050 -0.20340746   1.22378
-0.66696723  0.31553838 -1.73798266    0.26344355  0.06585975  0.12065223   1.08600
 0.77021756  0.80368837 -1.27465482   -0.27199288 -0.08916429 -0.09953221   0.97297
-1.16356250 -0.38405964 -1.06300057   -0.24632596 -0.11613805 -0.13145979   0.87819
 1.43389339 -0.05993388 -1.12157750   -0.22349318  0.20488360  0.00050675   0.80434
-0.43624119  0.56783872 -0.38348703    0.12339778 -0.10260115 -0.24868096   1.20977
 0.46589144 -0.67196830 -0.31698418   -0.02270557  0.16947997 -0.24423567   0.70893
 1.09425726 -0.51797376  1.36155068   -0.16886060  0.03022261  0.25167502   0.87534
-1.37285759 -1.02931797 -0.11727722    0.15504383 -0.13574852  0.21746770   0.78358
 0.85602332  1.61335968  0.21638222   -0.22045105 -0.17966104  0.10768361   0.88441
-0.02784159 -1.96979079  0.06146266   -0.03012405  0.06228740  0.29494293   1.28064
 1.62903170 -0.53611533 -0.28548806   -0.13227097 -0.22267968  0.15774000   0.76840
-0.24575416 -0.36702171  0.98399891   -0.10635924  0.11427898 -0.25533120   1.08999
 1.01736275 -1.67152714  0.01535517    0.22942348 -0.14865183 -0.11246995   1.15847
 0.77758673  0.76320402 -1.46559121   -0.00997094  0.29169455  0.07242967   1.16396
-0.45825351 -0.32335111  1.35023829   -0.19712814  0.15258967  0.17454155   1.29262
-0.28055649 -0.64101129  0.80984621   -0.00728890 -0.17143417 -0.24356982   1.27211
 0.03853886  0.89681252  0.73702442   -0.19375771  0.17949967  0.15063299   0.71807
 1.51663243  0.34460663 -1.16808290   -0.08691586 -0.21931010 -0.18472695   1.25490
 1.16370810 -0.96837692 -0.17478867    0.22957723  0.17105912 -0.07483813   1.15857
 1.25109315 -0.47394908 -0.23750085    0.12960355 -0.22203362 -0.14823942   1.02566
 1.09901329 -0.48600023  0.52324897    0.03645442 -0.13814487  0.26577502   1.00035
 0.12830910  0.42311331 -0.44336124   -0.23876158  0.17749949  0.06221619   0.93026
 0.16231928  1.12769417  0.88358257   -0.08928907 -0.18179966 -0.22041917   1.18997
-0.28022482 -0.58029962 -1.75234439   -0.09534765 -0.16274057  0.23765743   1.28366
 1.65037303 -0.78074902 -0.61745373   -0.17528606 -0.14144801  0.20457279   1.24820
-1.25778582 -1.13740678  0.67981771    0.20248229 -0.19823971  0.09158947   1.16858
-1.21293705  1.19971140 -0.97304137   -0.06410995  0.28513445 -0.06894972   1.22120
-1.01042672 -0.44706485  1.30121478    0.01165124 -0.07367614 -0.28775893   0.91003
 1.94521347 -0.50566963 -0.02162113   -0.04388160  0.13131539  0.26943285   1.06309
 1.08981935 -0.29784263  1.39324756   -0.11224521 -0.13871850  0.24577335   0.92303
 1.82562844 -0.35893638 -0.45258534   -0.06318206  0.13909960 -0.25659308   0.77737
-0.39349468  1.13824865  1.43253290    0.12346421  0.21980596 -0.15655527   1.21917
-0.01495191 -0.94818410  1.64386829    0.17292529  0.22826051 -0.07772210   1.12458
 0.13904379  0.24052781 -0.47624389   -0.28458242  0.05472911  0.09474492   1.19521
 1.77584843  0.17522022 -0.48542274    0.25397936  0.08303293  0.13050222   0.96264
-0.54635748  1.64904137  0.17428061    0.12599702  0.25074962 -0.09798093   0.89865
 1.37165186 -0.73226244 -0.27804215    0.01151004 -0.06902699 -0.28890658   1.20611
 0.47316673  1.50366397 -0.41130796   -0.12227544  0.15879474 -0.22294905   0.87492
 0.21921985  0.81861806 -1.50782920    0.23284752 -0.01723618  0.18544870   0.92730
 0.83281479  1.24277666 -1.14588207    0.22030055  0.06727456  0.18967718   1.26067
-0.65457067 -0.31462640 -1.82839852   -0.21601022 -0.18990395  0.09828984   1.21795
 1.51501563  0.54934636  0.02025249    0.20056526 -0.11791114  0.18727531   0.93725
 0.77817991 -0.18863924 -1.80554497   -0.16290009 -0.09655623  0.23830625   1.25108
-0.50136871  1.01263739 -0.97473798    0.13430659  0.16329374 -0.20737770   0.75236
 0.92238800 -1.03127285  1.34982327    0.11311453 -0.26607346  0.07616024   0.89604
-1.52039227 -0.61598256  1.08912544   -0.04621189  0.27636227 -0.10631241   1.02895
 0.10822712 -0.30638163 -1.44667136   -0.11960535 -0.14051870 -0.23609204   1.02081
 1.13310924  0.34486956 -1.52108699    0.20956449  0.14859684 -0.14619175   1.01343
-1.03147679  1.16222114 -0.30625916    0.19117098  0.20828121 -0.08889212   0.90725
 0.82177199 -1.08773528  0.87363475    0.02578023 -0.24077839  0.17903441   0.98619
 0.29250241 -1.50671802 -1.06406333   -0.23554035  0.16482857  0.09951683   1.20972
-0.27257417  0.67571363 -0.36714809    0.06890662  0.00002658  0.29352685   0.83135
 0.39787774 -0.70851845  1.22902674   -0.26645596 -0.02611245  0.14625883   1.02397
-1.16311945  0.25355157  1.11617260   -0.18119961 -0.21421496 -0.11075235   1.19804
-1.62499649 -0.81276676  0.76952525    0.08601532 -0.17814634  0.22644248   0.70388
-1.59058410  0.73272312  0.74088469    0.00881578 -0.28078949  0.10745724   0.71155
-1.34075780  0.03902019 -0.02486044   -0.08317107 -0.11551098  0.26804366   1.14880
 1.56639522 -1.03603857  0.04067153   -0.03138724  0.29089205 -0.06552670   0.86435
-0.76299406  1.15872614 -1.01670637    0.03261633 -0.25135658 -0.15694375   1.18303
 0.64466788 -0.55645856 -1.34152574    0.29335837  0.03269813  0.01945536   1.08739
 1.18889358  0.32170001  1.16322034    0.23041489  0.18576487  0.02155109   1.21546
-1.49700534  0.71591609 -0.39888896   -0.27783201  0.09139580  0.08547821   0.88091
-0.85461044  0.89847314  1.34192856    0.21586185  0.12393051 -0.15903976   1.01519
-1.47506749  0.96998951  0.16895507    0.19983097 -0.08059214  0.20708180   1.00412
-0.67696251 -1.61901242  0.43830043   -0.13343081  0.13138527 -0.23419465   1.14224
-0.42646289  0.26455337  1.18683197   -0.04096491 -0.21242858 -0.20605173   1.15600
-1.09912432  0.78654504  1.05569773   -0.06876958 -0.18381738  0.23080464   1.29985
-1.21950599 -0.96401187  1.06408111   -0.08364161  0.28730549 -0.03149974   0.88787
 1.45718303  0.04488730 -0.62891806   -0.25715928  0.13396940  0.09288774   0.83107
-0.43534524 -1.78739710 -0.70155544   -0.09671077 -0.28538734 -0.00348909   1.12915
 1.26017689  0.73042464 -1.22879019   -0.19982743 -0.09602690 -0.20373597   1.26217
 0.71993598  0.48155153 -1.71048517    0.24277871  0.14327111  0.09417476   1.19895
 0.98043568 -0.93981437 -0.27369737   -0.22404170  0.19871058  0.05010583   0.85129
-1.85677564  0.01427376 -0.37918305    0.13983654 -0.22407793  0.14045020   0.75406
-1.21321207 -0.68239457 -0.37597637   -0.13617887  0.20134627  0.18172900   1.00075
-0.18319969  0.34495407  1.92684377    0.21374070 -0.20453830 -0.02177950   0.85782
-0.46215595 -1.47739649  0.34369969   -0.27523104  0.11738706 -0.05081380   0.87303
-1.11219525  0.56564269 -0.39750712   -0.06922989  0.08757994  0.28211689   1.15353
 0.16251805 -1.37534566  1.29966803    0.16402212  0.17904124 -0.16937465   0.78421
 0.55759527  0.83443904 -1.12297703    0.08665717 -0.00686604 -0.28315714   1.17333
 1.28399452 -0.50843646  0.11025484   -0.13033805 -0.27174994 -0.01453336   1.21689
-0.79539173 -1.76080103 -0.46704714    0.26684576  0.10840324 -0.06582247   0.99955
 0.69670007 -0.29790521  1.45159512   -0.18712090  0.22772190 -0.06623492   0.79306
-0.72528090 -1.56192361 -0.87131445    0.19390589 -0.16107671  0.15991502   1.09425
 0.28400156 -1.26678852  1.39805491    0.14638813 -0.25741381 -0.02925879   0.93280
-0.86844082  0.79772592  1.08977827   -0.06916870 -0.27574397  0.10148761   0.74903
-1.02569913  0.30930176 -1.43230098    0.03809017  0.18164059  0.23755715   1.10483
 0.49903458 -1.70124210  0.62991152   -0.20230683 -0.06958539  0.21705344   0.93446
 1.53020426  0.52320639 -0.72094236   -0.15488773  0.18270497  0.18689701   0.88709
 0.18757460  1.44063888  0.11912331   -0.03872529  0.24675106  0.16972760   0.97956
-0.80022558  0.09154169  0.80914278   -0.24463121 -0.17733544 -0.02628813   0.81822
-0.02873907 -0.85113857 -1.72181312    0.08934411 -0.12617272 -0.25292473   1.10350
-0.28599889 -0.94759691  0.93979528   -0.11502838  0.00145957  0.28145943   0.81562
-0.15555449 -1.64209108  0.32861537    0.04173141  0.15205404  0.25707341   1.09292
-0.45773493 -1.52346322 -1.11252982   -0.12410666 -0.12162054 -0.24411724   1.19737
 0.32920550 -0.40360437  1.41396523   -0.15732426 -0.14652612 -0.20985040   0.73586
 1.63340572 -0.93097866  0.27670745   -0.17750080 -0.23750607  0.06283359   0.84247
-0.81194740 -1.47499926 -0.47982256   -0.13939706 -0.26543730  0.03895694   0.84302
 0.43735052 -1.54341272 -0.34739297    0.12436741 -0.07774953  0.26219633   1.00017
 0.80125335 -0.62290596  1.68107139    0.25548979  0.10958764  0.10487248   1.02722
 0.52894934 -0.30804906 -1.53477078    0.26654791 -0.11968646 -0.04511954   0.72063
 0.67304091  0.56894018  0.17477470   -0.15214376 -0.23632317  0.11362674   0.81344
-1.88254348 -0.54305431 -0.12822420   -0.17829063  0.24089259  0.04405629   1.20753
 1.24582560 -0.09806209 -1.24329515    0.26806209  0.12556898  0.00498612   1.14602
-1.42304143  0.59970915 -1.21005786    0.25620505  0.14737700  0.02191780   0.92589
-0.59315078 -1.59099753  0.60266186   -0.29066230  0.06742068 -0.05648636   1.28284
-0.06082400 -1.16015921  0.68204669    0.03443833 -0.10245211 -0.27666968   1.12199
 1.46221391  0.95272010 -0.24661454    0.13724931  0.20935648  0.16418720   1.28223
-1.57331859  0.85096974 -0.44485780   -0.25561856  0.14727005  0.07461946   0.75319
 0.66295020 -1.17875872  0.51010556    0.07610787 -0.27517820 -0.08574544   1.02831
 1.38790673  1.07157790  0.67518852    0.25736423  0.08397974 -0.11753649   1.00436
 1.50850694 -0.74056123  0.20946136    0.08524216 -0.25994886  0.12262781   1.14578
-0.18857468 -0.87781143 -0.29214516   -0.02081380 -0.15423256  0.25941652   0.85969
 1.37199792  1.25949760 -0.26675792   -0.15744096  0.22942324 -0.11540719   1.29657
 0.25664831  0.77749535 -0.77438694   -0.11436661  0.23448010  0.15398944   0.88359
 0.18536133 -1.21647911  0.96560865   -0.17081578  0.17455596  0.18100513   1.11564
 0.33333614  1.72139735 -0.32086631   -0.19230016 -0.22839480 -0.04766036   1.24456
 0.65995838 -0.08943427  1.57184458   -0.21733124  0.17403297  0.12243849   1.19506
 1.18395855  0.54451282 -0.96966685    0.20924066  0.10228997  0.18673807   1.29182
-0.86559302  1.46173583  0.78656575   -0.29283373 -0.02856210 -0.07470027   1.28338
-0.46730385 -0.94414717  1.52234181    0.13243632  0.18257041  0.19740905   1.00478
-0.51506575  0.76516949 -1.23560937   -0.07457839 -0.04172498 -0.28605761   0.77258
 0.67383387 -0.34200813  1.73065336    0.07254570  0.25224496 -0.14038006   1.23050
 1.86796884 -0.46174518 -0.10609786   -0.25620530 -0.15071071 -0.05962071   1.14406
-0.99910870 -0.62328862  1.15595374   -0.05599848  0.27688984  0.10585640   0.81636
-1.59367523 -0.34769845 -0.13431196   -0.02049643  0.07850586  0.29170797   1.20742
-0.30363767 -0.52392337 -1.54132036    0.28584179 -0.07598959  0.00158088   0.91312
 1.23138695 -0.56075548 -0.57549867   -0.26263282 -0.02966067  0.15236506   0.83776
 0.58719983 -0.86617529 -0.39702009    0.00988438  0.25900093  0.15330435   1.00037
-0.92237669  1.14668210  0.63109931    0.20746324  0.15106812 -0.14670844   0.77947
-0.59120013  1.63945841  0.34010844    0.05298150 -0.28557316 -0.06926485   1.00838
-1.76545703 -0.67594888  0.49067545   -0.24515014 -0.15309677  0.09532066   0.83342
 0.05269932 -1.54164055 -0.08573784    0.23230152  0.17448682 -0.05681836   0.96849
-1.05418881 -1.23472906 -0.54026579    0.04389723  0.29560524 -0.01406075   0.76267
 0.88879218  0.90826395  1.10718329    0.10459078  0.02364694  0.28112231   0.93831
-0.51215029 -1.34683301  1.34665459    0.14626367 -0.18159237 -0.18268777   0.87407
 0.11864654  0.82080260 -1.39362685    0.19857890  0.14593634  0.16846788   0.84321
 0.15913386 -1.17965446  0.68350601    0.19094047  0.07502001 -0.21237507   0.90328
-0.26035045  0.45860469  0.28307837   -0.04897173  0.22953478 -0.18531565   1.12570
 0.32328562 -0.01764925 -1.06042183   -0.01276217  0.19862903  0.22727081   0.91491
 0.01159204  0.88864252  0.06870160    0.07908521 -0.01449326 -0.28517714   0.86615
 1.19221964 -0.09705417 -1.21409828    0.29070932 -0.03779580  0.04130388   0.75628
-0.98665902 -0.94266985  0.51589651   -0.26902110 -0.08214061 -0.11235795   1.27846
-1.22547605 -0.93053901  1.22572953    0.12899245 -0.26849979 -0.00873104   1.26433
 0.34470666 -0.29939035 -0.25711876   -0.13484659  0.08567147 -0.25357880   1.13069
 0.19840715  0.60494969 -0.24578657   -0.01963800  0.26660799  0.13928678   1.25779
 0.59605201 -1.54077172 -0.16343698    0.18757655 -0.12859241 -0.18875305   1.11744
-0.21074223 -0.40298471 -0.58074587   -0.30434722  0.00278119  0.00576745   1.10326
 0.97212341  0.55731465  1.11144013    0.07766825  0.05856118 -0.27993983   0.70933
-0.07891367 -1.39682493 -0.27051575    0.08550480  0.20738743 -0.19462919   1.21916
-0.55108795  0.48759384 -1.79981947    0.06566078 -0.07062398  0.28565090   1.22831
-0.84636923  0.96476116  1.27953244   -0.22779716 -0.19875577  0.02681430   1.14322
-0.45654021 -1.23785265 -1.15728719   -0.03341734 -0.11454915 -0.27313578   1.24823
 0.76617233 -0.79849888  0.23287127    0.01529605 -0.02349388  0.30104742   0.81607
-0.18150529 -0.05275872 -0.98416415   -0.18621378  0.23524289  0.04247611   1.12580
-0.87811854  1.67379039 -0.09202754   -0.08537849  0.05679662 -0.28060041   0.85407
-1.03044305  1.19145362 -0.26597614    0.12340858 -0.24890448  0.11089773   1.16446
-1.28680146  0.64386852 -0.48567729    0.00296230 -0.29782199  0.03807421   1.03325
-0.67810653 -1.07600304 -1.29262291    0.27939653 -0.04207641 -0.08515460   0.84936
-1.07811868 -1.07071860  0.72111276    0.24113934  0.03048723  0.17229560   1.23463
-1.46502147 -0.38781394 -1.16628525   -0.12335355  0.17224851  0.21748666   0.78492
 0.95411814  0.98095091  0.82439533    0.09562090 -0.28207045 -0.01848845   1.15634
 1.33819822 -0.07248294 -0.49823172    0.08964377  0.10650170  0.26683915   1.14269
 1.57274399 -0.85289090  0.14040845   -0.14787130  0.00613924 -0.26076933   1.06963
 0.24147434  0.21331769  1.97674984    0.00853393  0.04597944 -0.29355661   1.11721
 0.64188141 -0.21314686  0.94196278   -0.04984622 -0.13529381 -0.26126398   1.28980
-1.48780806 -0.66468090  0.89866952   -0.02610072  0.03512837 -0.29452608   0.90209
 0.50528174 -1.22437187 -0.25000868    0.10831028  0.20365111 -0.18665065   0.86819
 0.84117639  0.00294025  0.84811390    0.01453867  0.16499608  0.25244210   0.72400
 0.90697435  1.15269121 -1.28114276    0.27797245 -0.00175215 -0.09875468   0.87037
 0.15294757  0.46995285  1.91931971   -0.07476555  0.20275500 -0.20697864   1.07702
 0.05393570  0.74388427  1.58511975   -0.08232207  0.27871568 -0.07633756   0.72770
-0.50319139 -0.86068068 -0.47013974    0.17437797 -0.18815744  0.15311205   0.95419
 0.53403226 -1.47018726 -0.44150286    0.00616467  0.15550469  0.25894008   0.89306
-0.26906887  0.31665993  0.86268156   -0.18144309  0.23059798 -0.07131057   1.18053
 0.63434242  0.71361982  0.11344534    0.01233764 -0.02123110 -0.29616643   1.19283
 1.58285510  0.38234824  0.28563025    0.22762864  0.15779423 -0.10354311   1.07539
-1.36269979 -0.68784141 -0.31118575   -0.29706224 -0.01008524 -0.06245271   1.12443
-0.88258038 -1.09648470 -0.84980848    0.21025451 -0.05031053  0.20609449   0.84513
 0.56172577 -0.39081211 -1.77615329    0.22024681  0.19880564  0.00641543   0.85490
 1.28840450 -0.45085617  1.43982658   -0.25500843  0.12411555 -0.10589886   1.22338
 1.22207306 -0.18815924 -0.20378058    0.06505592 -0.16038851 -0.24122798   1.18583
-0.65708330 -1.19083793 -0.65163697    0.24110911 -0.17019896  0.03043966   0.97829
 0.20276584  0.55577440 -1.65763985    0.28233736 -0.06654484  0.06065669   1.24316
 1.22262522  0.26543350 -1.06494720    0.15366379  0.25268448  0.03676156   0.96052
 0.43519929 -0.27091119  1.29432086   -0.18987574 -0.19169084 -0.13468240   1.18892
-0.00940165 -0.06724773 -1.77237194    0.16418961  0.21182101 -0.12665466   0.80339
-1.50873803  0.33421090 -1.19652871   -0.20878272 -0.10809578 -0.18853085   1.08921
-0.67121926  0.90306352 -0.54561360   -0.20388618 -0.10595810  0.20002893   0.86856
-1.48375844 -0.76960514  0.11187802   -0.01438113 -0.28277412  0.10235187   0.76570
 0.86539887  1.11758724 -0.92135282    0.27589162 -0.00554183  0.10947530   0.86081
 0.55687940 -0.94978078  1.41801172    0.09089295  0.28344502  0.02657146   1.29067
 0.90595161 -1.21645840  0.40165593    0.26744581  0.10622570  0.07207966   0.98594
-1.15339709 -0.47835770 -1.40293607   -0.19381729 -0.03596912 -0.22720994   1.08661
 0.09269588 -1.15551884 -1.19210781   -0.20554129  0.04015987  0.22151894   1.13175
-0.58704657 -0.53387908 -1.26488232   -0.20445740 -0.18363004 -0.12487356   0.96259
-0.30697014  1.31744207  0.72077242   -0.03199543 -0.20782765  0.21721085   1.08614
 0.46818331  0.87783266 -1.20120745    0.12760602  0.06870929  0.26310992   0.85497
 0.90286150 -1.17082184  0.67521296    0.06372033  0.23198676  0.18020415   1.08020
 0.65635908  1.19537427  0.82791554   -0.04660584  0.02120938 -0.29363835   1.29377
-0.67652346 -1.25661826 -1.04882319   -0.28105490  0.06864466 -0.09084616   1.17858
-0.77924673  0.65984822 -0.17945082    0.04661301  0.22030762  0.19973918   1.11686
-0.67377211 -0.06392047  1.15576253    0.26213984  0.10519414 -0.08626573   1.26994
 1.23791501 -0.00343868  1.28231465   -0.17476061  0.22461449 -0.09990693   0.85359
 1.03792329 -0.65893892  0.52318672    0.15231758  0.12024517  0.22841227   1.29152
 0.29962343  0.80609471  0.89614939   -0.22649142  0.13265406 -0.14925286   0.83751
 0.51827541  1.04736311 -1.49177557    0.10224735  0.27980307 -0.01563152   0.94742
-0.40113375  1.30249148 -0.90713318   -0.15200282  0.26028701  0.02381081   0.81986
 1.67546031  0.38264081 -0.64120835    0.14975706  0.19428879  0.17140111   0.80515
 0.55149807  1.23805003 -0.37516145   -0.22281084 -0.09229643  0.18638356   0.92555
 0.95259010 -0.01287081  1.43291337    0.18841318 -0.20573575  0.10513909   0.88906
-0.75535560  0.76084095 -0.76751396   -0.04623275 -0.27747043  0.10876025   0.97158
 0.05492210 -0.58761597  1.57250356    0.12288591 -0.12828827 -0.23686384   1.22388
-0.87510604 -0.36184173  0.69873637   -0.02962317 -0.08829311  0.28821931   1.06276
 0.49583177 -1.07762265  1.30533919    0.28404681 -0.01396859 -0.07873037   0.86313
 1.71736392  0.92946419 -0.36043789    0.27376405 -0.10109364  0.05181727   1.00932
-0.63902371 -1.27790497 -0.76777317    0.11389543 -0.12693064  0.24736860   0.94949
-0.75936113 -0.86779504 -1.59193852    0.25828122  0.01681218  0.14658608   0.95286
-0.34227507 -1.03799472  0.71515962    0.21409123 -0.15861895 -0.12821516   0.76245
-0.12425043 -0.23301330  1.90280027    0.27396352 -0.00881356 -0.10896091   0.84918
 0.53508924 -1.45937265 -0.92672627    0.16984987 -0.10984005  0.22075193   0.84495
-1.31666644 -0.50119352  0.26247776    0.29291098 -0.00666521 -0.03708031   1.09440
 0.67270743  1.35869011  0.95791999    0.09396748  0.26192735  0.11084849   1.25601
-1.06258592 -0.43564753 -1.27385302    0.20325557  0.07821938 -0.19929588   0.85559
 1.08230896 -1.51439413 -0.53360158   -0.06390078  0.11259682 -0.26900098   1.16249
-1.35627672 -0.28263071  0.93434025    0.00373247 -0.00372876 -0.29725210   0.99995
-0.58910603 -0.59343368  1.78416179    0.29498719 -0.01657976 -0.00771956   0.94166
-0.56734326 -0.17656951  0.53323475   -0.18154195 -0.09323568 -0.22081811   0.80358
-0.60902186 -1.58534213 -0.77468754   -0.01271220  0.21316795 -0.20829561   1.13933
 1.54176471 -0.58937445  0.15947150    0.14827653 -0.24719486  0.07744337   1.07784
-1.43460543 -1.02923472  0.86527989   -0.18169510 -0.00894976 -0.23920780   1.19815
 1.18665754 -0.66075371  1.48672755    0.19746534 -0.17577240 -0.13291773   1.14512
 0.47943632 -0.80953666 -1.34274717   -0.13405345 -0.26958901  0.02528703   1.13354
 1.13307506 -0.65455065  0.38173010    0.07849517 -0.04172780  0.28790865   1.13485
-0.02886070 -0.17737807  1.84942680    0.28842380  0.05395350  0.03942777   1.22231
-0.96770558  1.17660582  1.21770288    0.09284672 -0.24177033 -0.14605249   1.00660
 1.36623045  1.13802026  0.38155656    0.07850044 -0.26612880 -0.10835763   0.95793
 0.71462922  1.12591592 -1.38837269   -0.02095034 -0.29596898 -0.04360983   0.89657
-0.44371803  0.73296887 -1.32361236    0.16140002 -0.14692442 -0.19971059   0.98562
 1.57633419  0.68723913 -0.12302521    0.13066047 -0.15971427 -0.21246884   1.08509
-0.47158782  0.91039080  1.34524242    0.15924507 -0.13360481  0.21564517   0.95334
 0.11410825  1.32478230 -1.15930285    0.13526367  0.22176529  0.14860805   1.07642
-0.93055383 -0.99259725  1.02727761   -0.10612351 -0.10115588 -0.26085805   0.86860
 0.10972026  1.43774063 -0.02314329    0.18053191 -0.10622955 -0.20839965   1.04236
 0.18824646  1.96814449  0.17218813   -0.29986593  0.05162582 -0.00178677   1.02998
-0.40312725  1.52934898 -0.74039244   -0.07982515 -0.27853728  0.08467063   0.75395
 0.97735200  0.20374340  1.57620651   -0.01849440  0.15287376 -0.25511639   1.03091
 1.40901773  1.02008303 -0.48444749   -0.02497935  0.12000404  0.27678838   0.82812
-1.49014402  0.31980503 -0.70097082    0.10943002 -0.21269396  0.18098515   0.76869
-1.20445570 -0.38551707 -0.01206231    0.20233855  0.17129183 -0.13126007   0.82665
-1.77323817  0.06873958 -0.83116351    0.07382514 -0.09368292 -0.27144828   1.17873
-0.08290755 -1.27255317  1.47335699   -0.11835752 -0.26470063 -0.08075194   1.05536
 1.80961847  0.68782023 -0.09667468    0.17762788 -0.23848612  0.00505971   1.19081
 1.58023735 -0.34199962 -0.22059537    0.01594727 -0.22285950 -0.19720315   0.85444
 1.38186969  0.30868719 -1.08345001   -0.21903754 -0.10166208 -0.18065695   1.12591
 1.22818337 -0.79535238 -1.14515592    0.14749393 -0.24415506  0.08823698   1.27870
-0.63319512 -1.50744146 -0.65820463    0.02413279  0.29712066  0.03257194   0.88400
-0.44942598  1.51926444 -1.14132990    0.26412071  0.12925636 -0.03199546   1.24698
-0.07881338  1.07145312  1.65930809    0.23935366 -0.15641797  0.08093303   1.27915
 0.44968619  0.72980804  1.77386948    0.27002739 -0.09693756 -0.07024354   1.19399
 0.14699635 -1.55570890 -0.81226616   -0.02392601  0.18452967  0.23832903   1.22395
 0.25566657 -0.87017366 -0.92373201    0.19680691 -0.22158138 -0.01820774   1.25381
 0.53973279 -1.74565055  0.13309357   -0.01412820  0.24790325 -0.16603014   1.23942
-1.03243195 -0.33206805  1.44763702   -0.21987306  0.20149987  0.05695674   1.00883
-0.59721052  1.06937821  1.51575294   -0.01043898 -0.27277355  0.12737991   0.72518
-0.71619921 -0.17626028 -0.39099417    0.22032174 -0.09162671  0.17901799   1.24354
-1.54972802 -1.17864874 -0.34717980   -0.19982060 -0.22238127 -0.04591428   1.09156
-1.06474690 -0.60430590 -1.44081274    0.04078408 -0.18585260  0.23375379   1.27909
 0.04594874 -1.23687474  1.11158689   -0.01191682  0.28883179  0.08330287   0.88503
 0.06567405 -1.62377550 -0.17043744    0.28631804 -0.06942417 -0.02344067   1.04540
-0.01377160  1.03139603 -1.16415459   -0.11289231  0.22848964  0.16389102   0.85079
-0.05873075 -0.84223761 -1.24968758    0.07395986 -0.16069650  0.24354044   0.97059
-1.74683932 -0.49586036 -0.32305473   -0.12034020 -0.26861928 -0.06375051   0.85363
 0.32693701 -1.68243495 -0.51698424   -0.06574059  0.12667618  0.26753744   1.12180
 0.90249689 -0.84179226  0.76064815   -0.07025041 -0.12635761  0.26661965   0.91145
 0.01767444  0.85803881  1.04452819   -0.21998382  0.10172326 -0.17949149   0.94858
-0.43728535  1.72940827  0.66563003   -0.05977751 -0.12307794 -0.26531448   0.96069
-0.08201874  0.75184664  1.55869710   -0.09841516  0.13127380 -0.25020867   1.28132
-0.82719257  1.49364666 -0.47873573    0.26693956 -0.12527569 -0.02379056   1.24458
 0.59039764  1.08759109 -0.13484791   -0.17430968  0.24710291 -0.00482724   0.82036
-0.46663136  1.51506067  0.30521091   -0.26572249 -0.01114680 -0.14426742   1.19674
 0.92022599  1.72689637 -0.43824542   -0.10329541  0.01886354  0.28520811   0.93683
-0.33826246 -0.76163542 -0.59713199    0.09834328  0.22016841  0.17859170   0.78376
 0.99032809  1.04160405 -0.43431893    0.05118920 -0.04941599 -0.28802537   1.19325
-1.66230336  0.55815573  0.38899564   -0.15642965  0.14083479 -0.21427450   1.16535
-0.29813613  0.68635191 -1.48721379    0.10415599 -0.05339449 -0.27192304   1.10142
 0.22500478 -0.90690762  1.64540260    0.11901598 -0.23854850 -0.13108642   1.03427
-0.38360259  1.84334541 -0.19493408    0.10681684 -0.20824086 -0.18252818   1.08986
-1.58122262  1.11312098  0.30516186    0.28628330  0.01380273 -0.07036248   0.81529
-0.49529188  1.14284686  1.04883978    0.20126273  0.14257662  0.16808405   1.29703
 1.12640449  0.94507918  1.15799780    0.18212739 -0.19356550 -0.13063077   1.27046
 0.31519254 -1.76035559  0.00946390    0.19446821  0.08496970  0.21055326   1.15596
 0.83053607  0.51173350 -0.26627898    0.11601474  0.10036720 -0.25317606   1.06881
 1.01281580  0.41848702  0.99779080    0.18724929  0.13538304 -0.18432511   0.96712
 0.01677825  0.74841092 -1.05904832    0.04361953 -0.27625831  0.10932130   0.78431
-0.90349573  1.13314361 -0.32334702   -0.00281257  0.28514480 -0.09055793   0.75684
 1.45888176 -0.88146191 -0.25554145   -0.07685913 -0.16818577  0.24023898   0.89232
 0.44833356  0.96544494 -1.14008532   -0.18328669  0.22300398  0.09346484   0.90250
-0.94736220  1.28747007  0.71529008    0.24658769  0.00841641 -0.16153622   0.94152
-0.44270531  0.84489053  1.56343424   -0.08320842  0.28815906  0.02983834   1.24827
 1.63031503  0.85634527 -0.53766668   -0.22005409 -0.04111312  0.20705180   0.81908
 0.18760010  0.99138719 -1.30591885    0.20875434  0.19871629 -0.06866478   0.74178
 1.21553354 -1.16811524 -0.94815597    0.22023572 -0.17610727 -0.08980136   0.74809
 0.66304362  0.44128551 -1.32351991    0.04127576  0.23979462 -0.17176082   0.91200
 0.94545538 -0.84627575  1.19167461    0.21700349  0.00660516  0.20496876   1.04888
-0.31106696  1.81577692 -0.40062332    0.21665226 -0.03183216  0.20294960   0.74456
-1.55812192 -0.87904958 -0.04540713   -0.14396652 -0.20343972  0.17329990   0.89495
 0.05787904  1.12423195  0.43296325    0.09850935  0.18545478  0.21478331   0.72911
 1.64577096  0.59229687  0.98521866    0.29528942 -0.00215748  0.01659949   0.93210
 0.37110358  1.70148501 -0.85142123   -0.27681720 -0.10063611 -0.07256249   1.17628
 1.24413202 -0.03404628 -1.38688763    0.24791427 -0.08904406  0.13834699   0.74159
 0.02467723  0.23117664  1.01464609   -0.18751363  0.06730585  0.23049413   1.24336
 1.54458552 -0.53000790  1.03727886   -0.28176227 -0.01633094 -0.11048252   1.26209
 0.39932595  0.46056649  1.15165456    0.23324740 -0.05218088  0.17815299   0.77102
-1.49957566 -0.94818911  0.56096564    0.09592885 -0.24583063  0.14230643   1.29368
-1.29052241  1.25524147  0.74822898    0.15411650  0.20328366  0.15607337   0.99735
 0.30122415 -1.92571532 -0.32434298    0.16963401  0.17126517  0.17692312   0.70370
 1.77242277 -0.20971107 -0.57662989    0.19206529 -0.18105725  0.13912290   1.20925
 1.18807080 -1.48398077 -0.52514703    0.21378231  0.13212887 -0.15532300   1.24598
 0.38085067  1.47804625 -1.17526441    0.08774906 -0.27162029 -0.08538229   0.98672
-0.91857970  0.25882315  1.58532420   -0.14074144 -0.19777026 -0.17710027   1.08003
 0.43722813  0.14369391 -0.36288848   -0.03247377 -0.04087146  0.29848915   1.29252
-1.29566211  1.04657150  0.08147154   -0.12272608 -0.03616790  0.27590350   0.85113
 0.98940529  1.49395489  0.18398344   -0.15817150  0.22546897 -0.12189987   1.24548
 0.52615169 -1.18595136 -0.54756707   -0.20936136  0.08500518  0.20448863   1.12415
-0.89535586 -0.15247148  1.73337381    0.21976943  0.03579186 -0.19353849   1.04799
 1.33806046 -0.80260837 -0.18010285    0.25587767 -0.01825944 -0.14548858   1.01850
-0.65493891 -1.19054147  0.80325004   -0.15521173 -0.22120987 -0.13274279   1.01585
 0.10579293  0.68738281  0.33014394   -0.26680250  0.08189002 -0.11748582   0.72161
-1.59262392 -0.78193959  0.82232810   -0.12453553  0.13305396  0.24314480   1.22751
-0.42375256 -0.50347223  1.04351113   -0.04182466  0.21630505  0.20707347   1.28693
 0.73397615  0.40967487  1.21863466    0.19670787 -0.17740439 -0.13191378   0.74795
-1.07302171 -0.76324719 -1.19877368   -0.20552753 -0.20402959  0.09159043   1.27930
 1.67500858 -0.19844760  0.34071953    0.27418701 -0.07803112  0.08208686   1.23257
-0.52148223  1.23471552 -1.06215500    0.21629514  0.18327820  0.09040689   1.15584
-0.50682082 -1.56855416 -0.52642400   -0.19208275  0.01418832  0.23620625   0.73156
 0.42167760  0.40788094 -1.87328149    0.20835543 -0.20095068  0.06872110   0.94222
 0.78597292  1.16712110 -0.24401569    0.09293732 -0.17035551  0.22958266   1.27727
-1.49743572 -0.43137417  1.09923909    0.15685759 -0.12842823  0.22059142   0.84653
 1.52627768  0.47856656  0.27850553   -0.21780092  0.10844949  0.18340670   0.83998
-1.65393852 -0.49507796  0.24962172    0.00391604 -0.20537020  0.22115730   1.29542
-0.33415935 -0.45672014 -0.18800086    0.15296524  0.25337195 -0.02960827   1.16862
-0.44292058  1.68749225  0.86998981   -0.28078572 -0.10634987  0.05048059   0.74978
 0.56976520 -1.60932489 -0.76293127    0.07855798  0.14119818  0.25397273   1.20253
 1.22567935 -1.29620572  0.80368723   -0.24581435  0.15177017 -0.09049260   0.94600
 0.23003957 -1.83943732 -0.57349835   -0.00064849  0.08652321 -0.28460793   0.90303
 0.54223628 -1.10163446  0.92871552   -0.21322680  0.07010494 -0.20101386   1.11427
-0.44888448 -1.29782708 -0.99846927    0.13778249 -0.13583071  0.22920945   0.81971
-0.01282077 -1.72569129 -0.87644415    0.21762662  0.12614210  0.16009155   1.10402
-0.67757076  1.73910147  0.63368576   -0.19472841 -0.05347766 -0.22301284   0.88635
-1.23963153 -0.89036144 -0.71909935   -0.08797632 -0.27749655 -0.07494310   1.06651
 1.10721316 -1.15137771 -0.57312541    0.21206182 -0.16523781 -0.12330472   0.74628
 0.03752515  0.68110412  1.82276844   -0.26579170  0.14015260  0.04750638   0.89545
-0.98117904 -0.09282623 -1.62026115    0.14976731 -0.03474397 -0.25240139   0.72269
 0.84575488  0.41684362 -1.64820297    0.29193909 -0.01208219  0.04790626   1.22974
-0.01863424 -0.40331665  0.56839969    0.16189803  0.13087638 -0.21003473   0.81723
 0.37303981  0.58986767 -0.60303127    0.25504665 -0.12875792 -0.07564589   1.06646
 1.54098021 -0.06650637 -1.02394688    0.18094444 -0.21617143 -0.09189702   1.03158
 0.23507839  1.75171081 -0.55484850   -0.15509680  0.21562403 -0.14154833   0.79361
-1.45677349 -0.97042067  0.88490270    0.15462888  0.15863187  0.20148270   1.28443
 0.44752406  1.22058934 -0.88932416    0.07983368 -0.20548616 -0.19910316   0.87885
 1.80303566  0.66508879  0.00670994   -0.27003467  0.06932772  0.12351791   1.14127
-1.18718972  1.39925142 -0.67902449   -0.27035303  0.13873626  0.00477073   0.96694
-1.73562760  0.62118886  0.41767283   -0.29178009 -0.08507343  0.01544034   0.79100
 1.40058204  0.92638747  0.73559832   -0.22050688  0.03562680  0.20759683   0.82965
-0.43493309 -0.92367589  0.41134166    0.17325601  0.23254929  0.06864763   0.86642
 1.49507064  0.27465438  0.71497974   -0.10042988  0.27267222 -0.07748029   1.14175
-0.73268174  0.43106614 -0.05217048   -0.21205511  0.14994163 -0.15353411   0.78146
 0.98634514  0.33010015 -0.51023603    0.22257210  0.18711426 -0.05634827   0.71969
-1.19594318 -0.32145472 -1.40378964    0.02563970 -0.25135302 -0.15840762   1.03725
-1.62205981 -0.64755621 -0.35354518   -0.13695918 -0.10355182  0.25101440   0.73110
-0.12164580  1.68255119 -1.03483179   -0.00188013  0.01160955  0.30237958   0.75396
-0.63389281  1.76309858 -0.50273324    0.28416974  0.07902728 -0.01959157   1.18396
 0.45646988 -0.47677869 -1.30542535   -0.23051304 -0.07088536  0.18657140   1.14669
-0.31638688 -0.07046818 -1.73573147   -0.29513667 -0.04617608  0.06030320   1.18316
 0.31595711  1.74091218  0.15862023    0.15965941 -0.03380992 -0.24628236   1.24904
 0.14839390 -1.93978050  0.03945042    0.20734628 -0.12916134 -0.16618827   1.22872
-1.76435117  0.39201988 -0.40767595    0.13962069 -0.24740761  0.09240270   1.22206
 0.29293743 -0.64394330 -1.00832892   -0.03588893  0.09992621 -0.27848732   1.06530
-0.94041047 -1.32451150  0.77136211    0.07950972  0.06714490 -0.27747854   1.22864
 1.00833641  1.13537180 -0.74611467   -0.26473383 -0.05137517 -0.13730037   0.82290
-0.53601298 -0.68525112 -1.26917796    0.13762695 -0.25529119  0.07094661   1.09113
 0.16551184  0.85680252 -1.35132697    0.05078711  0.18084225  0.23552616   0.79329
 0.28006658  1.43748978 -1.31787712   -0.23095283  0.02949406  0.19701825   0.99862
-1.41529632  0.64593733  0.91969846   -0.10442939 -0.25564082  0.12363221   0.82850
 1.26829911 -1.56295627 -0.06468130   -0.13552206 -0.24501708  0.11564217   1.26516
 0.59819917  1.13861835  0.77526998    0.08907517  0.02616324  0.28648394   1.26487
 0.94204247  1.74585017 -0.02218822   -0.11751891  0.27023268 -0.06192057   1.12131
-0.74555679 -0.49061074  0.29116349    0.29241846  0.01536476  0.04355447   0.97602
-1.05655191  0.17177520  1.41346562   -0.12576455 -0.19718485  0.19337483   0.86332
-0.53569738 -0.09852099  1.52420026   -0.26697855  0.09090138  0.11563954   0.90095
 0.85395013  0.78776120  1.48853538    0.00204774  0.20605335 -0.21531686   0.90342
-0.96423375 -1.20671298 -1.09669760    0.15731978  0.12859837  0.22013017   0.71324
 0.20569880  1.02880768  0.40514485   -0.05391563 -0.29513072  0.02389488   0.96416
-1.09120866 -0.03315201 -1.64218459    0.26183849  0.13309799 -0.03493799   0.82316
 0.20310574  0.36200510 -0.65242130   -0.05706906  0.21766899 -0.19697695   1.24309
-1.15270765  0.98552280 -1.16270469    0.07431790 -0.00798564 -0.28676960   0.96374
-1.34245542  1.01608280 -0.78371607   -0.05214995 -0.13362960 -0.26170451   1.05292
-0.08394053  1.29389224 -1.49254917    0.14597013  0.20558065  0.16112738   1.04605
 0.53398478  0.92640870  1.33542862    0.10670939  0.25837048 -0.10177159   1.26308
-0.87190327  1.53455198  0.33349817    0.12513064  0.25956003  0.07909043   0.89999
 0.39302763  1.15198823  0.57367875    0.03193146 -0.19293256 -0.22424294   1.17137
-1.56183103  0.47954569  0.22072572    0.10257055  0.14933116  0.23980273   1.16921
-1.80148081 -0.41033010  0.50485901   -0.24231833 -0.08388769 -0.15970928   0.72999
 0.10955905 -1.58048364  0.75957442   -0.11115951 -0.18725466 -0.20604447   0.74126
-0.50744965 -1.49692153  0.89097008   -0.28338142  0.01669957  0.11159715   0.98632
 0.52747034 -0.55753208  1.26102743    0.25236218  0.08245747  0.13408134   1.21532
-1.45632907 -0.02176510 -1.19727267   -0.12870938 -0.27303231  0.00084141   0.91461
 0.79328799  0.95429397 -0.60146043   -0.00634608  0.16777368  0.25129775   1.26389
 1.84486133  0.64725175  0.03033041   -0.15379386  0.25489852  0.05451397   1.14106
 0.10450184  1.77489779  0.47041500   -0.18362021 -0.21434160 -0.10663700   0.78789
-0.67556588  0.88436722  1.62106931    0.26721590 -0.12714727 -0.00603728   1.11701
 0.74963931  0.74133529  0.52886122   -0.00043998 -0.22594855  0.19994417   1.10626
 1.08943976  0.69395217  0.47829929   -0.29229288 -0.03951186  0.07707581   0.88964
 1.29861609  0.83137112 -1.05536256    0.04423303  0.21532676 -0.20052226   0.94209
 0.95507657 -0.54671037  0.42735566    0.19856170 -0.05734597  0.21599091   0.99403
 0.54188567  0.93494664  0.70740899   -0.28574491  0.06169265  0.08642533   1.00246
 1.42753429  1.01836923  0.74015118   -0.18081797  0.22381732 -0.09101943   1.28315
-0.57044074  0.20010089  1.40681418    0.16013002 -0.13614386  0.21334384   1.02973
 0.43974254  0.60043010 -1.72878223    0.08048679 -0.23477074 -0.16378204   1.03944
-1.06165006  0.32248182 -1.02271777    0.17270769  0.23968667  0.03702490   0.72379
 0.80715659  1.53138860 -0.62954522    0.14670610 -0.10187537  0.24093962   0.80057
 1.66927789 -0.91402040 -0.48321905   -0.10062553 -0.14112530 -0.24401026   1.09978
 0.93373330 -0.10583521 -1.71486859   -0.12015873  0.22577769  0.16265296   1.20515
 0.72641544  0.00400554  0.71297610    0.23347323  0.06756830 -0.16726645   0.80416
 0.63597085  0.28889868 -1.67742991    0.24240211  0.16952191 -0.01628650   0.96269
-1.08282024  0.03447622  1.58852420    0.17280982 -0.09204326 -0.22129486   1.13431
-1.41905400 -0.17547052  0.05369984    0.03688412 -0.22578085  0.19581847   1.00180
 0.20922532  1.49530815  0.72680660    0.12715235 -0.02190118  0.27135510   0.77726
-0.89561200  1.56063690  0.09690340    0.07179758  0.17741519 -0.22698407   0.95146
 0.57774023 -1.66478794 -0.61806745    0.06069955  0.28622340  0.06452205   1.09710
 1.02806047 -0.56896828 -0.92004244   -0.14640207 -0.06565054  0.25858570   0.73895
 1.60341816  0.48622076  0.61246827    0.15530825 -0.20653236  0.15043746   0.89772
-0.02944993  1.85682398 -0.48666224    0.28399058 -0.05396948  0.06533047   1.28337
-1.05696038  1.42074210  0.31109992    0.14532261 -0.23867084  0.10573480   0.81834
 1.48515898  1.26358925  0.08944782    0.10863688  0.15118388 -0.23055139   1.05779
-1.38940892  0.15203873 -1.35251972    0.13960103 -0.17813138  0.19638075   0.96763
-1.39881377 -0.61525139  0.68544999   -0.28720082  0.05385402  0.08692825   1.26095
-1.15301147 -0.94002412  0.17948892   -0.12989842  0.21716599 -0.16193440   1.26694
 0.00126098  0.85313475  1.36213001   -0.06876094  0.25859238 -0.13514077   1.14873
-0.10053391 -1.77482396 -0.39986955    0.00038879 -0.23242546 -0.18702339   1.01010
-0.29575358  0.69204224  1.36342452   -0.25623928 -0.16172980 -0.01772516   1.00785
-0.65080161 -0.30130022  0.98502291   -0.20823046 -0.21896165 -0.01988368   1.15034
 0.36523903 -0.74956186 -0.40801536   -0.17599472  0.05040764 -0.23822661   0.72279
-0.40771652 -0.29812779  0.98032001    0.13955363  0.09731481  0.24717789   1.14337
 0.04664682  1.56676796  0.98437550   -0.06256248  0.20759706  0.21120944   0.83738
-0.62854673 -0.22284754 -1.74303951   -0.16081732  0.09221749 -0.23617222   0.74289
 0.92572279 -1.61083081  0.04636853    0.26690639  0.12530877  0.02905940   0.99829
 1.30224280  0.31941946  0.06407401    0.21455802  0.13159460  0.15992504   1.10479
 0.47443835  1.92396444  0.09757957    0.26748887 -0.12643215  0.01299977   0.86901
-1.02876063  0.00909223  1.04814871   -0.18045134  0.16676655  0.17919831   1.18090
 0.54963035  0.32553055 -0.70791615   -0.19474390 -0.22581446  0.05529482   1.06455
-0.03417246  1.81647107  0.27521997    0.22666861 -0.19111807 -0.00727174   0.92256
 0.82345747 -0.38447687  0.72867416    0.01030478 -0.03832926 -0.29456562   0.73513
 1.87625943 -0.15684881 -0.72378246   -0.07030560 -0.08668697  0.28215317   1.06734
 0.67800121 -0.48508416 -1.19302252    0.06991171  0.10274114  0.27450189   0.77972
-1.46198525 -0.55276874  1.02517416    0.17234402  0.15895107 -0.18041319   1.27591
-0.77953662 -0.74757155  1.12271679   -0.15206740  0.16599827 -0.19894605   1.01251
 0.31069035 -0.03132110  1.73693032   -0.01035025  0.11309180  0.28041214   0.94569
-1.13452796  0.63106958 -1.44675215   -0.19136897  0.17163075 -0.15729580   0.98228
-1.46758982 -0.64812939 -1.08557065   -0.13378574 -0.26036586 -0.07135049   1.03358
 0.70208709 -0.39399034 -0.35025087    0.20591445 -0.21389781 -0.00303023   0.82129
-1.15919556  0.29440483  0.89444211   -0.25281132  0.09607357  0.14062696   0.93789
-0.21303685  1.87801971  0.03656849    0.08224788  0.07112914  0.28088606   0.95981
 1.16102815  0.28973816 -0.91176948   -0.17453992 -0.03415923  0.24731656   1.11143
-0.38795576  1.24575549 -0.17722609   -0.04973268  0.29476212  0.03500504   1.11640
-0.27606658  1.28135307 -1.07267942   -0.19858704  0.22256796  0.05495138   0.89331
-0.41498721 -0.68424104  0.99606690    0.18336899  0.23356273  0.01650025   0.84983
-1.40908389  0.41982776  0.77717860    0.25826784  0.10807179 -0.09400228   0.99745
 0.97088318 -1.24151002  1.15219308    0.23006303  0.18716878  0.00236369   0.77891
-0.70964527  0.31312312 -1.62003878    0.15215532  0.12516028  0.22583884   1.11634
 1.00211550 -0.52179232  1.43110512    0.11222465  0.06310982 -0.26649307   1.06852
 1.70469798  0.53935448 -0.57799924    0.11418233  0.23945302 -0.13376151   1.24186
 0.02565220  1.13772998 -1.08411509    0.07966491  0.11012727 -0.26347791   0.71243
-1.21230341 -0.28251780 -0.86124547    0.24690371 -0.11757937  0.11679407   1.15184
-0.20550521  0.84776732  0.32912341    0.17684883 -0.01527140 -0.23597330   1.04412
-0.88459339 -0.56990344  1.58950538    0.01305959  0.11977031  0.27711004   0.93712
-1.47235766 -1.06913836 -0.31990568    0.20011799 -0.08004688  0.20700909   0.72756
 1.81260908 -0.37045301  0.68807429   -0.01748018 -0.05475045  0.29728862   1.21596
-1.38937705  0.55858876 -1.23544592    0.11108046 -0.27483947  0.03639866   1.26651
 1.15498763  0.83452867  1.00550789    0.19625038  0.01582053 -0.21986606   0.75152
-1.44261372 -1.10001099 -0.78148776   -0.04807107 -0.29612921 -0.01756859   1.06867
-0.90662332 -0.32639535  1.50166085   -0.20216928 -0.21137544  0.08138743   0.74246
-0.23534216  1.28704288 -0.01073436   -0.07724962  0.05607469 -0.28294287   0.71858
-0.33189754 -0.53431692 -0.98103772   -0.04597124 -0.12275709  0.27317834   1.02545
-0.01165817  0.17496506 -1.44842696    0.10331521  0.24140894 -0.13921823   0.91930
-0.20248029 -1.85862354 -0.39132718   -0.03253632 -0.19937637  0.22501633   1.00557
-1.16195473  0.73056645  1.35341621    0.24576007  0.15481028 -0.05621127   0.94082
-0.59080748  0.33353604 -0.90627623   -0.16378001  0.25028449 -0.04143715   1.29402
 0.70651972  1.20609774  0.04831271    0.10079067  0.19038665  0.20922333   1.19752
 0.93303601 -0.76400040  1.19365888   -0.25620018  0.01688071  0.16478655   0.83216
-0.76582570  0.47956917  1.05697491   -0.29085805 -0.08441511  0.03099105   1.07342
 1.87748928 -0.27771992 -0.50873041   -0.15997548  0.13193072  0.22256823   1.04521
 0.45456238 -0.65489542 -1.22475239    0.24481995 -0.02664535 -0.16228411   1.12841
-0.39489589 -1.59545033  0.15392007   -0.16974206  0.08016892  0.23973303   0.92173
-1.21703894  0.16222298 -1.50418049    0.25217555  0.15526408 -0.00570216   0.94294
 1.36021965  0.27839573  1.02142181   -0.23050477  0.13153621  0.14944968   1.09026
 0.62687417  1.17219648  1.00179093   -0.10346564 -0.25468570 -0.12117654   0.96475
-0.88182383 -0.55176271 -1.26215993    0.15238248 -0.09244558 -0.23588665   1.21074
-0.99492402 -0.34687421 -0.99564208    0.11906963  0.25122878 -0.10526134   0.87755
 1.78413353  0.74763816 -0.53522972    0.01987356  0.14130225  0.26613238   1.17964
 1.62259340  0.25663147 -0.42885038   -0.05728426  0.27372891 -0.10813166   0.74174
 0.90645708 -1.40769228  0.10947890   -0.18653157 -0.11255483 -0.20751446   1.04217
 0.82977997 -0.45385377  1.18299418   -0.04556133  0.17060449 -0.24068023   1.16270
 1.07437027 -1.46678869  0.16644125    0.21472363 -0.10349058 -0.17426847   1.10328
 1.50093852 -0.19989840  0.27334969   -0.03076413  0.12645126 -0.26814274   1.20824
 0.14026918  0.45964277  1.76168528   -0.17230331 -0.23989384 -0.06264572   1.07785
 0.17239098  0.93762228  1.03301580    0.23128755  0.17479652 -0.05985965   0.70596
 1.44243927  0.41558915  0.80935731    0.12346581 -0.26875814 -0.03524726   1.15534
 0.48787084  1.52197688  0.79188270    0.11385807 -0.27258213 -0.03895223   1.25162
-1.72639169  0.37367665 -0.20946167    0.19244204 -0.14066641  0.18004024   1.14260
 0.68266467  1.37270211 -0.84390302    0.10817476 -0.23832824 -0.14069941   1.23245
-0.14939348 -1.05295398  0.31098046   -0.09174343  0.17834565 -0.22222784   0.80179
 1.28676349  0.09507640 -0.87349465   -0.16477295 -0.24302428 -0.06963245   1.20433
 0.71586497  1.62360199  0.10292772   -0.15560930  0.24826245 -0.07145817   0.72561
 0.36544346  1.65634589 -0.85357652   -0.18415503  0.21015540 -0.11360886   0.94673
 0.57484651  0.75510638  1.58320128    0.05198279 -0.09213007 -0.27727482   1.17300
 0.88128578 -0.72589900 -0.99103112    0.19894140  0.18646439 -0.11522789   0.89085
 1.25637082  0.53398818  1.06426099   -0.12629017  0.08428648  0.26344155   1.17254
 0.32663598  0.16961579  1.43169786    0.21397475  0.19394049  0.07119900   1.00156
 1.66045412  0.59950896 -0.09598370    0.02540787 -0.24986155 -0.16075467   1.03493
 0.62204791  1.09303616  1.54772887    0.29186784  0.04684519 -0.00395662   1.25584
-0.11410306  1.83204521 -0.50389232   -0.08253746  0.00116721  0.29225216   1.14580
 0.11803385  0.65913643  0.70884344   -0.02124871  0.03306311 -0.29507777   1.03857
-0.04175586  0.48883054 -1.35033536   -0.21700468  0.20327967 -0.05621098   1.22920
-0.32424076  0.42752551  0.51590224    0.09884464  0.05351151 -0.27393526   1.08623
 0.02383069 -1.16920667  1.26739976   -0.20179042  0.08920706 -0.20491118   1.27338
 1.19577277 -1.19412606 -0.97652529   -0.03182965  0.18013581 -0.23569523   0.78762
-0.26137216  0.83042979 -0.67186299    0.21197464 -0.17696926 -0.10637716   0.79924
-0.46934344  0.77203007  1.20633284    0.19446566 -0.21762720 -0.05312288   0.73285
 1.05071388  0.88250044  1.08831652    0.27009358  0.11019844  0.05280417   1.17719
 0.39742207 -1.81423352  0.65152464    0.27254920  0.05212472  0.10553950   0.98267
-0.78313032  0.74419448  0.00540628    0.10295993  0.16263255 -0.22547348   1.21088
-1.05628457  0.72438815  0.64923731    0.11592566 -0.09034946 -0.25693636   0.86623
 1.01567354  0.37923955 -1.45279064   -0.24814277 -0.10964237 -0.13362008   1.06922
 0.31106783  0.98574007 -1.69623209   -0.16936634 -0.04519673 -0.24383369   1.21434
 0.09734427 -1.81818095 -0.25555239   -0.12607654  0.21129580 -0.17213247   1.01238
 1.30413673 -1.01189539 -0.31214804    0.10202307 -0.25323751  0.12327016   1.23855
 1.25000289 -0.30448693 -0.10971374   -0.24771810  0.16039378 -0.06847576   0.82080
-0.37994239  0.77062044  1.22593028   -0.04575108 -0.03245164  0.29797280   0.96952
-1.16086962  0.19151926 -0.83289677    0.06448050 -0.05070603 -0.28494188   1.24293
 0.33786809  0.73647649  1.46135995   -0.11095930 -0.23121970 -0.15608166   1.09291
-0.46992332 -1.77879363  0.20884467   -0.07685737 -0.24102553 -0.16066562   0.91622
 0.36591814  0.82403922 -1.62661536    0.06196193  0.26676079 -0.11750826   1.03259
-0.47394275  0.56649150 -1.41023256    0.07689032  0.25600132 -0.13099280   1.07069
-1.07359578  0.27918908  0.48300808    0.16312770  0.13003743  0.21481452   0.76718
 0.26270953  1.36400551 -1.32078873   -0.20584506  0.06701417  0.21455300   0.78906
-1.80211732  0.43291568  0.33942445   -0.11569855  0.26723693 -0.07602120   0.85876
-0.23746143 -1.72270812  0.81414832   -0.24928322 -0.12171667 -0.12071208   0.96089
-1.42429448  0.23398065 -0.16518031    0.01425857  0.14031442  0.26711535   0.71611
-0.13954606 -1.66757075  0.03732932   -0.12179196 -0.25017847 -0.11414126   1.09304
 1.19624613 -1.16327567 -0.24400593    0.00795128  0.16640687  0.25191764   1.15182
 0.13994007  0.26914938 -1.57082255    0.21484729  0.19762496  0.05627254   0.76280
-0.00606752 -0.38325579  1.39294040    0.13880037 -0.20112556  0.17307048   1.12074
-0.91822067 -0.61671192  0.81242520   -0.16345444 -0.25118854  0.04269438   0.73146
 0.91340079  0.99635284  1.25681052   -0.05528441  0.28558655  0.07903506   0.80307
 0.14308961 -1.55940851  0.66174935    0.03907519 -0.29220750  0.05491885   1.00855
-1.17877144 -1.49926188  0.32798222    0.02653315  0.26816849 -0.12823580   1.20477
-1.36036780 -0.38434551  1.32724426   -0.28860716  0.06613075 -0.06693905   0.72509
-0.07944327 -0.66760276  1.39165543    0.09207118 -0.05169100  0.28194916   1.14892
 0.53494788 -1.24543604  0.25524539    0.26789473 -0.02469530 -0.12091245   0.97451
-0.90772826 -1.37854042  0.38919357   -0.24918059  0.04888064 -0.16375868   0.75514
 0.36478989 -1.25645714  0.95501169    0.15260595 -0.21588287  0.13957376   0.77461
-0.01300725 -1.22306772  0.79817880   -0.06927339 -0.17311204 -0.23365991   1.05213
 0.47847425  0.59324153 -0.36614944    0.27904133  0.09270733 -0.03019721   0.81901
 1.18125342  0.29122287 -0.23987556    0.21428322  0.17407920  0.11160555   1.21850
-1.81275298 -0.57495184  0.33886017    0.24306126  0.14622159  0.08857549   0.72001
-0.48272264  0.26812700 -1.05809829    0.03301475 -0.26467583  0.13883825   0.85334
 0.08807673 -0.66267815 -0.83371791   -0.17466011 -0.24249610  0.04959064   0.87469
-0.44503552  1.31744217 -0.44373696   -0.10628039  0.06681435 -0.27151872   0.87796
-1.09009337  1.14720155  0.24181261    0.08547107  0.08647075 -0.27023543   0.75195
-0.56102278  1.42561851  0.49598631    0.28797702 -0.03249520 -0.05632781   1.12852
-1.13341964  0.84551769 -1.08693272   -0.27018911 -0.04703995 -0.12827593   0.80048
-0.87198138 -0.56543872 -0.94414006   -0.17086240  0.17036945 -0.17973485   0.74401
-0.90524664  0.78504308  1.27667177    0.07010554  0.21889491 -0.18851472   1.20690
 1.19073510  0.99242909  0.99584412   -0.06030950 -0.26806029 -0.11995486   1.11420
-0.65940875  1.65439439 -0.83315452   -0.08299596 -0.12691191 -0.25760825   1.04847
-1.18822992 -1.18451895 -0.83995965   -0.05647353  0.28066421 -0.08960686   1.04042
-1.17369479  0.76379625  1.39567732   -0.05664026 -0.29164264  0.04975391   1.03932
-0.68940409 -0.07420128  1.57580217    0.27729633 -0.08334121  0.06358277   0.70378
-0.20278869  0.34778408  1.44110334    0.12611359  0.21248712 -0.16416288   1.29379
-0.17991898  0.42504192  1.55554669   -0.29717385 -0.06515762 -0.00252127   1.01399
-0.04361440  0.49635139  1.61627128    0.10726394 -0.15194938  0.23596564   0.71998
 1.43515046 -0.66330691 -0.93396833    0.07507018 -0.05855799  0.28591889   1.27455
 0.94982974  0.29128896  0.80208116    0.24887647 -0.16083412  0.00230872   1.29330
 0.19463895  1.81621341  0.48519185   -0.11043441  0.26287385  0.10080420   0.86399
-0.64268414  0.66742851  1.62647150   -0.04933697 -0.11145245  0.27749773   1.05596
-0.51372143  1.36252085 -0.01761917   -0.12367070 -0.11610315  0.25220013   1.29442
-0.37699313 -0.28848791  1.19826687   -0.18510432 -0.23931971 -0.00581004   0.73230
-0.01976864 -1.46198789 -1.08041528    0.05080165  0.07781050 -0.28181128   1.10554
 1.72857908  0.27767899 -0.70742985   -0.20845038  0.15065003 -0.15755315   0.88214
-1.42734935  0.93466876  0.08741412    0.08765082  0.02004781 -0.28221516   1.19507
 0.31900187 -1.58281990  0.45638793    0.21850301 -0.15532893 -0.12467285   0.84353
 0.20984115 -1.21997119  0.38547608   -0.17784571  0.21732562 -0.10995225   1.08809
-1.70927836 -0.70273502 -0.43380584    0.07231354  0.24514884  0.15757695   0.87829
 1.48252074  0.08447178 -0.53751791    0.06691270  0.20543047 -0.20404826   1.06005
 0.71550393  1.66063450 -0.09901091    0.25224600 -0.07292410 -0.13460366   0.85529
 0.18628039  0.74224791 -0.88406754    0.16584248  0.22808704 -0.09222508   1.03330
-1.35908131  1.00082380 -0.22852876   -0.06302085  0.04845389 -0.28757708   0.95729
-0.09550331 -1.59820515 -0.04089058    0.03755440 -0.26590354  0.13507373   0.92535
 0.04216597  1.36273412 -1.16505483   -0.24130383 -0.06459069 -0.16970887   1.18296
-0.73951662 -0.51800790 -1.65901644   -0.17861021 -0.13448037  0.20648260   0.76311
-1.61806950 -0.37636902 -0.36997658   -0.07213095  0.28128367  0.08186328   1.10336
-1.44067343  0.32957979  0.98056491   -0.13157160 -0.26994750  0.03356877   1.29524
-0.70828587  1.68437858 -0.03386657    0.12304692  0.27067274 -0.01954670   1.27902
 0.32557467 -0.84578321  1.06784633    0.21284758  0.07955009 -0.18838969   0.92599
 1.57975535  0.46794187  0.59598344   -0.17419910  0.17460227 -0.17251062   0.77550
 0.04488801  0.66387269 -0.34203940    0.15244479  0.21304723 -0.13884610   0.92485
-1.42973613  0.63820743  0.35003718   -0.27661720  0.08352540 -0.09175694   1.01583
-1.15142113 -0.57047330  0.13904238    0.06117656  0.12819199 -0.26056836   0.75835
 0.47285398 -1.36052395 -0.45719601   -0.17268976 -0.23523352 -0.07702867   0.93879
 0.74257972 -0.47211188 -0.78736030   -0.30354081  0.02066809  0.01116515   1.19418
 0.32645711  0.01207489 -1.95809235    0.10246126  0.26898108  0.08152379   0.88451
 0.32146696  0.42430378 -1.53774782    0.28160060  0.04428934  0.08169760   0.74391
-1.13218941 -1.41280128  0.81190481    0.03091551  0.29747457 -0.01332857   0.87751
 1.29177521  0.37403601 -0.14469788    0.16909824  0.04105230 -0.23867262   1.29559
 1.66850229  0.52725339  0.63058102   -0.23790554 -0.09105708 -0.16223537   1.02953
-1.25241364  0.92006393 -0.57076509   -0.27532720  0.00358815  0.13135110   1.07993
-0.16058709 -1.41003754  0.85209210   -0.28346812  0.04423862  0.10336069   0.74984
-1.44211051  0.73934487 -1.11937513   -0.05311616 -0.28678267  0.07602493   1.21654
-0.93370802  0.39891811 -1.32778514    0.28609143 -0.07056527  0.02812809   1.06595
 1.16331081 -0.56801739  0.80947856    0.07033058  0.18269785 -0.22329331   0.77101
 0.12780633  1.74515092  0.69352922   -0.02042310 -0.29842712 -0.02370816   0.89972
 1.70544852 -0.62893134  0.35005588    0.13827103  0.17097921 -0.19841320   0.79669
 0.13810729 -0.40539832 -1.91561976    0.08661231  0.23255125 -0.16361876   1.25738
-0.08487761  1.02613687  1.67918881    0.05178965 -0.14147917 -0.25590611   0.97658
-0.39428211 -1.70098649  0.44463752    0.02971664 -0.29751089 -0.01566131   1.15952
 0.60586959  0.53194153 -1.57108695    0.11719939 -0.06783693  0.26835851   1.18801
-0.27653014 -1.87300087  0.07258767    0.24755909  0.03589651  0.16148201   0.82812
 0.41973033 -1.38449925 -0.76078780   -0.28836497 -0.00782107  0.09899889   0.79429
 1.33074969 -1.21370721 -0.58644319    0.22882222 -0.12767602  0.14161515   0.70563
-0.35378676 -1.77006128  0.60711234    0.10865199 -0.21728335  0.17587550   1.26366
 0.31664393 -1.69917352  0.05176692    0.11716754 -0.00377972 -0.27163423   0.99649
 1.80880640 -0.45877262 -0.50348171    0.02934095  0.25239333 -0.15598160   1.11612
-1.54827592 -0.95796260 -0.19610040    0.20111484 -0.20674059  0.07359310   1.27385
 1.28323493 -0.29538761  0.32693958   -0.23888263  0.14454575 -0.11616652   1.24778
-1.24263357 -0.14740713  1.07817708    0.27770443 -0.10035133 -0.01643354   1.28019
-0.20011744 -0.75277396  0.77607390    0.28000323  0.00629207  0.09794736   1.05302
-1.20015903  0.11389534  0.97989810    0.19430954  0.18790999 -0.12070463   1.21750
 1.70140828 -0.52312548 -0.50493229    0.04223070 -0.28668635 -0.07253437   1.04440
-0.04060024  1.50552604 -0.84917701    0.22397178 -0.16782630  0.10108560   1.10038
-1.12430475 -0.04215544  0.02239400    0.29489668  0.00510503 -0.01761233   1.11853
-1.60957515  0.10353171 -1.03324840    0.03619633  0.29572110 -0.02728079   1.17223
 0.40963174 -1.07241935 -1.31961452   -0.29275091 -0.05039227  0.06820909   1.17023
-0.82425041 -1.60155589 -0.22784886    0.11277063  0.14235931 -0.23404044   1.08288
-0.09220199 -1.77565442 -0.38474086    0.25062250  0.08786387  0.13396440   1.18788
 0.24949916  1.69266129  0.48096111    0.10861965 -0.24211805 -0.13383278   1.16380
-1.83982635 -0.34743656 -0.52804983    0.18884993 -0.17310076  0.15329661   1.21384
 1.56877766  0.27795352  1.18790866   -0.29916941 -0.05240926  0.02138236   0.70694
 1.11277888 -0.81378892 -0.91897957    0.26516560 -0.11915344 -0.05353625   1.10350
 0.56632406  1.54376582 -0.09063710   -0.20146519  0.06811093  0.21828862   1.28553
 0.09134570  0.46162426  1.10465352    0.21208425 -0.20446964  0.03926283   1.12662
-0.88010516  1.04488874 -1.21231054    0.14662858  0.06657618  0.25314061   0.99087
 1.23891613  0.87126595  1.07556417    0.13237767  0.26089527  0.05939436   0.74501
 0.47676043  0.16217748 -1.90787884   -0.08581875 -0.03329615 -0.28419406   1.06692
 0.19767491  1.32348050  1.15933879   -0.08247639  0.00987672 -0.28687150   0.87197
-1.13394669 -1.01493779  1.23106317    0.28388374 -0.01829152 -0.07845154   1.08825
-0.23671611 -1.75398161 -0.75867617    0.11978688 -0.27175925  0.02979289   0.89513
 0.05145285  1.53096519  0.60564458   -0.27766601  0.12367863 -0.00096540   1.01239
-0.58260489 -0.80422938 -1.25439911    0.14874626  0.23635488 -0.10074061   1.11521
-1.09998755  0.05668833  1.60192086   -0.25596789  0.15533784  0.05328407   1.04822
 0.20288629 -1.52060745  0.36603182    0.19182256  0.08691182 -0.20702601   0.92879
 0.51678138  1.55800343  0.11497663    0.13320338 -0.07531874 -0.25312107   1.01250
-0.49176924  0.19076472 -1.50335835    0.26223156 -0.13728604  0.01137472   1.05796
-0.12083486 -1.04458957 -1.25295920   -0.18154220  0.03714788  0.24184598   1.13203
-1.10244390  1.01702822 -0.81898178    0.03753414 -0.06664222 -0.28687449   1.07124
 1.90313982 -0.11926268  0.43391935   -0.24174675  0.07657084  0.16931884   1.14657
 1.22493362  1.17622004  0.48071652    0.01285798  0.26047494  0.15042522   0.83645
-0.98579920  1.15921895 -0.22830239   -0.23683097 -0.02837652 -0.18489661   1.00481
 0.21624859  0.09883833  0.89678229    0.13103097  0.24747169  0.10466870   0.84239
-0.84577968  0.33295658 -1.42492137   -0.13201345 -0.25568622 -0.08871539   0.79836
 0.19135650  0.02212361 -1.63653145    0.15729901 -0.25257950  0.01111638   1.02962
 0.06108220 -1.16041979  1.28760268   -0.28761858  0.09066806 -0.03676273   1.21457
 0.15556029 -1.54253007  0.98049044   -0.23748169  0.17010898  0.08458988   0.96757
 1.55451071 -0.29796878 -0.53840157   -0.19366114  0.05608807  0.22849989   1.16206
-0.42388260  0.77851084  1.11822096    0.20641368  0.20037651 -0.07094062   0.74973
 0.52124680 -1.47174673 -0.05481373   -0.00437031  0.27067602 -0.12671446   1.07072
 1.45719504 -0.28581310 -1.01261289   -0.00250119  0.29997479  0.00416490   1.00232
-0.93417507 -1.44551198  0.22785173   -0.20418537  0.16172925  0.15726078   0.99255
-0.22875377  0.78990745  0.70472151   -0.01334100  0.16092027 -0.25040521   0.80096
-0.10248925  1.54034598  0.12073690    0.16957867  0.24256340 -0.02730196   1.05386
-0.65379662 -1.20225032 -0.30164740    0.03436812 -0.01217536  0.29985419   0.74837
-1.51286520  0.51437972  0.54859616   -0.10114451 -0.00952381 -0.28119028   1.19603
-0.81348749  1.38433328  0.77788820    0.25392322  0.08274659 -0.12557034   1.08483
-0.76593932  0.42285132  1.37233547    0.17469616 -0.03374766  0.24093230   1.07671
 0.35288286  0.28133052 -1.87870821   -0.10268815 -0.21590344  0.18626499   0.97260
 1.51381396 -0.62692332 -0.62294559    0.21310032  0.13481456 -0.15398800   0.96620
-0.46736208 -0.15999118  0.22571365   -0.17894851 -0.22291776  0.10180822   1.02721
 1.15684065 -0.47647031  0.61522453    0.22762977  0.14359118 -0.12208479   0.82646
-0.96824962 -0.29932331 -0.75867820   -0.08872845 -0.19309787 -0.21093550   1.26217
 0.62839542 -0.81719556 -0.00433721   -0.10206643  0.28337589 -0.00947401   0.91212
 0.61696550  1.79424910 -0.54250483    0.20162471  0.21531734 -0.03195645   0.73800
-1.73236784  0.20100720  0.06672798    0.19815994  0.13658460 -0.17150914   1.26152
 0.64931120 -1.01693822  0.06924404    0.01103619 -0.27137460 -0.12437523   0.89807
-1.02302522 -1.25893390  0.87379843    0.12119522  0.01841045 -0.26921582   0.79478
 0.18825281  0.72376957  1.64984715   -0.22852354  0.04110476  0.19772394   0.85624
 1.32731762  0.40425230 -1.00826056   -0.09024301 -0.03641403 -0.28252000   0.76436
-1.49346666  0.78496715  0.80387716   -0.29781044 -0.04870886 -0.03644432   1.25963
-1.14915878  1.22305926 -0.53201365   -0.30373148 -0.00698955 -0.01577357   0.99206
-1.11134727  0.79835711  0.10835604    0.06017869 -0.19308276  0.22297309   1.24232
 0.89890916  1.34512766 -0.89445268   -0.18735548 -0.23613274 -0.02508645   0.88941
-0.54748807  0.08788592  0.01060744   -0.14863399  0.25871060  0.05005740   1.15408
 0.43786247 -0.80135709 -0.38509331    0.24919084 -0.05800395  0.15208355   1.24818
-0.35075527 -1.90589345 -0.02423395   -0.24207885 -0.04136594 -0.17567625   1.13625
 0.96684491  1.01384060  0.60300194   -0.03755568 -0.27808548  0.11020786   1.19142
 1.70581683 -0.70681658  0.73581312    0.17388750 -0.01444934 -0.23824461   1.02421
-0.96666685 -0.29676539  1.45887254    0.00439106  0.29572312 -0.04700215   0.96948
-0.63273767  1.59755045 -0.84786242    0.18797289 -0.22700601 -0.03581417   0.83992
-1.09640876  1.25550653  0.65812436   -0.00884441  0.07225181  0.29374670   0.80677
 0.81079766  1.35453013 -0.84313864   -0.16786843 -0.17992756  0.17840518   0.99175
-1.74756606  0.56198772  0.54933924    0.15964616 -0.18777939  0.16947189   1.00754
 0.79476932 -0.45962012  0.93849704   -0.06676957  0.28023655  0.08959819   1.13741
-1.14732895 -1.39970872 -0.64160597    0.26428722  0.12906852  0.03662983   0.81216
-1.21924799  1.39386764  0.37104051    0.10560359 -0.27717945  0.03554496   0.76069
-0.46643605  0.40046264 -0.17059006   -0.21317463  0.21161085 -0.03760698   1.14091
-0.51585553  0.26818836  1.72133094   -0.21767964  0.04566359 -0.20333456   1.16605
-0.78540276 -0.33248289 -0.61390128   -0.16855660  0.18303746  0.17447765   0.74176
-0.76939003  0.87969587 -1.16000017   -0.05480500 -0.10990860  0.27717033   0.91655
 1.79907399 -0.48073663 -0.64813999    0.20018329 -0.21848783  0.02322913   0.80413
-0.86124826 -0.70556655  1.45394326    0.20063317 -0.12117093  0.18507686   1.10715
-1.31004477  1.26142002  0.72469346    0.10499598 -0.25629647  0.11377992   1.03370
 0.75203117  0.81235814 -0.80878740   -0.25068231  0.16905365 -0.02475768   0.84046
 0.93651938  0.84308791 -0.61913531   -0.01198664 -0.28664361 -0.08562486   0.95372
-1.15968639  1.13663884 -0.22284380    0.01174263  0.16263422  0.25418096   0.84785
 0.83177385 -1.26983767 -0.63425885    0.08702544 -0.16220623 -0.23262872   0.75162
 1.32780621  0.32561825 -0.94027130   -0.01966320  0.28457093  0.09630085   0.74902
-1.33784396  1.30686636 -0.55301274   -0.25292124  0.14653346 -0.07953774   1.03024
-1.11785747 -0.44850026  1.40333159    0.22966976 -0.17367314 -0.06855468   1.23745
-0.97301311  1.32593723  0.80165061   -0.11583702  0.24551753 -0.12887705   0.94889
-1.71537069 -0.76432431  0.28981904    0.07371402 -0.07949223  0.28115657   0.81633
 0.34626495  0.66967106  0.81653931   -0.06144278 -0.00815750 -0.29179460   1.21564
-1.60014640  0.35016227  0.99299265   -0.21530169  0.19596131  0.08689966   1.27989
-0.98517190  0.29003521  0.57773493   -0.01158224  0.29677332  0.04579599   0.79717
 0.66524844 -1.80530830 -0.46848943   -0.17723449 -0.16395835 -0.17971111   1.19348
 0.33942561 -1.36472550 -0.61260334   -0.15573206  0.25159579 -0.05889431   1.07723
-0.48762629  0.34465398  1.86254663   -0.23090173 -0.02207586  0.19806298   0.82617
 0.04854175  1.70213298  0.28683440    0.22546094  0.12179768  0.15206827   0.76377
 1.39258478 -0.86125163 -0.41229698    0.15586933  0.21799731 -0.12696734   0.75483
-0.06889060  1.61005869  0.43021474   -0.22343128  0.05286535  0.20065260   0.92609
-0.74925788  0.54618615 -1.75361127   -0.09004793  0.13836046  0.25463235   1.13356
-0.15493954 -1.49174779  0.72093158   -0.22830892 -0.11467520  0.16603967   1.09365
-0.30300558  1.61986575  0.80523018    0.09717907  0.28062734  0.03304699   0.87695
 0.37143198 -0.69593094  0.92856037    0.02661150 -0.07533353 -0.28611797   0.90677
-1.05855654  0.85889471 -0.34060229   -0.09642968 -0.28422013 -0.02484214   1.28095
 0.36362980 -0.85597812  1.60381559   -0.10373782 -0.16084947 -0.23032199   0.94555
-0.81068565  0.35297594 -0.07498118    0.14623270 -0.00590596  0.26200317   0.73080
 1.59756021  0.12352076 -0.96702234    0.04168599  0.28999480  0.06403462   1.15193
-0.75186929  1.18010962  0.08242471   -0.06751738  0.29222073  0.02734076   1.18807
-0.63010040  1.12339281 -0.00407608    0.09522380  0.28196007  0.02648121   0.90195
 1.71669195  0.10409689 -0.91879914   -0.02106672 -0.23731881  0.18539524   1.20655
 1.14772862  0.26255138  1.26891618    0.00553182  0.04496898 -0.29382734   1.08341
 0.69496530  0.51324430  1.24227387   -0.02358234  0.25662370 -0.15155199   1.23653
-1.40295382 -0.79739641 -0.90169797    0.25837454 -0.12859704  0.06916203   1.03112
 0.75950614 -0.84661280 -1.39240660    0.05408296 -0.27363497 -0.10561941   0.70157
 0.77252066  0.37064595  1.24313742   -0.08198598  0.18114629 -0.22356446   0.93331
-0.28951765  1.75037899  0.63457705    0.03444691 -0.13969203 -0.26003113   1.10490
-0.63646352 -1.67115243  0.04036479   -0.18425857  0.17887871  0.16273860   1.17460
 0.82689908  0.23090734  0.63148782    0.05807638  0.01750309 -0.29028862   0.92992
 1.03809942 -0.80588243 -1.49935664   -0.11972739  0.13036584 -0.24171030   1.23845
 0.50657389 -0.83821418 -0.41518514   -0.23655418  0.01581156  0.19193825   1.07756
-0.38293706 -1.78191276 -0.24572340    0.07443064 -0.25611652 -0.13229790   0.89223
 0.63439377  0.92774359  1.38559969    0.02699049 -0.29290072  0.05948574   1.27808
 1.96094267 -0.39608741  0.24180005   -0.27710000  0.12437587  0.01481748   1.21315
 0.41489793 -0.14211472 -1.60494612    0.20932866 -0.14533713  0.15496865   1.24776
-1.60360490  0.81900439  0.46930094   -0.21549305 -0.20921548 -0.03819204   1.00604
-1.18237088  0.46438625 -0.66175344   -0.16230821 -0.24272785 -0.07579589   0.99126
-0.65531297 -0.13917970 -1.49885275    0.19994697  0.18103025  0.12701097   1.02456
-0.96234641  1.23962910 -1.18671882   -0.08701213  0.28371609 -0.04903624   1.20800
 0.98290661 -0.74681597  1.49893321    0.21623564  0.19906367  0.04381833   0.82399
 0.25449685 -0.98155360  1.03544251    0.24889075  0.05151707  0.15493059   1.08965
 0.09841300  0.56532203  0.74795427    0.11037728 -0.13819128  0.24290450   0.75263
-0.26245180  0.05967574  1.17911785   -0.21517972  0.19370099 -0.08702913   0.76169
-0.66425501  1.12337494 -0.01890613    0.06122236  0.13771396  0.26093174   1.15886
 1.57926026 -1.09380273  0.52139799    0.18357886  0.23358756 -0.00750140   1.10607
 0.75486346  1.77666702 -0.31109386   -0.23120613  0.11520304 -0.15636014   0.71259
-1.37466000  1.05605869 -0.28354859    0.18829660 -0.22279907 -0.05434401   0.80491
-0.43632843  1.58897118  0.11606362    0.12101981  0.12936240 -0.23725360   0.78653
-0.48468757 -0.30521045  1.54783880   -0.09070227 -0.16753980  0.23603224   1.10598
-1.12855912  1.14055364  0.84785456    0.02966452  0.25900223 -0.14486721   1.15268
 1.23969768 -0.53117518 -1.43891684   -0.20019552  0.14438347  0.17812603   0.94663
-0.03269983  0.73565792  1.08198317    0.26711568 -0.09623427 -0.08125211   1.15366
-0.85842155 -0.91656105  1.19757852   -0.10476483  0.00111440 -0.28008768   0.96669
-1.06865630 -0.97689404 -0.33481542   -0.24196273  0.14304654  0.11701037   1.17524
-0.13126959  0.53145590  1.66955005    0.20969090  0.02593212 -0.20595542   1.21540
 0.74438593  1.39201251 -0.39345100    0.09221970  0.27701705 -0.06001191   0.83318
-1.38706005  0.24944398 -1.31340945    0.27901278 -0.08525766 -0.04661965   1.07284
 0.09505583  1.46027680  1.02771926   -0.15731379  0.16407565  0.20182480   1.19092
-1.58820430 -0.56105654  0.63251293    0.28343671  0.01203174  0.08639024   1.18570
-0.80917828  1.37469856  0.81454071   -0.00984357 -0.00861921 -0.29721147   0.82150
 0.80851191  0.06275598  0.17656512    0.16976467  0.14153810  0.20170664   1.29201
-1.36897890  0.39130477  0.84607015   -0.21721269  0.11247539  0.18163129   1.00004
-0.69581404  1.40090043  0.66032360   -0.07463570  0.29159664  0.00772808   1.07353
 1.25305013 -1.21690669 -0.60538176   -0.26355939 -0.14739903  0.03581836   0.82795
-1.33548546  0.44995144 -0.67874524    0.05008060 -0.19769068 -0.21637980   1.03153
-0.17825280 -1.92471171 -0.45464727   -0.03377052  0.21395119  0.21083233   0.96529
-1.10702116  1.12927111 -0.83841752    0.08171860 -0.17453094  0.23093937   0.90432
-1.44490739  0.93589260  0.76033301   -0.12126112  0.18225926  0.21025447   1.14304
-1.69847054  0.69561687  0.58432064   -0.19432005 -0.21112992 -0.09409150   1.21927
 0.20850092 -0.56499007  1.86925685    0.00919920 -0.25583281  0.15873419   1.04482
-0.96078337 -0.42923629  1.42657044   -0.12342383 -0.19973184  0.19219675   0.74629
-0.41173051  0.50818845  1.77568818   -0.28128781  0.11267319  0.02754715   0.78789
-0.65545522 -0.29933986  0.83309791   -0.26221517  0.14827723 -0.03648331   0.78230
-1.20496425 -1.25521357  0.35902376   -0.14111051 -0.20517733 -0.16830123   0.84960
 0.07850810  1.04960361  0.38084682   -0.06528762 -0.12113099  0.27023606   1.19723
-0.90313563  0.61964180  0.31815587   -0.25564083  0.01312861  0.16599716   0.93321
 0.10370873 -1.60141221  0.28660962    0.07966042 -0.12633959  0.26142009   0.77554
-0.83856524 -0.98988871  1.44588327    0.06251058 -0.03014724 -0.28827669   0.71213
-0.03328960  1.20530938 -0.05245526   -0.18598264 -0.20298389 -0.12317458   1.03153
 0.40913412  1.80417619 -0.62419920    0.14448680  0.00119157  0.26307290   0.74712
 1.88577381 -0.34858169 -0.62295404   -0.14917866 -0.24439470  0.09910962   1.08744
-0.70248836 -0.83531691  1.61056568   -0.30277978 -0.02684142 -0.01274807   0.75951
-0.82534654  1.75545398 -0.16746345   -0.24683683  0.17600732  0.01775356   0.94768
 0.46406272  0.57593381 -1.69814171    0.07543916  0.03571505  0.28958698   1.16332
-0.68022274  0.30481396 -1.74455253   -0.01809306  0.18971991 -0.22935971   1.15399
-0.74673072  1.49039248  0.58929389   -0.19273165  0.23087963  0.03739989   1.14204
 0.59224676  0.71105760 -1.30843259   -0.15024863 -0.02145751 -0.25865401   0.81270
-0.13495745 -1.65432037  0.02914558   -0.21362335  0.15034755  0.15626063   0.96203
-0.42244025 -1.58566826  0.29491378   -0.11375102  0.12871344  0.25053904   0.73050
 0.24701370  0.73852462 -0.31175934   -0.19614511  0.04042882  0.22974783   0.99462
-0.51556889 -1.20196129 -0.61947377    0.08697529 -0.25306563 -0.13012635   1.24933
 0.09837803 -1.07870217 -1.51124939   -0.00712137 -0.29333626  0.06550650   1.01718
 1.57349567 -0.42935573 -0.85858944   -0.19875478 -0.14599805  0.17841705   1.12646
 0.55145191  1.00557172 -0.44043079    0.07571370 -0.21745713 -0.18792231   1.29159
-1.24886886 -0.48537669  1.44934460   -0.18336054  0.15611873  0.18588280   0.98233
-0.64856880  0.34059011 -1.43058298    0.21923830 -0.12726658 -0.15166821   1.26731
 0.00946702  1.00814496  1.68949281    0.00892775  0.08626698 -0.28440100   0.97792
-0.16636452  1.02442419 -0.79810605    0.25120915  0.14966086 -0.04505909   0.70056
 0.94391322  1.59242688 -0.38569105   -0.14766733  0.09454449  0.24863616   0.96650
-1.04661919 -1.59161390  0.05557204    0.00130142  0.27778810 -0.11049088   1.13512
-1.39366735 -1.33218170 -0.02784412    0.23044995  0.17890670 -0.05070721   0.85200
-1.85364971 -0.40736392 -0.46631962    0.14502972 -0.20142735 -0.16203856   1.29698
-1.19366162 -0.04492437 -1.33055644   -0.03861127 -0.09087627  0.28646788   0.72669
 0.33955093  1.22747350  0.02388276   -0.29829189  0.03297954 -0.04763677   0.83042
 1.40252061  0.13277974  1.39759166   -0.19010549 -0.19600182 -0.12812936   1.28972
 0.06590146 -0.02427636  1.60473280    0.29031276 -0.04279580 -0.03382488   0.97661
 1.54576154 -0.62860950  0.03844790    0.02289249 -0.21196204 -0.20794345   0.84814
-0.19198768 -0.33857466 -1.40149698   -0.08945931 -0.14511209  0.25102604   1.03094
-0.72771281  1.40298479  1.16010871    0.22556160 -0.18796091 -0.03986749   1.12988
-0.33230853  1.89016337  0.39211569   -0.20693568 -0.10752841  0.19603413   1.09393
-0.94938488  0.40906293 -0.23858888   -0.20735742  0.15816923 -0.15158107   0.83157
 1.57191723  0.28210016  0.25086395    0.07487324 -0.05384994 -0.28167552   0.83176
-0.84572105 -1.24717504  1.13808289    0.28272257  0.07689669  0.04333976   0.85450
-0.73056723  0.07270203  1.71012890   -0.28604601  0.08639119 -0.05392123   1.24194
 0.91297166 -1.47689446 -0.75144578    0.00422550  0.06420186 -0.29030475   0.99229
-1.04028762 -0.45215505  1.39275649    0.05173766  0.20822008  0.21115588   1.25188
 0.66084081  0.39633545  1.00783236   -0.16655558  0.20789163 -0.14046770   1.21150
-1.50830379 -0.76243855  0.61826167    0.27481103 -0.10930554 -0.00786297   0.89714
 0.94537193  1.50273970  0.48166670   -0.17109822 -0.02988418  0.25022754   0.91437
-1.08186381 -1.27485223  0.32074125   -0.08669123  0.10704700 -0.26526900   0.98842
 0.47278095  0.47592016 -0.47110889   -0.15229043 -0.25141127 -0.06753917   0.90896
 1.34519930  0.33371680  1.02125570    0.05650273 -0.28570123 -0.06577516   1.22903
 0.72018032 -0.58326454 -0.12730534   -0.20496160  0.21122720  0.07432537   1.20867
-0.51081709 -1.17124859 -1.04514974    0.10118069  0.03983712  0.28058902   0.91949
 1.03243823  1.26352887  0.55132687    0.21526524  0.10831724 -0.17065161   1.19989
 1.26328036  0.07514145  0.10640948    0.24641232  0.06625449 -0.14809343   1.20506
-1.45089053  0.12669632  0.64947031    0.15111738  0.19622341 -0.16264786   0.82267
 0.30680988 -1.73873714 -0.33381249   -0.24506447  0.12043105  0.13513744   1.25211
 1.24136612 -0.92815879 -0.55096823   -0.10064286 -0.20465896  0.19972906   0.94797
-1.29253290  0.48722109 -0.40619494    0.26443850 -0.08945733  0.10129889   0.86161
-1.17079317 -0.62113898  0.64313392    0.11190264  0.19493118  0.19876560   0.76627
 0.99166261  0.66684338 -1.22539067    0.13906635 -0.12627416  0.23387871   0.83043
-0.94023148 -0.26448975  0.51462060   -0.07000969  0.15373840  0.25171791   0.88948
-0.81488013  0.54399849  1.62399668    0.25364505 -0.06473245  0.14131068   0.79489
 0.53016457 -0.88850050  1.71454325    0.24046722 -0.09158346 -0.14458076   1.19947
-0.54018380  0.69508039 -1.02862642   -0.00261989  0.05213905  0.29804182   0.91899
-1.11864860 -0.27554274  0.04061927   -0.18826541  0.21655151 -0.09373713   0.92082
-0.26440286 -0.22669583  1.02216608   -0.19252068  0.04136357 -0.22736226   0.79148
 0.98610785  0.27841791  0.79617646   -0.18330816 -0.05987189  0.23585501   0.86280
 0.36154463  0.35038321 -0.18835638   -0.01326397 -0.02390921 -0.29629958   0.71576
-1.64532622 -0.18651331  0.77918853   -0.20029007 -0.17567447 -0.14147450   1.06845
 1.82191843 -0.38828483 -0.13060329    0.29508942 -0.00655079  0.01926639   0.77012
-1.24652153  1.10211724  0.07469178    0.01186291 -0.26476372  0.14277436   0.73051
-0.34052487 -1.11275438 -1.29330594   -0.00837637 -0.23494289 -0.18391367   1.03356
 1.37251419 -0.34182858  0.49809964    0.25564971  0.14612854 -0.02944975   1.02602
 0.32766002 -1.07774111 -1.60385167    0.17911546  0.23652206  0.02212533   0.76488
-0.44135739  0.57811160  1.16741790    0.17224618 -0.20625709 -0.12493336   1.15907
 1.28648041 -1.15297353 -0.92730342    0.04377725  0.22224260 -0.19304409   1.15291
 0.21379056  0.65738920 -1.61699988   -0.18364293 -0.08156349 -0.22368885   1.18725
 1.93454240  0.47391365  0.28117716    0.17521558 -0.18231559  0.15918217   0.70339
-0.39722815  1.51617129  0.60722201    0.22063234  0.19335447  0.04710121   1.12730
-1.29231362 -1.16083331  0.95728564   -0.18920325 -0.21307478 -0.09958483   0.80061
-0.32430008 -1.43600591 -0.26945661    0.03907337  0.26001502  0.14578055   0.92363
 0.08381803 -0.04764574  1.36134769   -0.01365370  0.01234226  0.30221707   1.19256
-0.89812784  0.44874441 -1.00657650   -0.24561980  0.07762121 -0.15792875   0.97975
 1.67029806  0.19652709 -1.05997641    0.25558830 -0.14773136  0.02707160   0.80013
 1.59743744 -0.05259830  0.95207049   -0.20679339 -0.21736712 -0.03964272   1.06446
-0.18974749  1.68147695  0.95262949    0.17647117  0.20674583 -0.11798249   1.26763
 0.91629288 -0.25778216 -1.16522033    0.08450186  0.06077398  0.28262464   1.29158
-0.27810113  1.66263044  1.05109092   -0.24898282  0.13800054  0.10806442   0.91549
 1.72987639  1.00710913 -0.12286653   -0.26245930 -0.03847577  0.15064983   1.08284
 0.41538333 -1.19888676  1.09387237   -0.07458808  0.08765150 -0.27556613   0.98667
 0.15900674  0.14794952 -1.30611240    0.06955283 -0.01132304 -0.28791275   1.26750
-0.33926114  1.56062053 -1.08648335    0.14800656 -0.06724602  0.25213351   0.92814
 0.14394495 -1.32644658  0.56391975    0.02829278  0.29603505 -0.03325762   1.14717
 0.30425927  0.75827010 -0.39952391    0.23580230  0.04124564 -0.17234620   0.70347
-0.99812753  0.49262828 -1.15734409    0.20413028 -0.19362595 -0.09246216   0.78729
 0.43852476 -1.57061766 -0.80553197   -0.19319015 -0.15501756  0.17675270   1.05420
-1.10960616 -1.35716677  0.20280190    0.01922775  0.20845170 -0.21182425   1.17453
-1.64327400  0.73393169 -0.75384598   -0.11436137  0.18094416  0.21511719   0.97704
-1.37559997 -0.48365624 -0.47493091   -0.27941905  0.00201298  0.12239700   0.98232
 1.63451577  0.52218613 -0.99946254    0.23872888 -0.17516555  0.01751582   0.87074
 0.10843143  0.59820320  1.61172111    0.11047512  0.15773435  0.23048382   1.07678
-0.04724328 -0.38417177  1.88502660   -0.24615981 -0.16163237 -0.07101162   1.00998
 0.36043072 -1.36159690  0.16800456    0.23461843  0.13566852  0.12291144   1.25349
 0.64280390 -1.55478931  1.06991229   -0.15288312  0.10240700  0.24231415   1.22512
 1.71273508  0.30100958 -0.51690811   -0.05930727  0.20596870 -0.20846105   0.74451
-0.17545140 -0.94748978 -0.62850566   -0.09418707 -0.00485020  0.28881582   0.88282
-0.07236690  1.66162757  0.12697341   -0.27834702  0.04519828  0.11617609   0.79205
 1.13631285 -0.86017648  1.13659907    0.04174073  0.29527366 -0.02341509   1.06083
 1.02898038 -1.62956033 -0.02328358    0.12667878 -0.16820438  0.21365291   1.20743
 0.26461002 -1.17029886  1.52182369    0.11106264 -0.12194853  0.25122347   0.80551
-0.49687175  0.92393836  0.36228620   -0.15095574  0.19062438 -0.17674780   1.25422
 1.58036966 -0.87196351  0.22265381    0.27171351 -0.06583155 -0.09455651   0.82644
 0.37348653  1.35884167 -0.28299667    0.29562002  0.00061398  0.00384127   0.95204
-0.74033139 -1.36651143  0.10027869    0.17179564 -0.23699349 -0.05034338   1.11710
 0.62451949  1.32006150  1.22268742    0.07498896 -0.14199534 -0.24946159   0.73453
-0.51024153  1.23243198  0.55958587    0.07682317 -0.19438637 -0.21098823   1.24478
 0.83284125  1.11532824 -1.14280366    0.08674991 -0.27373735  0.08490855   0.76080
 0.34607693 -1.09729757  1.22570031   -0.20756273  0.16065377 -0.14871522   1.22064
 0.22342236 -0.27270200  1.48093885   -0.22632312 -0.19269916  0.06272176   0.75205
 0.37841829 -1.16864137  0.49063458    0.24921669  0.12140832 -0.10201084   0.70333
 0.24031721  0.37223478 -1.82855311   -0.00161141  0.29956124  0.01830691   0.75911
 1.80994491  0.71122547  0.05498552   -0.26365250 -0.13640818  0.06721495   1.18990
-0.67160669  1.60733385 -0.03800398   -0.25728986 -0.07760136 -0.13886052   1.22858
 1.52113981  0.57738445  0.28646617   -0.17444577 -0.15742021  0.19314156   1.26802
 1.31762533  1.09097903  0.10209013    0.23995123  0.17301350 -0.01648514   0.90333
 1.35582748 -0.75887292  0.45405579    0.20500003 -0.06975227 -0.20060404   0.79905
-0.46154740  0.85284049  1.69369370   -0.03758025 -0.29591888  0.03920257   1.08716
 0.63636563  1.89348127  0.04648780    0.02911722 -0.10532270 -0.27629063   1.20675
-1.14469955  0.46937896 -0.03814019    0.04350577  0.11355643 -0.27089652   0.74183
 0.16192791 -0.84188730  0.28007769   -0.11824411 -0.24411771 -0.12947661   1.09278
-0.92437567  0.11874078 -1.41626132   -0.06353037  0.28258244 -0.07886692   0.99251
 0.58886025  1.39852241 -0.26080532    0.09782489 -0.24099942 -0.14395035   0.87778
-0.17204296 -1.56487214  0.12758454    0.07944033 -0.12294220 -0.25789128   0.76788
-0.40155297 -0.35043058 -1.85108672    0.11146942  0.06331628 -0.26677059   0.95580
 0.98569279 -0.75161354 -0.72539564    0.24100160 -0.10509523  0.13953734   0.71728
-0.93957051 -0.67445603  0.54872243    0.22569419 -0.12478187 -0.14401569   1.27013
-1.27945705 -0.63206654 -0.25244819   -0.18998024  0.20876449  0.11198784   1.13385
-0.91351703 -1.32027412  1.16799513    0.26288870 -0.12660254  0.05306153   1.03183
-0.62437792 -0.66495480 -0.01437782    0.14583548  0.24780304  0.08021888   0.82630
 0.31335545 -1.40065391 -0.00078331    0.19240687  0.04411975 -0.21948441   1.01056
-1.26192094 -0.93807924 -1.15470169   -0.21997799 -0.08934071 -0.18589761   0.84992
 0.62053448  0.87408078  0.02042003   -0.01660527  0.27642790  0.11850145   1.04078
 0.92445939 -1.20688771  1.31555369   -0.00526556  0.10653603 -0.27782368   0.90536
-0.48207415 -1.60400199  0.97108240   -0.19350835 -0.16858175 -0.15805402   0.73876
 0.24411635  1.18577624  0.16872896   -0.07073619  0.00663087 -0.28987789   0.79160
 0.67648600 -1.71925429 -0.06860017    0.27968614  0.09578614  0.01403070   1.02592
 0.30097944 -1.19932868  1.44885318    0.11992447  0.24119371  0.13055037   1.25472
-1.57529731  0.00538500 -0.49678037    0.18047323 -0.05921594  0.23136351   0.99918
-1.48360972  0.87696449  0.06981049   -0.19299728 -0.04327826 -0.22662398   0.75184
-0.99125718 -0.76880548 -0.58779687   -0.10161823  0.16950575  0.23022616   0.98232
 0.18218873 -0.91664908 -0.92177079    0.27731178 -0.08354299 -0.05800371   1.23283
-0.06161003  1.51406038  0.69026010    0.08545604 -0.28585352  0.01766819   0.88375
 0.61982696 -1.62781491 -0.54821081   -0.27532327 -0.11896683 -0.04676653   0.99711
-1.13578887 -0.66375193 -1.39825133   -0.29569078 -0.05063966  0.05334352   0.94057
 0.70183428  1.63158016  0.01127840   -0.14609215 -0.23741631  0.11905217   1.19240
 0.30810567 -0.59745971 -1.70798062   -0.16645030  0.03443720  0.25270569   1.25663
 0.55620602 -0.57266526 -0.47168801   -0.25137569  0.10691502  0.13511985   1.14761
 0.74867004  0.58546300  1.67419980   -0.12711249 -0.22692789  0.15573828   1.26212
 1.57660798 -0.24586030  0.17438794   -0.28354794 -0.10619035  0.03072850   1.10635
 0.00628552  0.31297222  1.27309528   -0.21471425 -0.16645832  0.13698382   0.92017
-1.03482219  1.24334187 -0.93094808   -0.23464720  0.00245520 -0.18965912   1.08089
 0.61989372 -0.77413911 -1.71584836    0.25762474 -0.12457229  0.07904010   0.77309
-0.31932995 -0.21291463 -1.92597361   -0.24312996 -0.12737579  0.13213847   1.02311
 1.69753273  0.71366121  0.19587783   -0.18408289 -0.12476135  0.20790572   1.21613
 0.66286524  1.48661213  1.04096102   -0.04712272 -0.25940001 -0.14192668   0.89471
-0.96475757 -0.91172505  0.46450826   -0.15886578  0.20019770 -0.15877833   1.21663
 0.41739797 -1.15621723  0.59045011   -0.02423213  0.29482583  0.05433040   0.85538
-0.80344640 -1.31216094 -0.89690803   -0.07155094 -0.23822358 -0.16692665   1.18192
-1.66094495  0.54300747 -0.64852143   -0.24847965 -0.05565970 -0.16266482   0.70865
 0.90727165 -0.96756656 -0.51481866    0.21723078  0.01893235 -0.19870798   0.75724
 0.23805585  1.59112014  0.49915790    0.02810698 -0.09481053 -0.28015436   0.77912
 0.93555413  1.01046193 -0.33830601    0.03675527  0.12491240 -0.26701633   1.20625
-1.33326280  0.30699077 -1.35722894   -0.05276871 -0.04966235  0.29449437   1.19273
 1.29122603 -1.10519356  0.93235793   -0.27801516  0.06558991 -0.10139437   1.28067
-1.37667271 -0.68123083 -1.21452235   -0.26258717  0.15097348  0.02563245   1.12997
-0.16387397 -0.10725347 -1.80217606   -0.24152156 -0.13161751  0.13084649   0.83724
-0.64192494  0.95393513 -1.18576727   -0.24462404 -0.04881374  0.17553142   1.19118
-0.01248085 -0.57421926 -1.49278729    0.28141056  0.09116506 -0.00080666   0.78366
 0.86911428 -0.28199780 -1.40286307   -0.15166683 -0.14154238  0.22233272   0.97801
 0.32180585 -0.05943315 -0.71346294   -0.10023813 -0.02507839 -0.28054977   1.14272
 0.59027070  0.05448588 -1.68441679    0.02117885  0.02918057 -0.29486497   1.13493
-0.54576312  0.68039804 -1.44585852    0.07358438 -0.06853414 -0.27885802   0.94762
 0.89368369 -0.41277173  0.68881751    0.19862197  0.22016417 -0.01506162   1.07173
-0.57818434 -0.85822871 -0.11272207   -0.13800776  0.13082550 -0.23195548   1.14412
 0.32574148  1.52515481  0.35293310   -0.18610200  0.22141362  0.09175101   1.19476
 0.78964453 -1.76380857 -0.17914712    0.13429118  0.00273580 -0.26339903   0.97499
-0.17947040  0.67295048  0.58574469   -0.14952720 -0.18055567  0.19323679   1.00187
 0.03450022  0.82513897 -1.03173822    0.23831043  0.16976461  0.05034022   0.97213
 0.86599021  1.54275358  0.54280161    0.20391572 -0.17336537  0.13131643   1.16515
 1.15555458 -0.82676979  0.12837843   -0.11118221  0.01927652 -0.27706387   0.89277
 1.23675855  0.46227644 -0.23362750   -0.18402961  0.22607470 -0.07867536   0.83103
-1.79338626 -0.06707118  0.59347051    0.08994923 -0.14572040  0.24730414   1.22432
-0.37247867  1.69909359 -0.79584701    0.12626446  0.25719259 -0.07970685   1.00629
 1.02161861 -0.77153937 -1.27600095   -0.04225439 -0.28340130 -0.08825654   0.79975
 0.54204032 -0.80097317 -0.23808261   -0.15807684  0.21858907 -0.13372405   0.87627
-0.56678833  0.62749081  1.78587710    0.16884505 -0.07034598  0.23723793   1.18048
-1.05816779  0.91322007  1.12938157    0.20432383  0.19848363 -0.08130250   0.84516
-1.14930593  0.02031578 -1.28365103    0.18979643 -0.09345840 -0.20610736   1.20982
-0.02801470  1.67060529 -0.59903737   -0.27412077 -0.13061176 -0.01090425   0.70219
 0.34186739  0.52496029  1.33712965   -0.00254238  0.10117550  0.28502819   0.98629
 1.42402048 -1.25419011 -0.55545441    0.17400906 -0.18428999 -0.15301674   1.05355
-0.35244358 -1.89984693  0.42607902    0.15361025  0.17903004  0.18422707   1.20203
 0.30490465  0.37065253  0.17563586    0.18744466 -0.03837681 -0.22483342   0.95282
 0.90979325  0.70515541  1.41895847    0.12068261  0.24356538 -0.11997579   1.24880
-0.57310497 -1.72095502  0.06559498   -0.21816385  0.20968087  0.02057647   1.05399
-0.86453059  0.73865274 -0.30651757   -0.28366523 -0.05824728 -0.09015877   0.99716
 0.77680118  0.93683647 -0.84645028   -0.13856276 -0.02921079  0.26933942   1.29917
-1.15760348  0.47312337 -1.07786174   -0.09025303  0.28124838  0.06191112   0.72740
-1.06153555 -0.84543770  0.96428379    0.04416210 -0.05895845  0.29273541   1.13375
 0.00552840  1.85530684  0.68755040   -0.28819836  0.07763072 -0.05583486   0.79495
-0.61876293 -1.25120117  1.35901640    0.20649228 -0.15226685 -0.14689624   0.71320
-0.10210212 -0.67259318 -1.77762312   -0.25232392 -0.16139587 -0.04716987   0.80263
 0.49136945 -1.06191881 -1.41503694   -0.17511864 -0.05085623 -0.23876084   0.77097
-1.37682030  0.09779603 -1.20112103    0.28225792  0.03626814  0.08338680   1.15005
-1.29640487  0.93485959 -0.77486857   -0.26617918 -0.14249920  0.03664285   1.22625
-0.27012887  1.74358290  0.48955917   -0.09125612 -0.03639539 -0.28221533   1.15611
-0.40648597 -1.73042070  0.07121475    0.24933395 -0.11600908 -0.10773098   0.70008
 1.17870926 -0.32215478  1.22934025   -0.26915854 -0.00433247 -0.13835280   0.70086
 0.47771439 -0.90862443 -1.26716610    0.10392377 -0.20165698  0.19655247   0.97122
-0.69470114  1.60716961  0.86774523   -0.03650581  0.16330121  0.25220582   1.24222
 1.60091670  0.79528313  0.01677942   -0.08002386  0.24023293  0.16558244   0.75888
-0.56343886 -0.46899576  1.63780733   -0.05746699  0.26780013  0.12693869   0.82267
 0.49038129 -1.19748099  1.45068753    0.23578534 -0.07249138 -0.16191240   0.77813
 0.91803070  1.05335197 -0.90785932   -0.13445465  0.23975218 -0.12224982   0.78957
 0.04147471  0.58309097  1.57874149    0.08882590 -0.25145633 -0.13188632   1.02189
 1.18516360 -0.99100959 -1.27610567    0.17221367 -0.15797534  0.18663822   1.07877
-0.66726795 -1.11008875 -0.76473880    0.14527215  0.00894405 -0.25724028   0.87979
-0.85132418 -1.24231857  0.13105556   -0.05841107 -0.02518583 -0.29140299   0.78940
 0.41681977  1.46024387 -0.43235215    0.20612056  0.20296465 -0.06439200   0.87003
-0.19345010 -1.39259473  0.64634374    0.16961810  0.08184566  0.23288588   1.16439
-1.41487938  0.97378742  0.00609366    0.12865769  0.00675010  0.27142014   1.04547
-0.04728060  0.10028050 -1.87159315    0.16136415  0.24532388  0.05097435   1.20293
-0.69576416  0.20028526 -1.06821913    0.03706010 -0.27773151 -0.10301005   1.14355
-0.07561580  1.15264238 -0.14696729    0.06606447  0.27561747 -0.09259280   1.24550
-0.24235617 -1.24575484 -0.33652766   -0.18502043 -0.05426073 -0.23067707   1.08421
-0.30628310  0.38543232  0.22828026   -0.29792700 -0.06036195  0.01627463   0.77472
-0.46254153 -1.59652133 -0.89787539   -0.03629815 -0.18441511  0.23708864   0.74793
 1.65581793 -0.81316441 -0.74779063    0.23861957  0.15547135 -0.07970507   1.16381
 0.98321468  0.64461125 -0.94039887   -0.07467460  0.24950755  0.15360055   0.94365
 0.36854176  0.34111631  1.61236182   -0.13361300 -0.24878766 -0.10420392   1.07062
-0.65782288 -0.52405993 -0.99042837    0.24403308 -0.16350783  0.04214666   0.89985
 0.49689566  0.25599692 -1.20559309    0.06201272 -0.02464195 -0.28890822   0.73965
-0.97418356  1.37157994  0.10037477    0.16770102  0.12962071  0.21138241   1.15416
-1.61430373  0.23887617  1.03553207    0.23530778  0.10613802  0.14850140   1.21607
 0.67645784 -0.05642144  1.31586247   -0.10971018  0.24083006 -0.14194742   0.99165
-0.28075278 -1.30585331  0.93496972   -0.06563101  0.16777186 -0.23841454   1.02330
 0.27933446  0.79647902 -0.12041616   -0.01555374  0.24005779  0.18217021   0.97120
 0.11901725  0.30733180  1.72766193    0.25180442 -0.14927693  0.04835534   1.28011
-1.52015572  0.39475629  1.12240739    0.14307285 -0.03654560 -0.25608171   1.03039
-0.07960793 -0.67969388  1.65679117    0.12730048 -0.09425451  0.25516245   0.88732
 0.73382150  0.60971007  1.60827474    0.00823428  0.29399308  0.06092489   0.91720
 0.30607658 -0.92331300 -0.50728978   -0.25643450  0.00122177  0.16529717   0.80429
-1.51367648  1.02332163 -0.13838301    0.28585400 -0.01014487  0.07787126   1.14002
-0.50948274  0.07962531 -1.16305065    0.19954715 -0.18155072  0.12695320   0.78938
-0.74396739 -1.51278830  0.52848611   -0.04039547  0.08604414  0.28774057   0.92132
-0.57592312  1.59078402 -0.43779479   -0.09380941 -0.11416944 -0.26000735   0.90579
-0.62733362 -0.96917499  1.31707265    0.15861677  0.20938233 -0.13733365   1.28646
 0.73179260  0.71539496  1.11993019   -0.07678287  0.22392395  0.18864904   1.27774
-1.35422900 -0.70639842  0.88260465    0.22240201  0.17414169 -0.08816298   1.04257
-0.58679163  1.45297347  0.67562467    0.05962775  0.29290526  0.01266216   0.77909
-0.80161120 -0.43035891 -0.69074159    0.02034911  0.15137046 -0.25520435   1.17902
 0.08667524 -0.58928204  1.76925611   -0.21503706  0.01799891  0.21544797   1.19082
-1.15271972 -0.99755435 -1.07261218    0.17552528 -0.13293692  0.20253300   1.16659
-1.60902663 -0.60016557 -0.10208074   -0.24059857  0.07218286 -0.16763953   0.79106
-0.24643033 -1.58396106 -0.53140612    0.11513500 -0.21190507 -0.17294002   1.06389
-0.59015362 -0.98798721 -1.28018243   -0.10004200 -0.19202348 -0.20710129   1.02292
-0.04286739  1.24111845 -0.07544256   -0.14418085  0.26354115  0.03412420   0.91454
-0.40993636 -0.67198328  1.72515897   -0.02540737 -0.28216810  0.10235261   1.14093
-1.03418714 -1.01905998 -1.08664485   -0.23206056 -0.19536142  0.00247018   0.89243
 0.42793685 -1.92359854 -0.24129260   -0.06193248 -0.14406141 -0.25416882   1.26566
 0.85999503 -1.13923788  0.84431407    0.00269523  0.25160775 -0.16058951   1.08231
-0.20932158 -1.71394896  0.32279217    0.18740135  0.13578242 -0.18387895   0.77831
-1.17535157 -1.07880018 -0.73075788   -0.26870705  0.07069443 -0.12038739   0.99458
 0.47736848  1.30117605 -1.34147398   -0.21272972 -0.17554523 -0.12299652   0.85220
 0.04265546  1.56202616  1.12743527   -0.13350489 -0.22312349 -0.15084055   1.14498
-1.49755221  0.87082618  0.24753237    0.16466994 -0.01622861  0.24992142   0.83323
 1.22967976 -0.86589850 -0.51114437    0.06384376 -0.19269363 -0.21697758   1.11038
-0.44249406 -0.69217428 -1.76518243    0.04056372  0.24715136  0.16659385   0.80609
 0.62256049 -1.45363368  0.08994785    0.22306578 -0.19554250  0.00885992   0.82985
-1.85937443 -0.49259268 -0.02576546   -0.01161779 -0.28786771  0.08680901   0.76568
 1.15131469  1.45056653  0.50991477   -0.09734068 -0.09025170 -0.26796764   0.90522
 1.11195055  0.04656644  0.89776488   -0.26099380 -0.04422612  0.15158888   0.92493
 0.67939968 -0.03801144  1.61308809   -0.15597659 -0.25355453  0.05491623   0.73199
-0.18791504 -1.73005985 -0.87573530   -0.11475275  0.26956888 -0.06908899   1.14034
 1.57552076  0.97726674 -0.11486598   -0.16787937  0.08422355 -0.23438835   1.09441
-0.94213000  0.55290626 -1.60105618    0.13423702  0.22878815  0.13839146   1.18453
 1.39831271 -0.53916530 -1.02194264    0.18129697  0.19583642 -0.12840889   1.18243
 1.71980191  0.43340027 -0.65457224    0.08449352  0.02742740 -0.28260210   0.89405
 1.49564272  0.79948536  0.20744994   -0.06932217 -0.00509133 -0.29022654   1.10322
 0.71040028 -0.44158039  1.74336625   -0.28457002  0.00874869  0.10945612   1.06310
 1.96388305 -0.15437186 -0.16297912    0.24305186  0.06598833 -0.15366190   1.07039
-0.71446222  0.32942621  1.71090997    0.23882132 -0.16385229  0.06595657   0.76019
-0.54403815  1.48027750  0.69159197    0.16323559 -0.18011940 -0.16904894   0.78290
-1.53041082 -0.56442305 -0.00864529    0.18008319  0.03321318  0.23685954   1.20389
 0.40999686 -1.00025526  1.37586170   -0.11687054  0.16923819  0.22329244   0.96767
-1.08361357  1.01734056  0.05158370   -0.11852642  0.10717961 -0.25327358   0.73492
 0.77881443  1.61735323 -0.50281855   -0.01843403 -0.00772790  0.30218650   1.25970
-1.31972406 -0.31774894 -1.20207055   -0.13668811  0.22555723 -0.14439062   0.99212
 1.47142347 -1.10776667 -0.68592050    0.29143346 -0.00085925 -0.04734034   1.14141
-0.31365174 -1.60902297  0.19676838    0.29008984 -0.00525499  0.05972861   1.02128
 0.19452822  1.12568965 -1.13582007    0.11719446 -0.27347918 -0.01831202   1.01351
-0.42541047  1.57391254 -0.17733859   -0.13358058 -0.03754575  0.27075305   0.75752
-0.27575578 -0.81558017  1.64688728    0.04783820 -0.20861942 -0.20656868   0.97419
-1.39593194  0.19383053 -0.66905361    0.04242856 -0.05613379 -0.28834859   1.15598
 1.14404189  0.54387837 -0.25156244   -0.07825905 -0.02225243 -0.28729319   0.79848
-1.55071394 -0.24366684  0.24552964   -0.05678096 -0.22575332 -0.18790025   0.85446
 0.86311374  0.28220195 -0.50856356   -0.02907370 -0.21288512 -0.20732880   0.83615
 1.08755968 -0.69296174  1.32716308   -0.26544415 -0.04634294 -0.13773286   0.99201
 1.31352030  0.48709140  0.89990564    0.00597189 -0.28946042  0.08081025   1.12743
-1.77577507 -0.31702811  0.56177963   -0.02621728 -0.29895497  0.01518881   0.87105
 0.13861101  0.11486179  1.41496359    0.23309868 -0.15823824 -0.08996388   0.73211
 0.39949662  1.04962800  1.30735361   -0.21914042  0.12031290 -0.16884232   1.26184
-0.40934575  1.45013305 -1.19026721   -0.21532375 -0.19510322  0.08888297   0.83768
 0.11779125  0.77383758  0.58699619   -0.10441831  0.26981061  0.08738353   1.09417
-1.21542212 -1.18573049  0.37345664   -0.06150101 -0.07501802  0.28741596   0.84480
-0.15613721 -0.00935729 -1.24684829   -0.25414410 -0.16557675 -0.01172786   1.03327
-0.98646499 -0.97427777 -0.60301047   -0.02998884  0.21771446 -0.20217182   0.72635
 0.78432170 -1.60428056 -0.12764312   -0.28385449 -0.02128277  0.10957289   0.73199
-0.37274575  1.16361660 -1.20220207   -0.27155698  0.03866590  0.13345306   1.26246
 1.08874198 -0.50686194  1.08774779   -0.22566892  0.09036246 -0.17866256   0.81999
 0.44026885 -1.71961142  0.70103822    0.18089570 -0.15622473 -0.17422565   0.82415
-1.71985315  0.63126413 -0.51914149   -0.04353512 -0.27534889 -0.10989276   0.92139
-0.59865472 -0.66390598 -1.55261695   -0.08163129  0.27209299 -0.09732871   0.70016
 0.61526588  1.06552221 -0.43279304    0.04963491 -0.29492152 -0.00801866   0.77631
 0.24808928  1.79858691  0.81382002    0.04431579  0.29455079  0.03193806   1.15663
-0.89065627  1.11227010 -1.06172961   -0.21481538  0.14611852  0.15869382   0.75766
-0.55303764  1.40042956 -0.02660466    0.25367321 -0.14562596 -0.04437118   1.06302
 0.98615794  1.09749815  0.76008017    0.05300156  0.22518337  0.19233419   0.91339
 0.85524910 -0.87031195  1.25000229   -0.11729153  0.18454891 -0.20519786   1.00390
 0.41677677  1.21048585  1.24265751    0.21202457  0.05433094  0.20315686   1.10168
 0.02182622 -0.89635917  0.98806570   -0.08870749  0.28681658  0.02743033   0.87052
 0.70031203  1.79395309  0.12790442   -0.26613518  0.14619930  0.01280544   0.84731
-1.35086893 -0.57994585  0.75732452   -0.21938486  0.13180815 -0.15984736   1.20057
 0.07830995  1.50492593 -0.23334648   -0.25965056  0.08640580  0.13439808   0.89081
-1.17258332  0.61457788  0.07239289    0.28412976  0.00825643  0.08444151   0.88097
 1.03069489  1.06979857 -0.79563154    0.02042689  0.26018376  0.14986068   0.83653
 0.70743150 -1.30866957 -1.03572508   -0.22539148 -0.01533627  0.20489674   0.71434
-0.21259606  0.45625612  0.37712450    0.01109690  0.21373316  0.21254896   0.72764
 1.24973505 -0.71761926  0.46213368   -0.24232752  0.14754222  0.11034750   0.72389
 0.86783158 -0.93878958  1.03476379   -0.29185329  0.02843224  0.08353509   1.11236
 0.24984087  0.53250612 -1.89984284   -0.08128158 -0.28186276  0.07078925   0.83722
-0.94344191  0.46484525  1.20935246   -0.09639906 -0.20423270 -0.19695219   1.08916
-0.81190109  0.76517657  0.04843969    0.08595708  0.24008695 -0.15291824   1.10645
-0.22374237 -0.82135265 -0.91422135   -0.28587204  0.02257798  0.10385749   1.28226
 0.82984967 -1.54917775 -0.91344750    0.17931785 -0.00294920 -0.23455060   0.75930
-0.24452801  1.74997941  0.68864402    0.24137865 -0.05613360  0.16526518   1.14440
-1.50965864  0.86349198 -0.44639400    0.21460852 -0.19994090  0.04816955   1.22731
-1.62241813 -1.07019928  0.06623402   -0.26910285 -0.12142244  0.07459059   1.16247
 0.07904074 -0.98975573 -1.30949417   -0.03678524  0.11816197 -0.27121644   1.17017
-0.53423203  0.73553515  1.35204617    0.16392690 -0.21814630  0.12132815   0.90551
-1.12914574  1.14382044 -0.89615465    0.15310554  0.00446535 -0.25268694   1.04433
-0.85082597  1.27981326 -0.87092791    0.12823409  0.14373603  0.23010131   0.84468
 1.40431427  0.08234769 -1.04109574    0.21253152 -0.20629221  0.02263089   1.17493
-0.21603249 -1.03069233 -1.33194937   -0.20654828  0.19226331 -0.10763725   1.10959
-1.82676016  0.42606951 -0.25169277   -0.29466336 -0.04163313 -0.06064359   1.18911
 0.02757020  1.64461135 -0.50557431    0.09177141  0.27218334  0.08424492   1.15475
 1.19714721 -0.07024631 -1.20324388    0.16128241 -0.23970473  0.07407168   1.10029
 1.21088985 -0.39794176 -1.55499874    0.16373803  0.14791162 -0.19702191   1.06599
 0.28313753  1.25286846 -0.15629386   -0.24751938  0.06118026 -0.16211720   0.78524
-1.68455301 -0.72784544  0.24908775    0.21109692 -0.07358032  0.19795924   1.11188
-0.82086105 -0.81678120 -1.41015901    0.27913984 -0.04319044 -0.08544272   1.13378
 0.76265079  0.73226420  0.00745521    0.17454835  0.22307490 -0.08802979   1.06419
 0.07170185 -0.35147811  0.04689186    0.07493513 -0.06218260  0.28518360   1.12770
-0.92919217 -1.63704891 -0.39506781    0.15357045  0.23258965  0.10724597   0.71790
 0.63944386 -0.28445098 -1.49324488    0.17421770  0.10762393  0.21829511   1.26993
 1.86441314  0.35150920  0.67747125   -0.00275591 -0.17208989 -0.24312384   0.88059
-0.49647051  0.37890468 -1.75230659   -0.05936621  0.12640244  0.26906362   1.26454
-1.18011413 -0.82933566  0.22576607   -0.04010538  0.15506560 -0.25169431   1.03117
 1.11039849 -0.44039574  1.00839455   -0.12492663 -0.27317699  0.03177783   1.10429
 0.48385202  1.04818510  1.48827044   -0.27859986  0.09505716  0.07852935   1.03332
 0.55775212 -1.64184068  0.67907089   -0.22363381 -0.02944615 -0.20001788   0.84028
-0.43523088 -0.48637400 -1.24106099    0.11491419 -0.24882874 -0.11511978   0.80746
-1.49775816 -0.94628658  0.05601084   -0.21617967 -0.16743339 -0.12819278   1.25383
 1.67667041 -0.36510091 -0.92257879   -0.02059740 -0.12461237 -0.26980438   1.06377
 0.95774148  1.48936604  0.56055500    0.04134265 -0.24600639  0.16813910   1.24200
-1.43507100 -1.08142558 -0.64413021    0.17138419  0.06697439  0.23632546   0.70305
 1.78174554  0.66992707  0.25919066   -0.01750481 -0.06055453  0.29615006   0.99108
 1.31932301 -0.87799586  1.15084722    0.28258993 -0.08700223 -0.00651519   1.14220
 1.41568858 -0.75980225 -0.61769862   -0.29397606  0.03629631 -0.06676586   0.82514
-0.11569618  1.10186027  1.55138854   -0.12126813 -0.12590256 -0.24332948   0.86380
 0.76684094  0.67830781 -0.88339621    0.09189412 -0.26655848  0.10103612   0.94181
 0.22132375  1.13868680  1.39783119    0.14894647 -0.25038457 -0.05908735   0.97743
 0.34726020  0.73901146  1.03177705    0.06099206  0.01057505 -0.28998470   1.00239
 1.14252007  0.79941999  1.17233524    0.22233627  0.18103587  0.07891491   1.23145
 0.38406667 -0.42878074 -0.97026458   -0.02208161 -0.10029242 -0.27957445   0.75093
 0.32091866  1.07527506 -0.34037877   -0.04446232 -0.15351293  0.25723588   1.13790
 0.46782414  1.79139530 -0.19035796    0.15627105  0.09009368 -0.23418130   1.02616
 0.93760130 -1.56113740  0.22700027    0.21001044 -0.16458312  0.13282877   1.21791
-0.30757305  0.55012138 -0.98537496   -0.15499013 -0.01700324 -0.25628053   0.83302
 0.85392423  0.48369710 -1.15367653    0.13670419 -0.09486801  0.24979765   0.83812
-1.25498400  0.71481283 -0.75143806    0.15600929  0.15376478  0.20417910   0.83790
-0.73081922  0.35995568  1.72219394   -0.00092469  0.20168189 -0.21943495   0.94119
-1.73591404  0.00768033 -0.40982841    0.27149890  0.11556488  0.02571940   0.95736
 1.23035114  0.84175740  1.17613296   -0.05679301  0.27837268 -0.09614024   0.89823
-0.30574894 -1.65774317 -1.05637280    0.14828776  0.21110955 -0.14611200   1.25999
 1.51314616 -0.76554358 -0.49450295   -0.17880813  0.14029846  0.20232947   1.13878
 0.44747444 -0.96877054  1.32050945    0.02618221 -0.12900161 -0.26651050   1.29205
 0.48283955  1.62224521  0.60946745   -0.10880477  0.27953276 -0.02816882   0.75178
 0.19372870  0.47941667  1.93537929   -0.25732404 -0.14556005  0.07214542   0.76735
-0.78687371  1.16200288 -0.44074371    0.05751473  0.23263833 -0.17638669   1.08897
-0.72026168  0.44864833 -0.91153852   -0.03676320 -0.29207228 -0.05783191   0.70745
-1.39033113 -0.54453446  1.13776206    0.02529631 -0.18460622 -0.23200294   0.95071
 0.68638889 -0.47119354  1.43450046   -0.17276000  0.20679757 -0.13477293   0.74736
 0.41328685  0.22192564  0.92434492    0.17475476  0.13926808  0.19886005   1.10056
 0.35717067  0.07691900 -1.85899194    0.20979615 -0.09386275 -0.18532779   1.13790
-0.46941842 -1.16160983 -0.16129478    0.01283696  0.21588091  0.21020261   0.74433
-0.35771382 -0.94728979 -0.46652623   -0.07863550  0.26990498  0.11045160   1.12267
 1.33355360  0.35553167  1.46470131    0.12374635 -0.26877057  0.03942668   1.07405
-1.14592167  0.26457724 -1.14106956    0.03043576 -0.16783615 -0.24360465   1.03670
 0.19306699 -1.63167802  0.26825563   -0.06672946 -0.21112708 -0.20120812   1.20089
-0.24725894 -0.15532273 -1.90703021    0.27687925  0.06753240 -0.07696064   0.78078
 0.84395089 -1.43850751 -0.04243026   -0.01997454  0.01917180  0.30159449   0.91036
 0.16031024  1.29231633  0.33223995    0.28945089 -0.05745568  0.02174331   1.11476
 1.55951269  0.49998779  0.53982813    0.09138298  0.26918028 -0.08883841   0.75476
-1.50616316  0.81853723  0.19892211   -0.13149066 -0.08174197  0.26177322   0.72110
-0.42933056 -0.62171086 -1.58493731   -0.01860950 -0.17403202 -0.24134296   1.09639
 1.38083824  0.24404872  0.21035217   -0.15559244  0.17155113 -0.19154646   1.19712
 0.07560365  1.60859350 -0.70729755   -0.13435988 -0.25897965  0.08034489   1.20652
-1.20930150 -0.71676708  0.37998405   -0.22173565  0.09427311  0.18663928   0.87119
 0.93511623 -1.63681981  0.53549073   -0.01951131  0.23174637 -0.18727272   1.12679
-0.61338798  0.67413312 -0.68615502   -0.14487814  0.20273520  0.17335368   1.07141
-0.44396876 -0.96837754 -0.58909890    0.02812287  0.17921481  0.24098543   1.19608
-0.01286391 -0.54864881 -0.78637802   -0.19500365 -0.16462750  0.16560071   0.92135
 0.09672170 -1.33942946 -0.37706367   -0.03462096  0.29842682  0.00680661   1.13116
 1.48463211 -0.78995184  0.86206314    0.02989514 -0.29804873  0.00385201   1.19883
 0.12120371  0.99299007  0.84950946   -0.03244313  0.20290743 -0.21655275   0.81488
-0.21541587  0.59812910  1.66129686   -0.17410636  0.13164368  0.21203779   1.07671
 0.81368016  1.80219802 -0.25104677   -0.22085457 -0.02196096  0.20914803   0.70372
-1.48304220  0.14994894 -0.01386060    0.14223170  0.00805349  0.26422728   0.94040
-0.57691849 -0.89022379 -1.23266050   -0.22713459 -0.12280401 -0.15645048   1.21904
-1.21381171 -0.78734987 -1.31352130   -0.19383205 -0.19626585 -0.12225445   1.01960
-0.85004647  0.21428444 -1.54798530    0.00170280 -0.28731059  0.08878068   1.22937
 1.02268288  0.53686215  0.43018219    0.14286496 -0.13664199 -0.22021427   0.81417
 1.18019979 -0.81547221 -0.69939506    0.11806499 -0.23553237 -0.13716931   0.71114
-1.23888089  0.91722852  0.01192562   -0.06154918  0.22508028 -0.18728806   1.26350
-0.89621107  1.30040046  0.41952219    0.24170374  0.07689736 -0.15077569   0.99423
 0.55187244  0.69477222 -0.82908330    0.12839685  0.22969130 -0.13740619   1.20409
 1.51896250 -0.64055967  1.10852388   -0.28683202 -0.07844627  0.06639340   0.76917
-1.16042583 -0.80764116  0.21040290    0.13143852  0.11272461  0.24519290   1.29366
 0.34003659  0.17708166  1.53043147   -0.11052569  0.19646795 -0.19770130   1.08296
 1.27142353 -0.49118681  0.26902385   -0.25276751  0.00953072  0.17057641   1.14573
-0.95614801 -0.41741617 -1.22368419    0.06951007  0.19626770  0.21712332   1.28996
-0.88718281 -1.00394086  1.28861295   -0.21619395  0.14538453  0.15751003   0.70999
 1.01872467  0.91319177 -1.08638080   -0.25167640  0.10848384  0.13327074   1.23952
-0.43409793 -1.24428651  1.16224434   -0.23726184 -0.18304767  0.05019402   1.05871
 0.26167921 -0.89967581 -0.98821493    0.09252327  0.28300888  0.02514671   1.16312
-1.05861245  0.29246874  1.46750157    0.05292422  0.27129440  0.11710380   0.98547
-1.48903555 -0.92340793  0.71224272   -0.23216803 -0.16855833  0.10112632   1.18387
-1.25450279 -1.24617635 -0.53530724    0.07491874 -0.02668428  0.29071420   0.71812
 0.49021374  1.56712559  0.68419820   -0.05862881  0.27692414 -0.09917491   0.80930
 1.50258528  0.12624055  1.19902224   -0.11536390  0.16008697 -0.22552747   0.91987
 0.60318124 -0.21290306  1.88000908    0.03388445 -0.28249841 -0.09086942   1.09803
-1.28395325  0.44544999  0.39468509   -0.25291320 -0.13534840 -0.09695695   0.93536
 1.48350865 -1.28264535 -0.19208190    0.17330189 -0.18524972  0.15791661   0.95333
 0.37133174 -0.70922553  0.03548884   -0.21132073  0.03681586  0.21666594   0.74472
 0.51137903 -0.60743198  1.59737880    0.18234875 -0.21189398 -0.09858255   1.11496
 0.43572808  1.53105499 -1.08201381   -0.06555077  0.18001835  0.23466188   0.74586
-1.64563344 -0.21514463 -0.88433265   -0.00956727  0.29583437 -0.04684186   0.71358
 0.42204876 -1.57144115 -0.03104492   -0.11901595 -0.11591271  0.25445982   0.87954
-0.38956298  0.91122867 -0.69847297   -0.03082048 -0.22610075 -0.19279740   0.97477
-1.10129277  1.34342683 -0.37281688    0.17691745 -0.23673989  0.03568908   1.05395
-0.15378634  0.77305184 -1.22933697   -0.09666757  0.12673028 -0.25315407   1.18959
 0.66694709 -0.13225988  1.81305588    0.28785015 -0.05843712 -0.03188532   0.88445
 0.83191423  1.51498617 -0.03155632   -0.14622957 -0.20033678  0.17509462   1.26423
 1.68066846 -0.01695622  1.01955790   -0.06397162  0.26224264 -0.13031029   0.80826
 0.28859727  0.96909523  1.00864822    0.16622613  0.24584565 -0.01852732   0.89403
-1.64387346 -0.56282465 -0.86015778   -0.21758155  0.06857479 -0.19698215   0.79303
-0.85684731 -1.55770899  0.26241380   -0.14840716 -0.21214332 -0.15313124   0.87240
 0.91661307  1.25156948 -0.72718490    0.13462652 -0.13092698  0.23400287   1.10184
 1.58637223 -0.89720578  0.49703897    0.26474473 -0.01840354 -0.12866862   1.07376
-0.33748645 -0.28196474  1.89784675   -0.01062964 -0.21330835 -0.20825670   0.85851
-0.40471055  1.83233105  0.52769298    0.17321361 -0.23179924  0.07144743   0.70905
-0.58616414  1.14951767 -1.17372710   -0.22799419 -0.19927063 -0.01449027   1.16059
 1.20742532 -1.53271268  0.28556856   -0.27424826 -0.00084089  0.13364476   1.24326
-0.79867686  1.30086402 -0.06361733    0.26769490 -0.08314155  0.09783615   0.76849
 0.79861252 -1.24666822  0.37042589   -0.29107973 -0.01348009  0.08990873   1.02926
 1.53078983  0.43089690  0.63679419    0.02126291  0.28242276 -0.09521786   0.93933
-1.05039051 -0.72239132  0.02513929   -0.18987272  0.22879749 -0.05427018   1.25043
 1.08252107  0.79184609 -0.78555281    0.28136555 -0.08113009 -0.03947624   1.05010
 1.39844728 -0.89962308  0.86066248    0.00605246 -0.26983219  0.13334438   0.83639
 0.07124136  0.40249460 -1.86794094   -0.14403495  0.19734034 -0.17499761   1.27820
-0.25854917  1.57247709 -0.79538791    0.20002218 -0.18856405 -0.10994773   0.79988
 0.43900836 -1.70193236 -0.25574617   -0.13804872  0.14837234  0.22647444   1.01188
 1.30099491  1.42400292 -0.15717406   -0.12569411  0.13002386  0.24421810   1.08027
-1.68601622 -0.90353572 -0.04470492    0.20529687  0.02120892  0.21612518   1.08800
-0.06822689 -1.55899279  0.83606536   -0.28060554 -0.11704451  0.00124846   1.08252
-0.12875047  1.85411660  0.67695372   -0.18931858 -0.19821704 -0.12588620   1.00258
 0.74728052  1.33596054  1.18139784   -0.00700953 -0.15508774 -0.25418350   1.16683
-0.65604115  0.84392075  0.66861168   -0.20482144 -0.18505854  0.12743904   1.02598
-0.67295003 -0.59007924 -1.58055100   -0.24417744  0.11814690  0.13875253   0.97394
-1.00637625 -0.08238721 -1.15205189    0.00811397  0.23308117  0.19105625   0.72695
 0.22709205 -1.56060406  0.20435969   -0.24038001  0.09098769 -0.15869479   0.97556
 0.55562563  0.75643501 -1.58511229   -0.17352406  0.20292016  0.14476447   1.12323
-0.24793587 -0.77903215  1.72699550    0.22492898 -0.13862511  0.13754558   0.90520
-1.31618975  0.03925615 -1.17523649   -0.09503666 -0.01086589  0.28838278   1.09562
 0.78229814  0.76082160 -1.13322409    0.12645551  0.26460750 -0.05084176   0.86348
 1.25195579  1.10277552 -0.63001812   -0.19560397 -0.08784937 -0.21120089   1.17898
-1.18829665  0.71659934  0.59275290   -0.19616711  0.15480038  0.17363744   1.02692
-0.73153674  0.86842497 -1.29872006    0.07074313 -0.26371314  0.12435462   1.08699
 0.76003983  1.71855424 -0.48542827    0.24243748 -0.13201942  0.11058575   1.10572
 1.30376956  0.74140113  0.62792885   -0.00563627  0.29940498 -0.01598269   0.92004
 1.06673332 -1.28721986 -0.65531849   -0.16293518 -0.12262067  0.22583531   0.81270
 0.96607159 -0.37158808 -1.63820385    0.09512428  0.18971080  0.21262368   0.71694
-0.05063129 -1.40360281 -0.81671652    0.02794626 -0.23963862 -0.17496822   0.95773
 1.20016640  0.80182589  0.38061684   -0.00618664 -0.10277230 -0.27923171   1.20700
 1.09723034 -1.20603797  1.06306640    0.02613319  0.19561192  0.22800187   1.28408
-1.24643962 -0.81539781 -0.44261203   -0.12846474 -0.22955460  0.15064879   0.76447
-0.06630715  0.68347886 -1.52426503    0.08482128  0.09323007  0.27344548   0.80926
 1.40659449  0.05688987 -0.59223000   -0.17846301  0.20589529  0.13412503   0.88631
 0.42777805 -0.67731768  1.58122562    0.21609962  0.11080119  0.17323134   0.94164
 0.12983235 -1.37339103  0.87477214   -0.02904491  0.17117071  0.24774143   0.73601
 1.15812809  0.01106809 -0.37413742   -0.29673459  0.04303553  0.05432173   1.07151
-0.90097872 -1.27975167 -0.53340335    0.22046809  0.13097252 -0.14667284   1.03769
-1.70174614 -0.31424674  0.12868897   -0.13216135 -0.11761994 -0.24200742   0.98930
 0.57328802 -0.01901745 -1.59808702   -0.20825687 -0.14638781  0.16695647   0.94288
-0.34001523  0.61715857 -1.80449184    0.14083500 -0.03200027  0.26317333   1.19451
 0.45950044 -1.44893487  1.16184993    0.28420861  0.07729451 -0.02461776   1.29537
 1.06425900 -1.01662817  1.23789683   -0.05697437 -0.27278885  0.11587653   0.77975
-1.40120299 -0.12940600  0.05782124   -0.23192786 -0.01359752 -0.19241303   1.25082
-0.70044978  0.95238015  1.27806626   -0.24260485 -0.08714219  0.16279119   0.94674
-1.08241571  0.37646745 -0.42909974   -0.14211806 -0.21093558  0.16552631   1.29249
-0.41928534  1.70304342 -0.53414071    0.08621811  0.26002728  0.12165475   1.10595
-0.82791376 -1.73960882  0.13008626   -0.05663952  0.18982364 -0.22372466   0.81560
-1.46777789  0.07335681 -0.51683088   -0.25379652 -0.06055482 -0.15270626   0.92548
-1.30961931 -0.64831932  0.75454538    0.26806021 -0.02542139 -0.12039933   1.02804
 0.78758039  0.48081276 -0.97348849   -0.20207354  0.04638802  0.22343815   1.02640
 1.52045687 -0.03482515  0.47343081    0.18472156 -0.11533821  0.20495767   1.00068
 0.37978048  0.96442491 -1.52345853   -0.17532164 -0.24608003 -0.01255161   0.98794
-1.33996446 -0.85165082  0.32333586    0.23592119  0.07990963 -0.15822272   0.76947
-0.87409289  1.24225023  0.01823449   -0.07970226 -0.17570202  0.23383006   0.75691
-0.46410983  1.29637704  0.03572049    0.14680126  0.23200831 -0.11275461   1.17213
 1.27359850 -1.14020092 -0.20350950   -0.08748235 -0.28631490 -0.03094113   1.01807
-0.33812070 -0.23085916 -0.76219939    0.21969781 -0.19912609 -0.00944585   1.24312
 1.07345000 -1.29286286 -0.69245626   -0.02572883 -0.17540849 -0.23983333   1.00200
 0.22544804 -0.96364960  0.56074737    0.27342609  0.04920836  0.10460828   0.91327
-0.43978623  1.36761124 -1.14601215    0.04608986  0.28913591  0.06462066   1.00900
 0.99505653  0.31753405 -1.66121834    0.02977027 -0.08203813 -0.28392657   1.13466
-0.68635150 -1.58081412  0.54652153    0.23670910  0.06764288  0.16784223   0.70982
-0.54129098  0.50636861 -1.32499643    0.11658559  0.12367724  0.24770352   1.03126
 0.06129253  1.52262804 -0.83070629   -0.21692470 -0.08476175  0.19662932   0.73817
 1.00938421 -0.21650854 -0.29511000    0.15868262 -0.16033795  0.19680148   1.17495
 0.81033384  0.55447950  1.22594179   -0.28908011  0.09326158 -0.01298770   1.06110
-1.62328256  0.72617057 -0.06049251   -0.03297572 -0.18149453 -0.23455007   0.71975
-0.40831406 -0.58095263 -0.91468037    0.13917396  0.17268672 -0.19629969   0.91680
 0.83407993  1.66806661 -0.70332524   -0.00929188  0.27882911 -0.10793612   0.89923
 0.22686331 -0.42244288 -0.22247759    0.29504575  0.00387613  0.02080815   0.79428
-0.40777861  0.57045240 -1.29851593    0.28978262  0.03362000  0.05097736   0.95237
 0.83644651 -1.25748650  0.51696520    0.13659682  0.10333948  0.24642713   1.09484
-1.43507001 -0.61697724  0.23153859   -0.08633239 -0.21492056 -0.18999580   1.03877
 0.75306034 -1.48712073 -0.84186537   -0.28375966 -0.08152750  0.07542321   0.73195
-1.19062115  0.16396027  0.65758321   -0.24029054 -0.05437511 -0.17455619   1.09113
-0.07607202  1.72551338 -0.61586660   -0.02069153  0.24242269 -0.17333252   1.05550
-0.43342213 -1.45745801 -0.05436719    0.05832606 -0.28753068 -0.05572233   1.08474
-1.49873212  0.16548345  1.19496743   -0.05376433 -0.22725134 -0.18692277   0.91728
 0.41576075 -0.77303531  1.50582581   -0.26737485 -0.12020835 -0.07729512   0.93098
-1.12280254  0.59613205 -0.24742472   -0.14630202  0.20810897 -0.16030036   1.03719
 1.35733845 -0.09737388 -1.14915309   -0.00394859  0.24435115  0.17664068   1.29353
 0.29095001  0.92708211 -1.64594928   -0.06617761 -0.28267848 -0.07664512   1.22005
 1.54967235  0.27352144  0.37687588   -0.28005929 -0.09114003  0.07808361   1.18981
 1.02714567  0.36662890  1.63190923    0.26389211 -0.06987410 -0.11206486   1.29988
-0.38663726  1.45369305  1.25996956   -0.25122172  0.02533838 -0.16598122   1.14306
 1.00527051  1.12294501 -0.23751928    0.08346057 -0.28669707 -0.00729311   0.88271
-0.51958751  0.72083557  1.28104620    0.28145442 -0.03913051  0.08489839   0.79219
-0.42604198 -0.05703333 -0.83675096    0.20379768  0.13560621 -0.16552207   1.01210
 1.16122724  1.29716445 -0.50183309   -0.16142999 -0.25560805  0.00519815   0.71673
-0.89078487 -0.63262285  1.60248680    0.22708716 -0.10551987 -0.15642314   1.18931
 0.36430803 -0.46695722 -1.25185648    0.05397969 -0.25543122 -0.14352589   0.71690
-1.37674839  0.35227599  0.13414749    0.22207260 -0.19667364  0.00941043   1.14108
 0.26954242 -0.72110205  1.22614018    0.04913727 -0.02252240  0.29694448   0.98441
 0.29938024  1.01563716  1.33444724   -0.27632233 -0.11140951  0.06292266   1.14041
-0.90490137 -0.23857993 -1.07522290    0.22463336 -0.03116215  0.19388529   1.26158
-1.55194906 -0.53904030 -0.28636826    0.16942550  0.21071293  0.12665701   0.89672
 0.43448927 -0.41080355 -1.27730068    0.21659656  0.19279974  0.06580637   1.02877
-1.05912531 -0.21422736 -1.01568872   -0.17131119  0.12416699  0.21874410   0.75691
 0.51710579  1.64774474  0.69311801   -0.12131829 -0.13959142 -0.23580285   0.96780
-1.12850366 -1.01418176 -1.15358049    0.22348907  0.07048101 -0.17933910   1.24870
-1.61641292 -0.41553008 -0.23992413   -0.09842591  0.06048838  0.28099286   1.00796
-1.90601417  0.08257272  0.13000767   -0.08068012 -0.07389745  0.28318478   0.76982
 1.07096165  1.18377923  0.37077345   -0.22370646  0.07932315 -0.18606410   1.22294
-0.47092499 -1.67724565  0.94673884   -0.02319397  0.19209310  0.23226777   0.78089
-0.36579413  1.67082834 -0.21383810   -0.24286655  0.17153802  0.06337789   1.12608
 1.29836180 -0.83768083  0.20611110   -0.29471329  0.03673448  0.06860154   1.02427
 0.60435338  1.28412426 -1.32979429   -0.01192274 -0.29928089 -0.01695987   1.22312
-1.31055687 -1.15850948  0.87806359    0.15266661  0.03138145 -0.25106089   0.87233
-0.14381179 -1.26469926  0.07880232    0.03044745 -0.04401677 -0.29208989   1.04884
-1.14545313 -0.79010808 -0.42795121    0.06355895  0.10271202  0.27616934   1.17892
 1.48939030 -0.59473662 -0.83944250    0.00189581  0.06821528  0.29468589   0.91833
-0.69487175  0.46266856 -1.48312404    0.11433840 -0.05239001 -0.26787240   1.00263
 0.94097413  1.68415988  0.31924307    0.17571045  0.17440149 -0.16214923   1.07614
-0.18491261  0.26536345  0.82254816   -0.01503257  0.15808169 -0.25212337   0.80938
 0.53405412  0.45285385 -1.84909794   -0.25382196 -0.14874768  0.07782042   0.74602
-1.33117770  0.30168620 -0.72203166   -0.25560239 -0.06311746 -0.14872484   0.83779
 0.02410676  1.34111025  0.19187224    0.12857918  0.26525888  0.04680002   0.73396
-0.05283099 -0.29662210  0.47627409    0.00103691 -0.11440141  0.27989947   1.08031
 0.02928049 -1.12874602 -1.36526388   -0.16603321  0.20106629 -0.15046439   1.07835
 1.61121925  0.78156496  0.21526838   -0.16514524  0.19750486 -0.15593844   0.77091
-0.38452295  1.25136388  0.57210294   -0.08803901 -0.22405774  0.18373856   1.01324
 0.95901902  0.73342323  0.13120610   -0.15105143 -0.23787781 -0.10650852   0.85727
 0.26244720  0.36666999  1.62573031    0.01710919 -0.17826891 -0.23772617   1.14215
-0.63698719  0.33608121  1.66320104    0.17120538  0.18068751  0.16545684   1.10794
 0.02048843 -1.84832019  0.42064334   -0.28020841 -0.11350351  0.03482348   1.01166
-0.32826068  1.33699290 -1.11535384   -0.22382741  0.12887325  0.16145222   0.79287
 0.24261379 -0.66251087 -1.58235537   -0.01741206  0.10652613  0.28275632   0.85709
 1.51015912  1.13178549 -0.11723254   -0.29698216 -0.05914915 -0.02713887   1.24319
-0.35141983 -0.48591910 -1.86008064   -0.17110806 -0.22987309 -0.09416337   1.01203
 1.71465558 -0.05948368  0.94811492   -0.01295921 -0.09859752  0.28582528   1.29722
 1.39919387  0.54539862 -0.89735036    0.20516428 -0.15407828 -0.14690774   0.97320
 0.25603520 -1.61046489  1.08322473    0.20239957  0.21293884  0.04613586   1.26755
 1.69260774 -0.55430636  0.89919311    0.04633637  0.12045743  0.27264211   1.01702
 0.93953512 -0.33081269 -1.38105707   -0.30216476  0.02864367  0.02499833   0.74395
 0.16437666 -1.64388253  0.67617915    0.25574980 -0.13227293  0.07220027   1.25503
-0.18016084 -1.48905730  0.59606644    0.06403991  0.25771718 -0.13483688   1.24781
-0.88816724  1.19811608  0.74959057    0.14609060  0.10897650  0.23815793   0.94149
-0.30961371 -0.93161107 -1.66528313   -0.10193571  0.23738586 -0.15270031   0.74950
-0.19678338  0.91130833  0.93017616    0.09315427  0.25202365  0.13286135   0.76299
 0.31411429  1.52461860  0.34165532   -0.15293785  0.25924685  0.02931243   1.20597
-1.93200563  0.19922622 -0.12703181    0.21211577 -0.18688054 -0.08800676   1.14593
 0.85736654 -1.04731901  1.37426341   -0.16799271 -0.20795292 -0.13877709   0.74037
-0.36454951  1.24280399  0.98789014   -0.11354160  0.26526850  0.09040785   0.83868
-0.95782517 -1.12521519  0.17260756    0.27710105 -0.03625490 -0.09463131   0.80146
 0.26020008 -0.90946945  0.38887863   -0.16645268  0.08543006  0.24016634   0.98049
-0.21757993  1.82363292  0.44211020   -0.07393948 -0.24862181  0.15544153   0.85830
-0.27491576 -1.68223052  0.18234353   -0.26543367 -0.00622358 -0.14506943   0.78741
-0.87220258 -1.30306427 -0.94801669    0.00990570 -0.29967208  0.00397493   0.95499
-1.29455344  0.38700598  0.49474616    0.27306429  0.00824438  0.11644942   1.07548
 0.06011333 -1.49283128  0.37668970   -0.12419235  0.27484423  0.01243637   1.00248
-0.32094669  1.87629160  0.07407068   -0.01856627  0.29962631 -0.00106490   1.17017
 1.19486420  0.75350419  1.12523319    0.21499743  0.16373016 -0.12011347   1.15311
-0.47978736  1.09924310  0.55980154   -0.08055684  0.19551468  0.21700889   1.03345
-0.89366159 -0.33465827  0.56072750    0.16442277  0.06093183  0.24301525   0.94812
-1.28235574  0.09569681  1.22446747   -0.11281945 -0.26274464  0.09860234   0.88766
 0.20460819 -0.63667016 -1.18613087   -0.09940044 -0.02400551  0.28615538   1.17227
 1.36844394  0.57280638 -1.19742572   -0.09073018  0.26514717  0.11321338   1.02703
-0.44405133  1.51255284 -0.68489348    0.17452150  0.09784193 -0.21742868   0.81182
-0.43777406  1.10905984 -0.34996138    0.27005633  0.00840269  0.12351021   0.81777
 0.66110317  0.89103863  0.29583180   -0.05596414  0.27277499 -0.11106930   0.77649
 1.41537385 -1.11485205  0.10703828   -0.26434911  0.00096930  0.15232648   1.22847
-0.61336798  0.65947167  1.20516847   -0.06726961  0.24926555 -0.15199239   1.26002
 0.61279820 -0.42969074  0.65418863    0.21613048 -0.20240509  0.02298488   1.19615
-1.27991328 -0.98565609  0.19620499    0.27140282 -0.11774167 -0.00666392   0.90781
-0.86360153  1.29070991  0.19935647   -0.05897512 -0.27670369 -0.09967148   0.97794
-0.67917932  1.13553233  0.96096287    0.27560106  0.10221296  0.03669994   1.20044
 0.11451988 -1.58097180  1.05416444   -0.07293960 -0.10782718 -0.26881749   1.00892
 0.45205229 -0.06582306  1.09101648   -0.14369949  0.10424503  0.24698994   1.29221
-1.30910672  1.12632675 -0.42603191   -0.10717220  0.00948112  0.28429406   0.93196
-1.31827486  0.60324825 -0.69747814    0.21908525 -0.12591880 -0.15299004   1.29799
 0.23809948 -0.96447026  1.02793327   -0.28784939 -0.09040572 -0.03576286   1.03812
-0.63463932  0.70117662 -0.83426791   -0.02966563  0.25646469 -0.15093754   1.26978
 0.52144916 -0.27561194  1.57409502    0.03982236 -0.00484228 -0.29407164   0.85690
 0.39430936 -0.79160732 -0.97098534    0.29048075  0.03843420 -0.03714209   1.02095
-1.82616688  0.08935270 -0.02229796    0.21551290 -0.14846122  0.14265933   1.14716
-1.02440432  1.18815609  0.88980095   -0.16905882 -0.03659607 -0.24546069   0.77639
-0.46294460  1.48380267 -0.32546442    0.14828930  0.25594339  0.03694000   1.21294
-1.60075316  0.35394724 -1.09486615    0.22157547  0.04173720  0.19549423   0.83471
-0.55600842 -1.30165224 -1.14433591    0.03144706 -0.06782226  0.29264782   1.26287
 0.08838167 -1.98213527 -0.02865668    0.09526703 -0.25262941 -0.12488858   0.89339
 0.69037654 -1.58581615  0.74616190    0.08044183  0.17471312  0.23125423   1.02528
-0.93069337 -0.96536748  0.54546773    0.16179071  0.07916100 -0.23428017   1.05190
 0.92438393 -0.33426014  0.66810924   -0.02844063  0.22822107  0.19582263   0.98678
 0.82016125  0.20559176 -0.04483867   -0.03020600 -0.20163363  0.22325735   0.77202
-0.73656830  0.27627448  1.07364777    0.21674509 -0.20252382 -0.00715273   0.95343
 0.46451841 -1.40088629 -0.78846066   -0.04600512 -0.15365002 -0.25167484   1.27792
-1.21128984  0.92831375  0.75006565   -0.27247516 -0.13371664  0.01833916   0.78848
 1.91574531 -0.12681175  0.61090079   -0.18531935 -0.11913084 -0.20492096   1.17497
 0.04172291  0.08643790 -1.57108142   -0.12718071  0.25572815 -0.09492687   0.85249
-0.89779755 -1.17100916 -1.08646764   -0.09506472 -0.06771034 -0.27522116   1.16024
 1.12015907 -0.19888657  0.71589058   -0.04795436  0.17949054 -0.23377134   1.04951
-1.62950096  0.70542680  0.04190762    0.24269621  0.11341478  0.12945585   1.28705
 1.61772799  0.68859120  0.04141402    0.08914314 -0.16512039  0.23498211   1.27646
-0.63266761 -0.83037944  0.77316622    0.12553886 -0.26043341  0.07544622   0.76374
-1.33011408  0.85488408  0.08167597   -0.20567699  0.14662619 -0.16464051   0.82605
 0.47624948  1.13436143 -0.99016844    0.08406675 -0.21590216 -0.18598645   1.00674
-1.24369303  1.26676249 -0.51750195   -0.29715973  0.04914785  0.04575631   0.96205
-0.22963853  1.72964327 -0.12571980   -0.10635965 -0.26887667 -0.08290128   1.09049
 0.96296102 -0.52163874 -1.44616809    0.10987829 -0.17608486 -0.21173324   1.11238
 0.91914201 -1.38841313  0.34932829    0.27249249  0.11402122 -0.01579792   1.08432
 0.66917031 -0.82803549 -1.34857588   -0.17336653 -0.14473244 -0.19862944   0.87795
-0.87089330  0.74619542 -0.81824919    0.08147970 -0.07296599 -0.27542583   1.28175
 0.00262652 -1.32290089  1.50445430   -0.03941116  0.28282578  0.09628224   0.71917
-0.49464175 -1.78533744  0.68383296   -0.08443252 -0.27696752 -0.08038214   1.10687
-1.07896821  1.24729305  0.73135304    0.09305943  0.14900526  0.24406723   0.70535
 0.81986914 -1.04135126  1.05941069   -0.24099085 -0.17845893 -0.04398606   1.29258
-0.94995498 -0.93854097 -0.91621564   -0.00535157 -0.21819492  0.20851993   0.90398
-0.38355879 -1.40611055 -1.35183661   -0.04503062 -0.28929047  0.07093194   1.23824
 0.64203021  1.08602251  1.30301275    0.21351976 -0.19393103 -0.06751164   1.24712
 0.40394448  0.84256590  0.21904078   -0.04541683  0.15870872 -0.24862641   1.07939
 1.54842623 -0.21818717 -0.84909657   -0.25083405 -0.13134838 -0.10697698   0.86980
-0.14934494 -1.80733144 -0.34776764   -0.30070764  0.01572815  0.04666284   0.71429
 1.29300371 -0.14620676 -0.05960510   -0.04899972 -0.21904962  0.20269723   0.90380
-0.42244849  1.25773211 -0.85698491   -0.29996133  0.04977733 -0.00965209   0.90456
-0.49176672  0.98746902 -0.87315931    0.01780980  0.29574374  0.04771872   1.21638
-0.44291568 -1.47962926 -0.09201761    0.21083026 -0.15790342  0.13957247   0.97290
 1.24480642 -1.22785133 -0.02557700    0.16687742  0.22869076 -0.08884785   0.89107
-0.84250116 -0.15901464 -1.19644270   -0.10906701  0.13229432 -0.24544542   1.04511
 0.94465700 -0.07786266  1.08502571   -0.16709333  0.21106676 -0.13510792   1.29759
-1.04485071  0.71162413 -0.77402138   -0.08846720 -0.03089044  0.28892899   1.11067
 0.65170420  1.02170891  0.07683474    0.17226608  0.12802239 -0.20330611   0.93239
 0.84488323  0.19430863 -1.37917892   -0.20496638 -0.15932935 -0.15353488   1.27641
 0.73636449 -0.98984388 -0.18889100   -0.15837982 -0.04883688 -0.25016828   0.87336
 0.86789651 -0.42055114 -1.17329957    0.07646971  0.28342066 -0.05331209   1.18704
-1.71623440 -0.32775239 -0.77693793   -0.26183438 -0.14873247  0.04260055   0.83481
-0.36880124 -1.09641512  0.42704151    0.11956587 -0.22197965 -0.15666450   1.03453
-0.97673098  1.44520838 -0.16938118    0.22038999  0.18966109  0.06179917   0.84395
-0.88431793  0.70472252  0.68720995   -0.16734999  0.22112994 -0.11794387   0.98835
 0.34905158 -0.92336554  1.05189351   -0.11640413 -0.17432462 -0.21433207   0.78352
 0.83984821  1.17859097 -1.18582209   -0.28058977  0.03856798 -0.10791857   1.22903
-1.47829560  0.87554000 -0.31694694    0.16050079  0.12114877 -0.21678078   0.86969
-1.01155478  1.58568642  0.25765240    0.20023633  0.20060420 -0.08618370   0.80118
 0.33609472  0.54060234  1.72593560   -0.00154743  0.13123902 -0.26713327   1.12158
 1.16425098  1.02319327 -0.31791139   -0.04065500 -0.22062970  0.20264828   1.11073
 1.01270491  0.21396861 -0.33844861   -0.19390466 -0.14018332  0.18817427   1.09250
 0.77834943  0.05208234  1.01556343    0.28640489 -0.03750136 -0.06095195   1.01002
 0.54732837 -1.35524988 -0.62318119    0.05875586  0.27392916 -0.10211617   0.98413
 0.81879490  0.76536570  0.59784817   -0.22215572  0.19726608 -0.05781975   0.80574
 0.42164391  0.99952566 -0.82106673   -0.04577511  0.23515077  0.18422775   1.27741
 1.43452163 -0.09256477 -1.20756284    0.25826338 -0.14314411 -0.02049921   0.80895
 1.36539255 -1.14152094 -0.06349742   -0.21727691  0.11149931 -0.17693424   1.16686
 1.64181727 -0.35272329  0.06828896   -0.17914267 -0.21204506 -0.11780188   0.72232
 0.56364366  1.88161000 -0.18115144   -0.06205229 -0.01921634  0.29639218   1.22480
 0.50616872  0.29093333 -1.55932585   -0.06026231 -0.27554297  0.10731168   0.71725
-0.34986627  1.71259899  0.60764695    0.19839247 -0.08698815 -0.20065877   0.78596
-1.69304935  1.00223108  0.12033505   -0.11535305 -0.18413791 -0.20662896   1.15382
 1.20558713  1.20899163 -0.93600520    0.27910729  0.06541278  0.07579945   0.70532
-1.07631552  1.10799936  1.07334151   -0.24197106  0.01623010  0.18505723   1.13709
-0.52668291  0.66385123  1.47457394   -0.12269072  0.09010626  0.26315304   0.74909
-1.76426664 -0.48362256  0.04691129   -0.26908180  0.13216773 -0.04697211   1.16005
-0.79209691 -1.03105862 -1.41665131   -0.21521031 -0.10230956  0.18992554   0.80881
 0.95425788  1.01271663  1.18065112    0.00468084 -0.29655360  0.04714636   0.98662
 0.04956432 -0.11505630  1.89264184   -0.08641702  0.12511099 -0.25740934   0.92600
-0.84261157  0.29502961  1.47020227   -0.30214880  0.02991018  0.02350335   1.19381
-0.88212035  0.39336073  0.84403148    0.07032425 -0.28736241  0.04564329   1.09996
-0.93094460  0.71254006 -1.32191481    0.25595844 -0.02070515  0.15025500   0.84036
-0.35700478 -0.20314319  1.18955740   -0.27185791 -0.10433891 -0.08439310   1.15175
-1.07714083  0.66753087  0.27959644   -0.02672040  0.06452015  0.29473844   1.04657
 0.40310634 -1.01336148  0.12169302   -0.17171876 -0.18759446 -0.16112459   0.98357
 0.91468924 -0.55220147  1.13877689    0.08935388 -0.04139428  0.28457688   1.07693
 0.72497400 -0.97389491 -0.01262273   -0.01730516 -0.27710440  0.11687164   0.73034
 0.06660514 -1.32005310 -0.37652019    0.27847337  0.03854077 -0.08963001   1.18997
 1.06395915 -1.03269562  0.13296016   -0.13701165  0.00141329 -0.26646827   0.92586
 0.79183564  0.27967230  0.72750601    0.03200274 -0.11017393  0.27927684   1.14742
-1.24446956 -0.40128319  1.26800262    0.26401917 -0.05296843 -0.12050889   1.18462
 1.53394600  0.97249622 -0.43843628   -0.02621210 -0.20218454  0.22318463   0.94008
-0.73474862  0.72768745 -1.63954211    0.02320424  0.27907621 -0.10390790   1.16767
-1.31238151 -0.34742216  0.83786804    0.18213484  0.23470507 -0.00832681   0.91348
 1.08644638 -1.35889465 -0.86174445    0.08807642  0.22492125  0.17827385   0.87767
-0.49944996 -1.26327676 -0.48947219   -0.03323767 -0.25545048 -0.15204544   1.00668
-0.11391509  0.55444308 -0.36393925   -0.07189212 -0.20465549  0.21133542   0.83359
 0.18110160  0.83991034 -1.39764586   -0.15965910 -0.24871233 -0.06092382   0.71536
 1.61418310  0.82416077  0.65942586   -0.20475116  0.18652258 -0.12007835   0.70396
-0.09775660  1.62397702  1.05715663    0.20976019  0.17584244  0.11759085   1.17681
 0.65994807 -1.53860111 -1.01414944   -0.09199804  0.24447345 -0.14754381   0.70166
 0.14749095 -0.04497900  1.89855661    0.10758455  0.11153874 -0.25237557   0.75617
-0.69893006 -0.10793139  0.70011947   -0.10201957 -0.13674468  0.25115297   1.28335
-1.62762547  0.19888305  1.04566667    0.20941616 -0.03517806 -0.20488446   0.75774
-0.97656366  0.42714371 -1.23443597    0.26968906  0.05943666  0.10916741   0.93496
-0.88845106 -0.55253303  0.06481365   -0.17699894 -0.24407087  0.02788388   1.27176
 1.40156555 -0.21542396  0.47076973   -0.24073458 -0.09428969 -0.15627888   0.98589
 0.92704700  0.73815894  0.62761294    0.00253348  0.23219770  0.19242928   0.96232
 0.90708821  0.58825703  0.46122706    0.17332227 -0.15890959 -0.17952655   1.13451
 1.58849853  0.51978906 -0.36562779    0.03767455  0.09703389 -0.27812147   1.08547
 0.04124214  1.27252815 -1.08918542   -0.13342092 -0.25566015 -0.08679025   1.27756
-0.75143611 -1.46986007  0.71336143    0.04520914  0.08984854  0.28451193   0.72888
-1.18221878  0.83894663  0.37736907    0.21996049  0.19113234  0.05860938   0.81191
-0.52520588  0.47169422  0.40987893    0.13066939 -0.26456011 -0.03955798   1.16102
 0.64817869 -1.50457790  1.16293599   -0.16830631  0.18303722  0.17471667   1.29789
 1.78077227 -0.43580911  0.57961592    0.10032992 -0.26908336  0.08409472   0.98062
-1.58793415  0.26595080  0.57502405    0.08580034 -0.25497938 -0.12723624   1.10260
 0.51716112  1.57171586 -0.92156034   -0.18873022  0.23382760  0.03910236   1.20606
 0.79857061  0.90631532 -1.24213650   -0.02708197 -0.26852624 -0.12924211   1.14670
-0.76099319  0.51781611 -0.71247013    0.16497772 -0.23663215  0.07563258   1.20819
 0.39046648  0.57227841  1.36590320   -0.25232473  0.04962355  0.16403962   1.18551
-0.09043846 -1.63775086 -0.32868588    0.13425643  0.22925491  0.13758185   1.15588
-0.46394213  0.58482872 -1.56441756    0.01039603 -0.28310514 -0.09557803   1.27981
 1.64119307  0.19958746 -0.89816782    0.00380841 -0.16419543  0.25356927   1.17859
-0.58552607 -0.55788720  1.58283969   -0.19135373  0.19886663  0.12705643   1.19340
-1.20942037  1.18443486  0.01585016   -0.03003655  0.26574972  0.13940165   0.78497
-0.89764721  0.45058646 -1.64784465    0.11070138  0.05831413  0.27345598   1.14119
-1.11231002 -0.27970488 -1.04770003    0.01905222  0.07966632  0.29088931   0.95409
-1.37184396  1.27917470  0.43607514   -0.08249402 -0.15686762 -0.24089049   1.24219
-0.16265748  0.68618912 -0.81404255    0.08165154  0.26255865 -0.11423514   0.95068
 1.81782412 -0.57579439 -0.27917018   -0.07966483  0.01823483  0.29244049   1.15346
-1.11221712  1.36215343  0.75581368   -0.07235942  0.28035694  0.08489378   1.06700
-0.44865109  1.85283695 -0.53928556   -0.02515498 -0.22379863 -0.19610388   0.81773
-0.08415825 -0.77893930  0.07289176    0.11761054  0.01981585  0.27597551   0.74173
 0.15430545 -1.64670216 -1.01161357    0.08683741 -0.25810657  0.12537067   0.70672
 1.30986332 -1.03752163 -0.93966548    0.17081037  0.12603278  0.21099311   1.10300
-0.97418544 -1.51924736 -0.65128589    0.10159070 -0.27979389 -0.01962992   1.14084
-0.08012936 -1.23770554  0.31917278    0.09283690 -0.01028830 -0.28101115   1.22076
 1.01337610 -0.95802098 -1.43819530    0.29062414  0.05375794  0.01171837   1.09820
 0.74266470 -0.13292715 -1.52363591   -0.26454100  0.14805256  0.02237625   1.21024
 0.47231607 -0.01185564 -1.02005559   -0.20620183 -0.22155944  0.01621230   0.93682
 0.64118951 -0.39710001 -1.21148638   -0.08744612 -0.05486597 -0.28038806   1.12212
-0.02229694  0.26141667  0.69563548    0.10417515 -0.24316325  0.14080199   1.13762
-0.94840159 -1.62789249  0.05951090    0.23119004  0.01750720 -0.18232042   1.14633
-0.90239850  0.03080538  0.49094575   -0.22641609  0.05541871 -0.19135798   1.16908
 1.12364027  1.28813463 -1.01267289    0.24034162 -0.04080423 -0.16605348   1.00582
-0.19127404  0.22537060  0.23869923   -0.24404232 -0.11870991 -0.13329662   1.21285
-0.75272915  0.84565290  0.91782138    0.08313011 -0.27863470 -0.06604173   1.26268
-1.64708345 -0.62952380  0.11028438   -0.27584879  0.08420623 -0.09335186   0.73707
 1.68558242 -0.27675509 -0.18548145   -0.14346768 -0.02882595 -0.26162642   0.72580
 0.76031999  1.50682305  0.90320956    0.19885752  0.20422198  0.08617917   1.20397
-1.21203738 -1.28200452  0.08303915   -0.11761120 -0.27777741 -0.00250424   1.26386
 0.14902634 -1.93322679 -0.18864361    0.05083936 -0.28001412  0.09509153   1.29166
 1.39620070 -0.80958270 -1.13688463   -0.25352937  0.16704461 -0.00112371   0.92014
-0.05883317 -0.42278643  1.76751831   -0.24919052 -0.16571822 -0.04846118   1.06145
 1.26017405  1.48409990 -0.32328602   -0.24688690  0.01349979  0.17870108   0.80679
-0.77153203 -0.93856252  1.40440370   -0.27737309 -0.05256906 -0.11012841   1.14643
-0.76262824  0.20001737  1.66741382   -0.17796948  0.09138864  0.22957542   1.01318
 1.09564635  1.07543150  0.85086424    0.19586277 -0.14654780  0.17123422   1.26419
-0.52405053 -0.90633936  1.50374410    0.10323228 -0.26860527 -0.07662947   1.02487
 0.48471371 -0.19240354  0.38815052   -0.20578626 -0.14610149  0.17022517   1.11241
-1.66416047  0.03605787 -0.41456765    0.26697840 -0.07428483  0.10678047   1.28219
 0.38082238 -1.38006369 -0.05508441    0.09080723 -0.04818659 -0.27777645   0.84156
-0.69508347  1.39287686  0.31112734   -0.26203093 -0.06840280  0.14022894   1.19867
-0.64161793 -1.31121892 -1.20975261    0.25836660  0.13243107  0.06112893   0.71748
 0.83710863  0.66638702  0.20135958   -0.01994706  0.22901946  0.19574900   1.11186
-0.85378303  1.27636270 -0.25987897   -0.22271542 -0.15098840 -0.13715377   1.08039
 1.29544347 -1.03509495  0.60652810   -0.14958634 -0.24843226  0.08748714   0.96312
-0.75413720  0.46591506  1.55455787    0.28011454  0.04370112  0.08719388   0.94441
 0.07860480 -1.54718478 -0.58492195    0.09265438  0.10772982 -0.26001740   0.85790
 0.92398068 -0.98990256  0.67693852   -0.22305609  0.17392157  0.11181845   1.27740
 1.38112165  0.39720701  0.96993027   -0.22754739 -0.08971630 -0.17668511   1.13274
-0.79104444 -1.56187236 -0.71549981    0.19812550  0.01850974 -0.21795133   0.71536
-0.92276675  1.41106098  0.74692437    0.14268594  0.02134433  0.26322287   0.78012
-1.48417226  0.44682745  0.91708521   -0.13229203  0.01329773 -0.26842062   1.12568
 0.85181666 -0.57691811 -0.52118546   -0.28554114  0.05633993  0.09076691   1.12917
-0.55908433 -0.24652260 -1.61712678   -0.17657635 -0.01441457  0.24784984   0.81665
-0.72991026  0.24844422 -1.75445045    0.10475385 -0.07945052  0.27053421   1.04390
-1.18750103 -0.78897395  0.85452900    0.05483097 -0.19143427  0.22589366   0.82844
-1.63693041  0.90710118 -0.37022227   -0.00188906  0.14328131 -0.26093714   0.80198
-0.17274370 -0.85617217  1.23018541    0.06746964 -0.24668044 -0.15228601   1.22996
 0.22172764  1.47507707  0.11672705    0.10096370 -0.24313480 -0.13808405   0.93520
-0.30944733  1.40258885 -0.78142435    0.01760713 -0.20113647  0.22412601   1.19990
 0.11914373 -0.11659553 -1.83272436    0.15436626  0.19846522  0.16200821   0.90659
 1.27692690 -0.67322890  1.12653706   -0.28420689  0.01542438  0.10965147   1.14595
 1.00346516 -0.68629551  0.16733743    0.07710404  0.15918877  0.24347815   0.87653
 0.07587395  0.55778976  1.20328214    0.26773076 -0.08980425  0.09147145   1.25410
 1.26737603  0.25037388  1.48255186    0.22140824  0.10856130 -0.16240659   1.28597
-0.99103361  0.48906113 -0.09045313   -0.05741874 -0.18882898 -0.22440005   0.96261
 0.38555385 -1.02053351  0.88531186   -0.11994175  0.26698747  0.07578799   1.24539
 1.09034319 -1.65417355  0.08048376    0.07312165  0.04336855  0.28916690   1.16634
 0.14280643 -1.54346578  1.15260559    0.16560586 -0.19450283 -0.14996421   1.20846
 1.06066013  0.60175924 -1.35741419   -0.11738480 -0.12571625  0.25046298   0.78013
-0.85931304 -0.75504617 -0.71610776   -0.10475193 -0.02964379 -0.27853768   0.99959
 0.49904030 -1.10577864 -1.55654042    0.03383467 -0.24445899 -0.16705257   1.14252
-1.18005655 -0.22653955 -0.25144817   -0.13694825 -0.10820989 -0.24379647   0.75488
-1.39082215 -1.18032796 -0.25193289    0.11410840  0.10134430 -0.25368039   0.81679
 0.12066746  1.84889026 -0.48115013    0.22338935 -0.08025173 -0.17538666   0.94331
 1.31691167 -0.04785338  1.24472670   -0.00880005 -0.05593737  0.29732389   1.00149
-1.62205246 -0.50395308  0.69450431    0.08189367  0.27671626 -0.07469592   1.21543
-0.55313476 -0.26198799 -1.71705172    0.02378481 -0.01937211  0.30066267   1.10118
 0.19197186  1.82145854  0.66997669    0.28436458 -0.01336479 -0.07769781   1.25005
-1.57443575  0.03089196  0.68621680    0.14239193 -0.25944373 -0.03138244   1.02175
 0.34521356  0.38822484 -1.28018447    0.09665060  0.26579385 -0.09298248   1.27784
-1.20673288  1.11110620 -0.66551768   -0.03188370 -0.22675272  0.19712373   1.27770
 0.16032889 -1.56557447 -0.55947268   -0.16115688  0.04772392 -0.24866339   0.89888
 0.46849876 -1.14049409  0.76219920   -0.27562891 -0.11228888 -0.05916621   1.19970
 1.33071725  1.05037296  0.03724279   -0.07013366  0.25143409 -0.14721536   1.20992
 0.11193979  1.74569524  0.08247450   -0.04846143  0.10218985 -0.27597159   0.71718
-0.13407657 -1.44868146 -0.90021494    0.24028279 -0.01117257  0.17587000   1.20254
 0.63173046  0.29854582 -1.03938198   -0.16665857 -0.25152887 -0.01752373   1.09455
-1.33919230  0.79732797 -0.83946218   -0.20596700  0.20142397 -0.09110561   0.73644
-0.64177835  0.86318594  0.17485525   -0.11069543 -0.27778952  0.04183082   0.82286
 1.03439672 -0.86565007  1.16045691   -0.21639933 -0.18896879 -0.09404416   0.87143
-0.82875550  0.75505087  1.41985907   -0.30240459  0.03425551  0.00038885   0.98506
-1.24280411 -0.32542269 -1.24451910    0.19787763  0.02443972 -0.21760072   0.74909
 0.18753605  1.21244833  1.26968437    0.18149817 -0.17752620  0.15734210   0.98173
-1.11554346 -0.40270801  0.17671471    0.18445618 -0.13508590  0.19261014   0.83121
-0.88626334 -1.45336575 -0.75056574    0.06385499  0.25170929  0.15086889   0.92703
 1.58264266  0.19090799 -0.08406602    0.00295558  0.04192754 -0.29434772   0.95886
-1.00675279 -0.83649723 -1.25960194    0.22841639 -0.01882338  0.19090650   0.71977
-0.11111961 -0.23285587 -0.67833663    0.16792830 -0.24343268 -0.02992612   1.12491
 0.52608085 -1.55914807 -0.49003985   -0.12990518 -0.21505533  0.16994859   1.06287
 1.82720042 -0.08481064  0.68815874   -0.11282866 -0.18455140 -0.20758614   0.70684
 0.22975505  1.21756395 -0.47359652    0.05750691 -0.18062325 -0.22879600   0.75387
-1.01895278  0.07042165  1.30602077    0.23538540  0.15853830  0.08849209   1.23306
-1.32849735 -0.65854926 -1.18427708    0.06835524 -0.05441114  0.28853686   0.75944
-0.13446586 -0.95055680  0.07736509   -0.14143613  0.11306478 -0.23910279   1.24370
-0.10221880 -1.53612006  0.83827041    0.26151269  0.13837109 -0.00971211   0.99847
-1.46829606  0.57209629 -0.98452849   -0.02283444  0.28532970  0.09337609   0.88181
 0.36218702 -0.23871871 -0.63386953    0.10247003 -0.17987514 -0.21240611   0.97835
-1.40091571 -0.31399905  1.19097020   -0.28086538  0.01730712 -0.11251077   1.27994
-0.54986441 -0.70069293 -0.45042062    0.20040507 -0.19782496 -0.09191371   1.08520
 0.24031938 -0.10250553 -1.80196614   -0.25753999 -0.15687010  0.03873997   0.76444
 1.09651779  0.74267301  0.06060999   -0.27292511 -0.02141234  0.13461524   0.84884
 0.10818146 -0.47094977 -1.57625383    0.24308770  0.06475156  0.15935252   0.92352
-1.41497575  0.08731397  0.37420507    0.03018824 -0.02768337  0.29933020   1.05991
 1.23022296 -1.15343808  0.65760384    0.14356613 -0.24836197  0.08284516   0.72606
-1.32270366  0.88198545 -1.16241672    0.21990514  0.06841454  0.18973812   0.89313
-1.12191515 -1.54078221 -0.48593470   -0.03583200 -0.28804472  0.08039475   0.98426
 0.52754857 -0.33223572  0.41849029    0.04904414  0.28376807  0.08393672   0.80744
-0.50190450  0.61898331 -0.43023734   -0.07431447 -0.02036166 -0.28840834   1.03103
 1.35462982  0.95110832  0.64926143   -0.04581059  0.22916436 -0.18648761   1.04556
-0.22010497  1.49558864 -1.21079328    0.27405787  0.11165021  0.00483600   1.13632
 1.30132366  0.24407092 -1.05370093    0.09428188  0.19548287 -0.20243815   1.25616
 0.64577043 -1.57135370  0.89760680    0.17160732 -0.18845186 -0.15075114   1.04633
-1.74230958  0.16736626 -0.12061601    0.00430852 -0.14470422  0.26527418   0.71263
-0.22178447  0.61194445  0.42341825    0.21259529 -0.02534672 -0.20300919   0.78927
-1.55326094 -0.39041539  0.15521224    0.09983523  0.06295981  0.27679402   0.77929
-0.04498747 -1.05634881 -0.92320079    0.16294381 -0.23673814 -0.07462540   1.14461
 1.37701548  0.16182803  1.08618340   -0.02886465 -0.00215534 -0.29637596   1.01099
 0.44140089  1.70993793  0.84230312    0.16986504 -0.24073278  0.04378431   0.86550
-0.51087496  0.20530385  1.46041694   -0.00620467 -0.04950736 -0.29326847   1.25550
-0.37645454  1.44996560  0.61999396   -0.26348272 -0.14728253 -0.03168500   1.14568
-0.64657265  0.45843436 -0.96220136   -0.04264532 -0.03053565 -0.29336449   1.03601
-1.12518980 -0.62723777 -0.81207853   -0.11456130  0.27085200 -0.06439417   1.29422
 0.03734845 -1.62276154  0.20902117    0.27353445 -0.04420518 -0.10136829   1.24904
-1.36439767  0.80943335  0.00146269   -0.13171436  0.23949456 -0.12552588   1.20851
 1.72963159 -0.57915090 -0.55459769    0.08729626 -0.28023752  0.05803710   1.03440
-1.14080060  0.30685556 -0.90462532   -0.07273910  0.07129613 -0.28065362   1.11907
 1.19033414 -1.16977028 -0.95386280   -0.18850559 -0.02216272 -0.23319414   0.83294
-0.84928919  0.64838476 -1.14647546   -0.28918130  0.04685111  0.08440738   0.93177
-0.80729793  1.40784503  1.03433494   -0.12794409  0.12419173 -0.24090829   0.87401
 1.64937274 -0.11941153  0.22199404   -0.12513198  0.27108586 -0.04122910   0.90997
-1.25900278  0.43796613  0.99506596   -0.29639491  0.01953527  0.06851833   0.70245
 0.28772484  0.75738219 -1.78281438   -0.29837722  0.04567050  0.04104147   1.20583
-1.24639670 -0.35624010  0.05018330   -0.13360640  0.05683144 -0.26208862   0.90453
-1.31090342  1.07292415 -0.99549610   -0.25039947  0.00933552  0.17403704   1.26951
-1.67285522  0.52404210 -0.62919763    0.03247749  0.16830430 -0.24296618   1.25500
 0.78284957  1.14632398  0.98144257    0.14885787  0.23055945 -0.11294594   1.06412
 0.23996678  0.07754736 -1.06973322   -0.19635735 -0.07941461 -0.21380845   1.12962
 0.00999462  0.76589301 -1.69701994    0.21430255  0.09784735 -0.17794558   1.03858
 1.36017697  0.91754956 -0.97717960    0.15482679  0.24587782 -0.06212080   1.26500
-1.16155204 -0.49239781  0.27927736   -0.18761338  0.22710487 -0.06696037   0.96057
-0.23034921 -1.43806061 -0.04959282    0.17327090 -0.03775673 -0.23616678   1.29217
 1.39795503  0.79224575  0.60170613   -0.20479354 -0.22263761  0.01912168   0.87642
-1.47382806  0.45508396 -1.22300183    0.14594954  0.02642704 -0.25565354   0.81347
-1.41086290  0.56692619  0.08215820    0.26933139  0.01125708  0.12491307   0.73121
-0.17718133 -1.26040464 -1.35784922    0.07710559  0.16675916  0.23829915   0.86062
 0.52244270 -0.31536035  1.88723770    0.09897510  0.01111486 -0.27879988   1.03196
 1.04096252  0.45447753  0.26617187    0.28034856 -0.00520108 -0.09174872   1.15202
-1.18924080 -0.93760117  0.83398571   -0.08302706  0.27214386  0.10132449   1.00210
-1.24754136 -0.68259184 -0.56956540    0.22071190  0.19829941  0.00009954   1.06901
 1.11613917 -0.09579014 -0.28532161    0.04624615 -0.23856218  0.17735143   1.18725
 0.96101099 -1.43335941  0.94509798    0.23733661 -0.17216290 -0.04142826   1.04755
-0.17493454  0.78774123 -1.45074040   -0.12307464 -0.27545525  0.00922456   0.80314
 0.77746585 -0.13256867 -0.16374153   -0.13331246 -0.12904392  0.24079007   0.90401
 1.52046244  1.20513724  0.45013526   -0.03866764  0.27781892  0.11046826   1.22730
-0.36285526 -0.32794061  1.29643510    0.14113927  0.04067013 -0.25655601   0.86565
-0.53691853 -0.81542763 -1.32887512   -0.09365664  0.14213044  0.25125899   0.75348
-0.38872886 -1.21548409  0.57049829   -0.01544500  0.26864264 -0.13042750   1.13342
 1.73892906 -0.82779909 -0.12014524    0.00543330 -0.20763476  0.21894360   0.76133
 0.64648161  0.98654629 -0.27336625   -0.05316131 -0.28611733  0.07854767   0.91359
-0.50751345  1.44139769 -1.15674026   -0.07168614  0.17450133 -0.23193404   0.84216
-1.10776530 -0.58750283  0.98360455   -0.04494844  0.26088664 -0.13980697   1.04104
-1.28175076 -1.13048860 -0.88870245   -0.16082660  0.11802546 -0.22451867   1.29449
 0.14709345  0.30376123 -1.50525194   -0.02420144  0.25485592 -0.15438034   1.21389
 0.48911960 -1.94026336 -0.10400456   -0.25172930 -0.16481814 -0.03808839   1.20971
-1.05920356 -0.58208556  0.27718523   -0.15275963 -0.07840448 -0.24605655   0.91405
-1.43422642 -1.15587492 -0.27533980   -0.21431498  0.12853570  0.17408133   1.28565
-0.56089491 -1.58930944 -0.70686204   -0.21694641 -0.16201094 -0.13366235   0.91928
-0.36021836  1.29087665  1.45053564    0.01801628 -0.23448590 -0.18318596   1.21851
-0.28519026  1.04221567  1.50597145   -0.10051362  0.18088801  0.22177663   1.01503
 1.89922172  0.37588982 -0.27351741   -0.07271082 -0.19732896  0.21801677   1.03465
 1.03735367  0.45982547  1.05875208   -0.21793338  0.07523231 -0.19418762   0.93178
 0.74825445 -1.26588819 -1.19404630   -0.24075186  0.13719524  0.12630884   1.11750
 0.53670112  0.31338665  1.89525408   -0.05043258 -0.29571554 -0.01836700   1.02557
-1.24613897 -0.29821365 -1.31654475    0.17735794 -0.20296357  0.12825164   0.91105
 0.04900495 -1.17731063  0.48959842    0.06223718  0.04834028  0.29110153   0.72307
-1.54405506 -0.40341278 -0.26310308    0.09158510 -0.02170630 -0.28079398   1.26218
-1.01184025 -1.17231075 -0.32258847    0.04719236  0.27801095 -0.09759449   1.11223
-0.30263617 -1.67649313 -0.53838360   -0.21445123  0.11747514  0.18168155   0.73628
 1.13623935  0.41904351  0.66544849   -0.05661208  0.07442259 -0.28327013   0.90792
-1.36680975 -1.10847802  0.21431385    0.13522800  0.20230365 -0.16936588   0.79153
-0.48328164  1.20986612  0.54461635   -0.17033420 -0.09432643 -0.22882275   0.86603
 0.46388031  0.32718594  1.91818803    0.06193215 -0.13014949 -0.25943093   0.72087
 1.12465289  0.55727527 -1.35792809   -0.08690732  0.28812097  0.01550652   0.70544
-0.69813748 -1.48706443 -0.84190162   -0.05398301  0.06962110 -0.28494339   1.05736
-1.30622600  1.28047078 -0.64858099   -0.15505204 -0.21842132  0.14260031   1.04990
 0.98816689  1.34064346 -0.51073665    0.03905865  0.10405633 -0.27538192   1.02363
 0.67375525 -0.69946405 -1.10474668    0.18606346  0.22869671  0.04034194   0.95844
-1.23445176 -0.24240508 -0.47347260   -0.22444163  0.19656088 -0.05150745   0.72186
-0.09378682 -0.98741501 -1.51032018   -0.06897696  0.11049494 -0.26870426   0.96910
 0.90618165  0.46121093  1.37588296    0.25452945 -0.14989832 -0.01980423   1.21913
 0.62543707 -0.73920704  1.26383904   -0.21045555 -0.21737292  0.01956344   1.08343
 0.23532008 -0.14726328  1.63248197   -0.23594935 -0.17184262  0.08537729   0.96704
 0.30595907 -0.22985126  0.68215188    0.10193515 -0.26585972  0.09219505   1.05485
 0.09806899 -0.76069974  1.80340069   -0.02215113 -0.29895880 -0.01518594   0.82552
 0.11775863 -0.43313070 -1.56998814   -0.13608540 -0.01878636  0.27150281   1.26661
 0.12714759  1.41732633 -0.98315262   -0.25413275  0.08327562  0.14643667   0.71324
-1.55671794 -0.66688460 -0.78496520   -0.00874400 -0.11867234 -0.27288688   1.10843
-1.31073443 -1.06503162 -0.94905330    0.04102396 -0.19414638 -0.22155409   1.03284
 0.55683780  1.21693894  0.50189376    0.27605518 -0.08466859 -0.06212821   1.01399
 1.17996847 -0.40671437  1.48940715    0.09566129 -0.25590017 -0.11786429   0.83730
 1.15422973 -1.11355153  0.32338753   -0.10554099 -0.02294341  0.28411150   1.26193
-0.49260855 -1.34070585 -1.27487541   -0.09638698 -0.00344730  0.28813648   1.11850
 0.78055878  1.32863212  0.29890984    0.10313053 -0.25636193  0.11543635   0.72372
 0.23882401  0.40093398  0.95833566    0.21082696  0.15806973 -0.13411965   0.98269
-0.64859801 -1.28474285  1.22793202    0.11948656  0.12348197  0.24634932   1.27551
-1.34666187 -0.70823756  1.09598130   -0.26384202  0.12410961  0.08788430   1.17884
 1.27281329  0.05258317 -1.06638367    0.00678313 -0.11088641 -0.27592207   1.00743
-1.26689280 -1.21529943 -0.14399347   -0.29978819  0.03613752  0.04036572   0.78136
-0.50612573 -1.50748898  0.30823414   -0.06043044 -0.23692960  0.17791397   1.03517
 0.57597410 -1.60334890  1.03079715   -0.25002266  0.17108070  0.02221801   0.84236
-0.97418643  0.60470099  1.46132453   -0.10702029  0.22932133  0.16653298   0.75165
-0.47316140 -1.84542958 -0.31222478   -0.03946148  0.29296520  0.05675832   0.71191
 0.19320820 -1.04355580 -1.42252837    0.22744499  0.00490505  0.19296874   1.05569
 1.69365731  0.68882886 -0.78268703    0.18151853 -0.03703398 -0.22991974   0.78927
-1.47785053  0.43789556 -0.90696682    0.03416808  0.09482107  0.28460881   0.88288
 0.13387008 -0.20721198 -0.97188983   -0.03226769  0.17784132  0.24259260   1.16965
 1.53082652  0.32123767  1.27971142    0.24851071  0.05558475  0.15412941   1.06177
-0.49360896 -0.36663768  1.74014191    0.22690475 -0.14430919 -0.12263693   1.09632
 0.63154091  0.30573156  1.82894632    0.17092259 -0.20190408  0.13867062   0.98583
-0.58565738 -0.85333342  0.28755350    0.03352314 -0.23345222 -0.18196753   1.27712
 0.74056525  0.44817904 -1.56836919   -0.10629535  0.28141725 -0.01759142   0.70475
-0.33375289 -0.02761932  1.77844333   -0.22563894 -0.10938196 -0.16791921   1.03016
 1.23299309 -0.41001713  0.32440849   -0.07585490 -0.24544695 -0.15440130   1.20365
 1.69202980 -0.67188498  0.59845864    0.25613076  0.05802745  0.13960739   1.06132
 0.87241607 -0.67827004  1.00945637    0.00853124  0.14678232  0.26392704   1.15109
 0.48899717  1.34917355  0.41232068   -0.28737614  0.09518443  0.03174235   1.25340
 1.66573695  0.15897604 -0.45654497    0.20078897  0.00323914 -0.21623719   0.99016
-0.83775717  1.56941035  0.12657237    0.26338669  0.04153012  0.13136574   1.13171
-0.82790702 -0.42460629 -1.45427512   -0.25420375 -0.16601663  0.00809943   1.15136
 0.80377542  1.44133301  0.58867557    0.12081959 -0.27263766  0.00432699   0.78834
-0.13835124  1.34885328 -0.38186114   -0.28554694  0.10171672  0.02698641   1.12433
 0.52718234  0.75866100  0.41626917   -0.05142697  0.27380943  0.11578013   0.89036
 1.25532832 -0.35194371  0.62698051    0.07270128  0.25669382  0.13737201   1.24162
 1.24687053 -1.00386526 -0.00301049   -0.07352218 -0.05875091 -0.28333759   0.94259
-0.87280001  1.38086646  0.87712886   -0.05683050 -0.28140967 -0.08719475   1.13564
-0.98824450  0.80903957 -1.23269801   -0.19338462 -0.08617231  0.21907089   1.24668
 1.10368063 -0.54490384  0.63642168   -0.28101255 -0.11432057 -0.01755867   0.70247
-0.64729789  0.74578677  0.33398799   -0.13785650  0.00130494  0.27128131   0.86092
-1.74003793  0.52741707  0.37934999   -0.01701430 -0.12371635 -0.27040184   0.91365
 0.24877221 -0.56190808 -1.70478015   -0.05711605 -0.05998770  0.29178979   1.04057
 1.58730903  0.23425909 -1.13155268    0.28287708 -0.07889974 -0.03291569   1.20187
 1.14713199 -1.47053907 -0.46035982   -0.07437829 -0.08363994  0.28209108   1.05511
-1.28379291  1.20147629  0.59817000   -0.25592102 -0.14838317  0.07126296   1.20747
 1.12556718 -0.15245650  0.79886010   -0.00710620  0.19631967  0.22943044   0.86868
 0.35781371  0.86397983  1.74471040    0.18148670  0.23306336  0.03621697   1.01308
-0.43489485  0.43043490  1.49288828    0.06172622  0.24585963  0.16128440   1.11400
 1.01817366 -1.52194609 -0.37105309    0.03742159 -0.29460050  0.04098814   0.90866
-0.49018776  1.61236252 -0.65545555    0.08873932  0.15423526 -0.23725162   0.91465
-0.37931715 -1.34386141  1.07472627    0.11992462 -0.11204398 -0.24638016   0.76075
-0.63531372  0.89832210 -1.15515288    0.04072504 -0.29562791 -0.02144779   0.84502
 1.19326922  1.04214067 -0.91328298   -0.18975901  0.20806155 -0.10845880   1.13683
 0.56289669  0.96834146 -0.42256230    0.10218838 -0.08395805 -0.26496176   1.27267
-0.15982073 -0.68854831 -1.78092162   -0.24380527  0.16338706  0.07990484   0.96104
 1.12977358  0.97119863  0.84374999   -0.03409976 -0.11428211  0.27840443   1.27230
-1.51349642 -0.01795861  0.13254145   -0.26417522  0.14988658 -0.00323320   0.94834
-0.06057009 -1.89665298 -0.07087643    0.17863553  0.14361816  0.19202463   0.79509
 1.17387851  0.31740648 -0.77536966    0.28404644  0.01138186  0.08435955   0.90183
 0.24557058 -0.41158424  1.81564570   -0.02301630  0.29827450 -0.02337973   0.70455
 0.38381539  0.65853208  0.20295773   -0.09959031  0.19809339  0.20679002   0.73754
-1.27583596 -0.02881500  0.80608977    0.29234876  0.03709738  0.02662733   1.18996
-1.80091180  0.29469263  0.37980577   -0.28790298  0.01560777 -0.09417744   1.18724
-0.89891958 -0.86036879 -1.19112186   -0.10389799  0.27669165 -0.05678821   1.29484
-0.60589765  0.25549157  0.16978122   -0.15564608 -0.25503869  0.04823000   0.77423
 0.29353983  0.98167874  1.10395651    0.18850257  0.00966111  0.23218861   1.24650
 1.22206376 -1.17308252 -0.49413807   -0.02736631 -0.28250859  0.10094659   1.17745
 1.52212666  0.21694881  0.97246626    0.22479102 -0.16301493 -0.10185113   0.89644
 0.41110624 -1.33502004  1.38903669    0.12671864 -0.20615777  0.17673961   1.27667
 1.15861310 -0.83402450 -1.13084662   -0.21599154  0.00673411  0.21515624   0.92522
 0.79274066  0.87669528  0.23542956    0.10016890  0.17884303  0.21959427   1.16078
-0.71372973  1.41832233  0.43551906   -0.21913008  0.20278118  0.05509966   1.27525
 0.76309866 -0.77185424 -0.66188993    0.02057936  0.04520824 -0.29290462   1.07703
-0.67589431  0.87718298 -0.90849502    0.20491495 -0.21442673  0.01760561   0.97834
 0.83886456  1.35537687 -1.08465599   -0.28584739 -0.07229848  0.07711004   0.77950
-1.51154146  1.11864397  0.20961288    0.21680518  0.18640096 -0.07693021   1.11710
 1.30541168  1.07448176  0.93322295   -0.04884534 -0.25495846  0.15436033   1.23964
-1.21563166 -0.27900315 -1.22852959    0.25055352  0.12937012  0.09355441   0.90242
-1.50428224 -0.24256308 -1.06432098   -0.18193790  0.24128584 -0.01306270   0.81008
-0.84814268  0.35466604  0.96651141    0.23065095 -0.16334737 -0.08729907   1.00166
 0.09144990 -1.79833814 -0.59699533   -0.19944308  0.14953019  0.17461903   1.15224
-0.32358503  1.49676699  0.04926438    0.14243781 -0.01340461  0.26389329   1.20633
 1.06322280  0.61123996 -1.58204933    0.07766184 -0.03744337  0.28874253   0.75328
 0.54942786  1.09839528  1.30585240    0.22800038 -0.17412181 -0.07280204   1.28336
 0.47381690  0.33536902 -0.42176375    0.18504207 -0.05939081  0.22754869   0.90933
-0.81887747 -1.29477541  1.26204440   -0.23604050 -0.14219771 -0.12433397   1.04679
 0.65383884 -1.07106189  0.40499259   -0.06435297 -0.19048275  0.22650148   1.15401
-0.72943386 -1.08708550  0.66956252    0.15616620  0.22886018 -0.10620536   0.87800
 0.25088163  1.17828219  0.77924196   -0.10688766  0.11966406  0.25789625   1.00188
 1.89933325 -0.20692442  0.60401859   -0.22877922 -0.19875729 -0.00943454   0.93227
-1.78458348  0.16477786 -0.67559888   -0.15404811 -0.08752445 -0.24221253   1.17691
-0.45963713 -1.44110409  0.65804857   -0.21602829  0.18246118  0.11172979   1.25603
 0.96518129  0.78235861 -0.34963288    0.28471862 -0.06520414  0.04924413   0.77572
 1.31093720 -0.17976343 -0.05880044    0.03318636  0.14741033  0.26117801   0.88431
 0.20713592  0.13886038 -1.78126638   -0.17436046 -0.16968903 -0.17715235   1.09113
 1.23588764  1.16055947 -0.62113381   -0.22050347  0.12668727 -0.16241718   1.23300
-1.17961915  0.78945860 -1.01288490   -0.23570633  0.14744306 -0.11880414   1.13693
-0.91067035 -0.65049499  1.56150611   -0.04019483  0.29632432  0.03261318   0.98308
-1.39780749 -0.00322819 -1.04433306   -0.23056918 -0.19444917  0.03474786   1.10202
-0.83842136 -1.07214493 -1.37288855    0.05407272 -0.24858659 -0.15485212   1.11818
 0.58567958 -0.56160514  1.78742885    0.19092227 -0.21959497 -0.05774239   1.07391
 0.96331508 -0.90839913 -0.34094156   -0.12252332 -0.27451461 -0.02368212   0.73568
-0.32186201  1.07464205  1.06604043   -0.07076621  0.25568733 -0.13954164   1.24632
 1.62338796 -0.33017746 -0.16844214   -0.08128717  0.20531992 -0.20213390   1.04815
 0.67849198  0.49368683  1.19725940    0.20561446  0.00847665 -0.21146775   0.72157
-0.38158197 -1.04949421 -1.06486211    0.07719737 -0.28264046  0.06151091   1.25072
 0.58654029 -1.78138360  0.26760700    0.22728067 -0.12603946  0.14562834   1.23492
 1.93653726 -0.49697138 -0.25835504    0.06472428  0.27022269  0.11305281   0.81701
 0.88517484 -0.52546832 -0.76721710    0.16724316  0.23398537  0.07870897   1.10934
-1.30226121 -0.37765791  0.43928378    0.18256288  0.17140377 -0.15760031   0.90313
-1.11640131  1.31999518 -0.37519702   -0.23477383 -0.19164325 -0.01138329   0.99859
-0.70485084 -0.17618276 -1.38357100    0.14989012  0.04824511  0.25534566   0.97463
-0.66540810 -0.99506906  1.43973892    0.03685914  0.02549058  0.29867110   0.79122
 1.30141945 -0.95520151 -1.16252380    0.03869927  0.08382681  0.28742214   1.08483
 0.03563894 -1.52111264 -0.57865127    0.23297434  0.02915107  0.18376095   0.98849
 0.90403150 -1.16903898 -0.09692504   -0.25108632  0.07774213  0.15456330   1.19467
-0.85766686 -0.83050118 -1.29963369   -0.25785438  0.12942450  0.09745439   1.11272
-0.74763914  0.53545790 -0.38685761    0.24949257  0.12985011  0.09581022   1.25645
 1.51067757 -0.25980400  1.19146710   -0.27414904  0.12796709 -0.02642692   0.75595
 0.98630354  0.75916444  0.38264805    0.02853435  0.29697614 -0.02408517   0.78786
-1.26371716 -1.09455914  0.10180325    0.24032797 -0.17356511  0.00240559   1.04159
 1.38770469  0.05343128  0.84252633    0.16667205 -0.23975318  0.05978218   1.23655
 0.09363353 -1.75528740  0.95873930    0.29047332 -0.05249996  0.02018685   1.00144
 1.28762766 -0.78454773 -0.91926154    0.26253498  0.13516794  0.02460561   0.93574
 0.96721126  1.29976262 -0.35954561    0.02421078 -0.09545073 -0.28035968   0.80382
-1.09178814  1.04127793 -0.73799537   -0.24146009  0.18182733 -0.02430615   0.72415
 0.89662037  0.67257166 -0.79818201    0.18108730  0.14438264 -0.18380436   0.72883
 0.28708251  1.75407716  0.89934025    0.25653176  0.14645731 -0.01912124   0.99951
 1.13784119  0.47849181  0.64947115   -0.17043695 -0.07317004 -0.23628307   1.07589
 0.55315297  0.20682327 -1.82395760    0.14871719 -0.14367589 -0.21168327   1.00795
-0.08891764 -0.71196816  1.22314385   -0.12037368  0.04848604 -0.26976743   1.15188
 1.16579734  1.04726550  0.65679151   -0.06996794 -0.06126641  0.28887760   0.97150
-0.60806827  1.17214828 -0.36702561    0.11944866  0.10413465  0.25524155   1.17778
 0.22597552  1.51280154  1.23261412    0.16791476  0.15294248  0.19475981   0.95856
-0.26005576  0.75836966 -1.72832523   -0.24409163  0.16402393  0.07763482   0.85001
 1.81384805 -0.31499601 -0.66260619    0.19974395  0.21653923 -0.03531658   0.84870
 1.42937377 -0.73839030  0.95781007   -0.06771591  0.01431540  0.29550228   0.79001
-1.22444241 -0.31602193  1.49702983   -0.10688000  0.15634644  0.23723006   1.24027
 0.11912744  0.66395171  0.75731964    0.12962160  0.05221599 -0.26066462   0.98165
 1.08488966 -1.43174912 -0.17989870    0.06709541 -0.07035122 -0.28012944   1.01637
-0.57008391  1.11384947  1.47496173   -0.27597296 -0.07316928 -0.10171130   1.06487
 0.66800405 -1.71753015  0.54615976   -0.01437266  0.29629651 -0.04320363   0.75875
 0.41874452 -1.44050869  1.05273355   -0.11583102  0.17654466 -0.21280181   1.03618
-0.08809858  0.80988583 -1.39328645   -0.29419092  0.06063728 -0.04564490   1.11030
 0.16468914 -0.87270128  1.37665647   -0.24371320 -0.02668880  0.18151924   0.73080
 0.83998552 -0.31925240  1.75668466    0.26513727  0.07240202 -0.10746595   1.20705
-0.16645174  1.82121213 -0.34224378   -0.06616540 -0.06394615 -0.28390700   0.83439
 0.34665145 -0.73676287 -1.55602461    0.24992989 -0.02110038  0.16036040   1.03511
-0.09326430  0.91217407 -1.70093011    0.18512803  0.22180242 -0.06727601   0.78599
 0.10995602  1.75376249  0.40106435   -0.14339661 -0.26585953  0.00322077   0.84310
-0.62933775  1.60551223 -0.34462393   -0.00141809  0.29848932 -0.02715408   0.83506
 1.43274409 -0.02437975 -0.20642446   -0.12751611  0.26151311  0.08286232   1.08443
-0.12800592  0.19299333  0.60168690   -0.14911957 -0.02945703  0.26373350   0.81957
 1.19572525  1.48044559 -0.44582237    0.12546875 -0.08929100  0.25789941   0.92124
 0.84484681 -0.28433290 -1.74521682   -0.06411030 -0.19805413 -0.21466920   1.15197
-0.09101503 -1.34154470  1.01672074    0.05765064  0.01391554  0.29580213   0.89266
 0.22212595 -0.65956282 -1.19520533   -0.07190903 -0.27835637 -0.08663531   0.74762
-0.72368960 -1.58417604  0.64429339    0.21345517  0.10835725  0.17812770   0.79619
 0.77745117  0.82124340  1.51994467   -0.16502598 -0.25326668  0.01007235   1.19695
 0.75823586  0.53441065  1.76781562    0.26017775  0.13242246  0.05232557   0.89976
-0.55401255 -1.63644898 -0.87458625    0.04425639  0.27573285  0.11030812   1.05493
 0.18007102  1.80495889 -0.22567016    0.27175516 -0.07965684 -0.08345654   1.07841
 1.41616951 -1.14761569  0.50336665   -0.04624057 -0.29590953  0.02896018   1.21995
 1.67646050  0.32727902 -0.34195460   -0.23609249  0.00369362  0.19312537   0.92205
 0.92896516  0.12195497  1.76457614   -0.04770621 -0.26047241 -0.13980901   1.21304
-0.65266804  1.45426524 -1.06543426    0.27221227 -0.04104995  0.11131043   1.00703
-1.81228874  0.11185807  0.57674461    0.26261441 -0.07103088 -0.11431406   1.16608
-0.32888808  1.36095968 -1.02528008   -0.25848036  0.12017374  0.10742931   1.19041
 1.44731792  0.20797967 -1.08267134    0.21393729  0.06950583 -0.19104874   1.09231
-0.32607367 -0.78664069  0.95153918    0.16508455  0.12315563 -0.21212120   0.87579
 1.11515468  0.98899083 -1.15046145   -0.15189180 -0.25973482  0.03063534   1.12065
-0.04688958 -0.88532250 -1.42409473   -0.23471244  0.11080171  0.15966651   0.87296
 0.84717806  1.68195261 -0.18100488   -0.07272997 -0.23757499 -0.16736488   0.86397
-1.86699500  0.00147243 -0.05010833   -0.14039675 -0.17378149 -0.20061833   0.78521
 0.26072004 -0.90943726 -1.13877158   -0.08963665  0.22169987 -0.18061442   0.75662
 0.73724662  1.52077646 -0.27107812    0.05058052  0.15074959 -0.25085981   0.75568
-0.39305653 -0.48183932 -0.31766749   -0.17252909 -0.19658177  0.15455756   0.77883
-0.39625074  1.45319802 -0.82455242   -0.12955484  0.07000507  0.26610648   1.09922
 1.25165788 -0.38167524  1.50694814    0.22943138  0.09617801  0.16411008   0.79617
-0.47220598  1.64139372 -0.38131840    0.04009873  0.23763155  0.18022689   0.93946
 1.20615352 -0.77752858 -0.63898925    0.26630651  0.08825878  0.09715742   1.02797
-0.75470878 -1.66428908 -0.64386760   -0.25009491 -0.16847754 -0.03264245   1.04761
 0.50135787  0.31570872  1.51341397    0.04812066  0.24174049  0.17231542   0.73043
-1.33832483  0.44296915 -0.96341353   -0.00570260  0.27371547  0.12537394   0.86238
-0.79247477 -0.28133080 -1.12370597   -0.04556536  0.23162357 -0.18352154   0.94687
-0.66169711  0.87575058 -1.08200286    0.26033782 -0.10391366 -0.09294254   1.16700
-0.59174271  0.55393017 -1.19247484    0.23969527  0.10018554 -0.14017336   1.23218
 1.06619335 -0.63712084  0.88981633    0.10606667  0.03999358  0.27866152   0.93009
-1.29684023  1.16823664 -0.32908690    0.14492339  0.13870654 -0.21753395   1.02104
-0.21898504  1.01991116 -1.04141893    0.25693574  0.04778798  0.14200894   1.24353
 0.33154005 -0.47467716  1.33439349   -0.26967212 -0.13906703  0.01943887   0.73262
 0.77796735 -0.63838944  0.85561233    0.13813188 -0.11389012 -0.23555231   1.27453
-1.50102474  0.61441413 -0.35406914    0.25227099 -0.13324692 -0.07726742   0.78469
-1.02059726 -0.74256308  0.26693780    0.06284318 -0.13354264 -0.25748456   1.17764
-1.27476546  0.62463607  1.16075323   -0.02126170 -0.11215459  0.28035562   1.14894
-1.20063643 -0.46234386  0.76241159   -0.04794516  0.00609227 -0.29414134   0.89641
-1.09936517  0.93802669  0.91337273   -0.03693472 -0.22839012  0.19440931   1.16539
 1.89414018 -0.11538606 -0.51051224    0.27552483 -0.09937357  0.04484096   0.79628
-1.21672547  1.07924404  1.06757713    0.07119972 -0.26379175  0.12390088   0.96991
 1.01144974  0.87881341  1.47341240    0.28729039  0.06975815  0.01048286   1.27675
 0.62846048 -0.52097442  1.73309210    0.26012743 -0.00143156  0.14416210   0.89627
 1.03929106  0.16286443 -1.07565646   -0.23595377 -0.17036032 -0.08314428   0.82035
-1.18535217 -1.06620168  1.01695970   -0.19746527 -0.16993858 -0.15179631   0.77229
 1.19461904  1.11395398 -1.14292608   -0.14331542  0.13545876  0.23140086   1.16166
-0.82232244  0.70059896  1.65298120    0.22756289  0.18001729 -0.05896577   0.97087
 0.38835431  0.85734890  0.28640462   -0.01225189  0.29881006 -0.02270985   0.70814
-0.12656319  1.68900218 -0.67673084   -0.19450083  0.22752581 -0.04296854   1.01399
 1.15534245 -0.40478467 -1.02663741   -0.06787827 -0.24934705 -0.15166129   0.89944
-0.69967698  0.89430266 -0.64554700   -0.20524127 -0.21608138  0.05710327   1.10300
 0.21743832  0.31193731 -1.87308695    0.26982887  0.08986404  0.08466978   1.16959
-0.72810730 -1.39522840 -0.67840268    0.27790558 -0.04149149 -0.09010136   0.73277
-1.32015904 -0.57317788 -0.27634890   -0.21766007 -0.18752332  0.09931592   1.17781
-1.77897746 -0.00372386 -0.73482456    0.28162177  0.04424164  0.08164771   1.10535
 1.92352917 -0.18766643 -0.32484371   -0.24687882  0.04871481 -0.16714381   0.84478
 0.65375465  0.90815444 -0.46164320   -0.21913817 -0.13835954 -0.15466930   1.03879
 0.61584126  1.27296640 -0.89349567   -0.13081097  0.13227500 -0.23511075   1.14348
-1.40510706 -1.11406838  0.12529818   -0.07994148  0.23335314  0.17532642   1.04111
-1.51376033  1.19878656  0.28737870   -0.08116926 -0.07654820 -0.27710894   1.16797
-0.51600454  0.36893489  0.82548464    0.12308901  0.17050663  0.21397924   1.16910
 1.54992357 -0.45408576  0.12940542    0.00632058  0.08409620 -0.28515339   1.07697
 0.68018515  1.56550607 -0.50424082    0.17337967  0.23572991  0.05578303   1.29746
-0.99362189 -0.56518567 -1.15234031    0.19106314  0.09885579  0.20762193   0.75902
-1.03654784  0.74907319 -0.66687511   -0.05528361  0.28482873 -0.07658291   1.16256
 0.66779223 -0.00197590 -1.03918975   -0.12743627  0.22793643 -0.14869354   0.93158
 1.82544550  0.60054739 -0.02744158   -0.24724682  0.04832260  0.17195992   1.28023
-1.18474772 -0.86866675  0.61302210   -0.28231488  0.02586867 -0.10729583   1.01567
-1.72918783 -0.65276911 -0.62629156   -0.11059760 -0.19425726 -0.19983773   1.10011
 0.34757608 -1.16449979 -1.50069677   -0.06257195 -0.20024607  0.21830252   0.88953
 1.90474490 -0.15032490  0.56749450    0.11221716 -0.01643361  0.27854333   1.06226
 0.75226198 -0.17021016 -0.88137297    0.23177444  0.02864801  0.18540204   0.73041
-0.09091001  1.77339555  0.16064629    0.27699105  0.10199457  0.02325749   1.02620
 0.36081722 -0.80950243 -1.27270804    0.29102829  0.00463485 -0.04948264   1.21871
-0.81170012  0.64848622 -0.60697582   -0.26860341 -0.14139799 -0.01135806   0.80877
-0.62929648  0.76723497 -1.64877803   -0.12837620  0.11163887 -0.24669875   0.81314
-1.41156864  0.23103284  1.06429581    0.06048498  0.19331939 -0.21741795   1.04191
-1.70047644  0.67214286  0.01083321    0.17845078  0.23680823 -0.01949047   1.20643
 1.55628531 -1.10980598 -0.62357136   -0.28453672 -0.10166189  0.03694325   0.90144
-1.54970881 -0.91979489 -0.56888657    0.00456806 -0.26195376 -0.14335818   1.23451
 0.18409835 -0.01085577 -1.18568799   -0.19729013 -0.02500027 -0.22577080   1.25545
 1.46505290  0.65509220  0.48945971    0.07718051 -0.27302267  0.09650564   0.70863
-1.11594184 -1.39853838  0.54921875    0.11951455 -0.01159665 -0.27036237   1.19856
 0.33575121  1.42662672  0.48115718    0.07379569 -0.26478237  0.12003537   1.02773
 1.04042765  0.16550665 -1.16719365   -0.15744728 -0.12265831  0.22961339   0.75162
 1.09850587 -1.38925359  0.62321923   -0.03705487  0.22806083 -0.18951333   0.72366
 0.31564026 -0.65814332 -1.00840165    0.17473315  0.09152177 -0.21996183   1.26853
 0.38181663  0.62771751 -1.77906051    0.10815005  0.25804445 -0.10103242   0.72162
-0.98030625  0.53447137 -1.55968312    0.18275679  0.13065433  0.19731107   1.27966
 1.27646221  0.97718721  0.49407848   -0.28898002 -0.07750502  0.05735440   1.24346
 0.87373415 -0.99283835  1.07243108    0.25597716  0.01437093 -0.14573847   1.29159
-0.10779487  1.34738467  0.29594295   -0.00785756  0.29902193 -0.02114593   0.92235
 1.18846362 -0.86120262  1.26370288    0.03538012 -0.28421996 -0.08483253   1.16550
 1.30714969 -0.10321024  0.51025209   -0.24049993 -0.00658887  0.18755492   0.92612
-0.75874494  0.69091515 -1.17945220   -0.05783436  0.18476981 -0.22759492   1.22469
 1.82549464  0.24452442 -0.82551215   -0.12721617 -0.18823650  0.20131931   0.81250
-0.20458188  1.22575814 -1.47733330    0.28295285 -0.08458061  0.01965569   0.99812
-0.92949584  1.47787559 -0.63446334    0.01966979 -0.10824598  0.28137664   1.11021
 0.82959524 -1.19569098  0.26543697   -0.11782218 -0.27728163  0.01853863   1.01699
-1.72809205  0.17962501  0.89856874   -0.22485468 -0.15661178 -0.12725799   1.01015
-0.63121884  0.40919870 -0.10618444    0.20310861 -0.18373654  0.11749053   1.19634
 0.10291831 -1.82199052  0.53648667    0.09892748  0.19358570 -0.20194975   0.86630
 1.49639245 -0.18833938  0.72683526    0.13048459  0.07552268  0.25972695   0.88052
 0.88477463 -0.37360499  1.28224083    0.01259342 -0.27120184 -0.12454560   0.82188
 1.19614419  0.61361492  0.10250174   -0.16527490  0.16345156 -0.19075064   0.76471
 1.45317926 -0.58576844  0.76919610   -0.19747149 -0.18829646  0.13401037   0.92095
-1.52179227 -0.14284939 -0.97127170   -0.02174764 -0.19539013 -0.22438019   1.16529
-1.01190729  0.06230153  0.72945458    0.22352408 -0.17182713 -0.08980705   0.70375
-0.38720343  0.42896140 -0.29175027   -0.06503782 -0.28423439 -0.07181436   1.15715
-1.67014842 -1.05249500  0.09179776    0.11458935  0.07591048  0.26734594   0.75015
 0.03402232  1.17345130 -1.53512694   -0.18730962 -0.05541140 -0.22861375   0.96801
-1.05646744  0.51853200 -1.59020106    0.28462537 -0.06434701  0.05098028   1.02730
-1.59122588  0.53482087  0.86118815    0.00812710 -0.07672735  0.29237195   0.85634
 0.32216396  1.09126501  0.85105023    0.02630062  0.26547987  0.13889143   0.87763
 1.09244850 -0.29705560  1.43011866    0.11123927 -0.01211687  0.27917717   0.71906
 0.85906220 -1.06686636  0.00537279   -0.08500503 -0.02853128 -0.28493633   0.87436
-1.13221444 -0.63817776  1.26100460    0.15732400  0.06837748  0.24587496   1.16962
 0.73976418  1.74760928  0.08442782    0.00874478 -0.26226283  0.14771552   1.12350
 0.48621137 -1.06283986 -0.93059365   -0.14884329  0.22251096  0.14265630   1.26501
-0.54084569 -0.06849208 -1.32126127    0.09174402  0.28336487 -0.01874911   1.24974
 0.27026125 -1.14207219  0.72807849   -0.02225354  0.29911621 -0.01155302   0.94870
 1.40405487  0.08860292 -0.65247040   -0.06570834 -0.17835416 -0.23069504   1.15161
-1.21064899 -0.04153956  1.01682280   -0.00066038  0.08057613  0.29156373   0.73688
-1.27434667 -0.45188104 -1.07424364   -0.08034933 -0.10188621 -0.26913920   1.03273
 0.49132001 -1.28268678  1.08761251   -0.27831971  0.02457917 -0.11717787   1.23567
 0.84446857 -0.96118530  1.25419331   -0.29782037 -0.05605191  0.03001577   1.25701
 1.15195019 -0.37408684  0.90401784    0.13114444 -0.06577505  0.26205632   0.84338
 0.05102869 -1.02321566  0.35308888    0.24114910 -0.14539675  0.09525043   1.02875
-0.09824410 -0.28075444  1.66773749   -0.14101818  0.09426374 -0.24726587   0.92595
-0.28262195  0.81237346 -0.44985749   -0.08222719  0.15162360 -0.24425503   0.72030
 1.46395866 -1.21939270 -0.25381143   -0.23813842 -0.17246400 -0.07233119   1.25490
 0.36594727  0.92530195  0.07264049   -0.17033179 -0.12405286  0.21957989   0.96088
-1.26853274  1.11404521 -0.88063806    0.19085830  0.22557997  0.03407961   1.13617
-0.49207922 -1.50789863 -0.58438493    0.02361402 -0.18856056  0.23427714   1.22072
-0.75824729  1.02991350  0.14748594   -0.16653294  0.19041020  0.16827610   1.07780
 1.28115352  1.43529734  0.60467345    0.22358076 -0.00610528  0.19754670   0.99199
 0.39224681  0.31427355  1.30292163    0.10514459  0.20826502 -0.18346091   0.95156
-1.56349129  0.87514057  0.69319084    0.22177571  0.10468553 -0.16439597   1.01437
-1.36014467  0.45872714 -1.10382064    0.09768295 -0.14999985  0.24154718   1.25042
 0.60907369 -1.15853869 -1.47396565    0.25122067  0.04970000 -0.14637567   0.75579
-0.20444386 -1.33333074 -1.13712618    0.00268835 -0.05990667 -0.29126072   1.10267
-0.68995058  1.19973659 -0.74218954   -0.21446811  0.21297305  0.02492213   1.14323
 0.47014012 -0.90781065 -0.68552821    0.07685352 -0.28880165  0.00059129   0.75476
 1.34122061  1.43296377  0.42650308    0.01597683  0.27404420  0.12293611   1.23626
 1.59696714  0.62871014  0.31459081   -0.21046280  0.21657871  0.02742628   0.76823
 1.28971435 -1.25922355 -0.27907078    0.05775957 -0.29111528  0.04003048   0.95939
 0.62766815  0.82146066 -1.60001798    0.26039154  0.14103704  0.00122082   1.04592
-0.77126510  0.36798363  1.21336754    0.17804647  0.11961546  0.20855269   1.10528
 0.35396682 -0.71090609  1.21285972    0.27257038  0.11481699 -0.00805176   0.99670
-0.32504228  1.45487864  1.19787720    0.06664387  0.20205544  0.21267114   0.92045
 0.32089878  0.19211994  0.16066013    0.08809246 -0.04710766  0.28409663   1.27584
-1.54628556  0.98173973 -0.15124024    0.02319928 -0.24701087  0.17064138   1.03677
 1.77436381  0.16766152 -0.75684776   -0.02096536  0.29912120 -0.01294592   0.76801
-1.76041060 -0.00315201 -0.28992523   -0.09105256  0.26895813  0.10331579   0.89342
 0.17534423  1.90346562 -0.03656221   -0.24619675 -0.04326198 -0.16958474   0.85752
 1.11009901 -1.11678853 -0.26909081    0.13422192 -0.13052919  0.23446982   1.06287
 1.02054638  1.42857565  0.16952665   -0.18555902  0.23011902 -0.06227836   0.76529
-0.42729560 -1.56893913  0.82845549   -0.00457475  0.29336636 -0.06005160   0.94949
-1.45249410 -0.55845757  0.01705182   -0.26323094 -0.06110243 -0.13617561   1.02276
-1.20751123  0.08449008 -1.48663169    0.09152726 -0.27856397 -0.05406864   0.86970
 1.29324211  0.52881869  1.22775689    0.04748488 -0.13714241  0.26435281   0.96658
 0.85502369 -1.08343512 -0.12131874   -0.04047701 -0.26203735 -0.13895181   0.94239
 1.51551127 -0.14653129  1.20055877   -0.17135457 -0.24847478  0.02227077   0.79916
 1.17661997 -0.70882817  0.82349411    0.28316775 -0.03172821 -0.07683542   1.08324
 0.62747992 -0.63334682 -1.32855027    0.18345999 -0.15923555 -0.16875057   0.79165
-1.85303383 -0.40584908  0.22518524    0.04621477  0.20428464  0.21639557   1.06828
-0.69695852 -1.73349988 -0.37190301   -0.30261808  0.02570978  0.02237311   0.78397
-0.54241068 -1.13388827  0.44595795   -0.08983861  0.08170106  0.27833020   1.24104
-0.42642931  1.63368152 -0.70890427    0.13142569 -0.14912528 -0.21947457   1.29802
-0.79551343  0.58619731 -0.30618716    0.10564169  0.10854300  0.25973592   1.24083
 0.57901412  1.55178361 -0.16595847    0.28421647  0.06625801  0.05079991   1.18308
-1.54308413 -0.28460413  0.25662408   -0.14530275  0.26295815  0.03399720   1.29862
-0.58163077 -0.16893922  1.45382317    0.29136983  0.01353649  0.05109485   1.07176
-1.52709798 -0.54850214 -0.13336660    0.00088312  0.07308888  0.29352439   0.91343
 0.37402114 -0.02869338 -0.99910079    0.10023609 -0.18857384  0.21118622   0.86823
 1.18569700  0.69429852  1.39378671    0.14296124  0.20119396  0.16936755   0.93851
-0.52794655  1.10219838 -0.28194401   -0.28377256 -0.10920995 -0.00120039   0.75569
-1.02317905  0.93292230 -0.21895848   -0.29638645  0.04914581 -0.04548414   1.24494
 1.58430413 -0.53784957  0.63189922    0.11632368  0.27453968  0.00975188   1.05449
 0.67664528  0.57576655  0.08753039   -0.00669032 -0.20215875  0.22427423   1.16094
-0.30605524 -0.31888362 -1.57224421   -0.12743867  0.15815344  0.22586049   1.14461
-1.12829545  1.62101249  0.13927474   -0.01246569  0.10712730 -0.27748295   1.16049
 1.73481604 -1.01309745 -0.11070658   -0.25379769  0.16332139 -0.03070650   0.94950
-0.15014764 -1.64189277  0.74741459    0.00462931  0.09318994 -0.28239641   0.88858
 0.23630940 -0.71935607  0.37381051    0.10393138  0.16682615 -0.22195820   1.00689
 1.08874225 -0.58421577 -0.98034261    0.15734369  0.25162108 -0.02031045   1.14754
-0.81051391 -0.30000061 -0.11045493    0.07689954  0.24357255  0.15772523   1.12821
-0.55643437  1.70577686  0.29098244    0.01852575 -0.22320695 -0.19653535   0.94469
 1.63811440 -0.84162798  0.29758810    0.26960834  0.08587778 -0.08430135   0.72356
 1.02280005  0.66656065  1.44909131    0.07730666 -0.14334223  0.25318506   0.85567
-0.03654071  1.70626383  0.99709535   -0.09729488  0.23471322  0.16469162   1.05873
-1.03318243  0.30288184 -0.94916706    0.15272783 -0.21197309 -0.14018542   0.94042
 0.31200843  0.21469254 -1.64545927    0.13127810  0.23361056  0.13306329   0.90722
 0.44289715 -1.17238191  1.08786599   -0.18673743  0.23818064  0.00531436   1.28163
 1.63179080  0.97743899 -0.60261244   -0.03220451 -0.08554770  0.28881423   0.76007
 0.98663552  0.55556978  0.15401951   -0.05362313 -0.12770448 -0.26434966   1.11442
-1.28336421  1.05537419 -0.73478042    0.06015217  0.12019839 -0.26456381   1.17331
-0.31636627  0.26659483 -1.81774038   -0.28812016 -0.08569343  0.04897243   0.84851
 0.04123228  1.76906106  0.21829944    0.17107467 -0.19242557  0.15159542   0.96351
 1.08878517 -0.49746266 -1.23386770   -0.04072042  0.12664804 -0.26689451   1.29454
-0.29105007 -1.27463563 -0.41763081    0.12123369 -0.20590999 -0.17579266   1.18713
 0.99058704  0.16311633 -0.83363975    0.26350700  0.01892935  0.13632900   0.77659
-1.04392281  1.23228179  0.71833735   -0.03409021 -0.24726052  0.16990825   1.01819
 1.51897644  0.81604455 -0.29718059   -0.08765103  0.27551682  0.08715779   1.09449
 0.23363086  1.39308139 -0.13124728   -0.13019436  0.24468119 -0.11694037   0.76698
-1.09832501  0.49251458  0.96736857   -0.06927839  0.01021303 -0.29010158   0.80471
-0.39340701 -1.57085845  0.03453319   -0.03366671  0.06425288  0.29418295   1.14031
 0.88022959 -0.08258131  0.02546425   -0.09595423 -0.23831249 -0.15495389   0.73948
 0.13381819  1.67765664 -0.23152530   -0.13084124  0.20791336  0.17803594   0.76753
-0.79104805  1.14835075  1.27353795   -0.29685196 -0.00583468 -0.06390109   1.16017
 1.60602793  0.67101677 -0.92140594    0.14752788  0.24822656 -0.07019215   0.92129
 1.81991318 -0.60964367  0.00165104   -0.09172561  0.21542161  0.19223889   0.95934
 1.42913662 -0.51840855 -1.20725102   -0.22372888 -0.20311859  0.02778960   1.17256
-1.47778941 -0.48242053  1.18489388   -0.02566180 -0.29849333  0.02401244   1.08299
-0.94800562  0.51757179  0.44362178    0.12325819  0.23858680  0.13214646   1.00365
-0.82472868  1.28483130  0.72118354   -0.15251158  0.15470213 -0.20742898   0.87277
 0.12416920  0.27233600  1.37825417    0.17160301 -0.15866661  0.18662853   1.14494
 0.15868247 -1.86084429 -0.12813195    0.27551249  0.05181000  0.09735762   0.71110
 0.83448749  0.14052464  0.04121333    0.15279802 -0.03134639  0.25621820   1.15341
 0.28743946  1.17264668  1.39487042    0.16807196 -0.24547428 -0.00075023   0.84695
 1.12236766 -0.89417240 -1.01978351    0.22383953 -0.15780332 -0.11149101   1.24417
 1.29327030  0.13665042  0.93550263   -0.09767942  0.09212092 -0.26720972   0.75352
 0.73809231  0.29404363  1.73515512    0.28287113  0.01665354 -0.08230094   0.88389
-0.85286778  0.35159421  1.71495415    0.07584185  0.23529438  0.17052688   0.72256
-0.99355568  0.36280687  1.47668833    0.05435797  0.23337450 -0.17649196   1.27494
 1.52429917  0.46082309  0.55622798    0.08162447 -0.00364372 -0.28477054   0.84205
-0.67358466 -0.98790070 -1.49776623   -0.21515691  0.13384555  0.16890725   1.21335
 1.51947041  0.24331871  0.53789122    0.05986987  0.27667850 -0.09388800   0.78939
-0.08843723 -1.82442515 -0.45798746    0.24927919  0.07142899  0.14598312   0.83774
 0.15608729  0.61873105 -1.41147208   -0.17944560  0.06200388 -0.23297872   0.73532
 0.78870519 -1.31673380 -1.23209592    0.28414500 -0.05931206 -0.05429742   0.82955
-0.93693902 -0.07497592 -0.04852585   -0.03512674  0.15553836  0.25728663   0.93927
-1.73461186 -0.22333157  0.57424425   -0.01958633  0.24187761 -0.17417971   0.75787
-0.61236675 -0.42102091  1.82743606   -0.10218673 -0.24859083  0.13915631   0.99911
 1.24934912 -0.93824373 -0.02447807    0.26296081  0.00550736  0.13863033   0.81504
 0.02695260  0.81980766 -1.54684204    0.07348709  0.01178935 -0.28686331   0.76763
-0.94499541 -1.62630728  0.33981625    0.02297926  0.19687813  0.22730309   1.01124
-1.03002465 -0.27177268  1.37473300   -0.21690533 -0.18269811  0.10966031   0.78211
-0.36761187 -1.82312198  0.43459008    0.04228771 -0.10966820 -0.27270030   1.17338
 0.23867266 -1.82824778 -0.40498722   -0.16351584 -0.11394854  0.22997843   0.94718
 0.89756925 -0.65131385  1.62778562   -0.11374860  0.05565547 -0.27113382   1.28541
-1.58785804  0.19936520  1.02291717    0.03006891 -0.29799463 -0.00205733   1.28068
 0.50272638 -1.02978660  0.10255630   -0.10199246  0.00042927 -0.28105880   0.77255
-1.25933538 -0.30595092  1.49361710    0.12527778  0.14683685 -0.22459413   1.27053
-1.24241544  1.02676586  0.71516497   -0.24463336  0.15211900  0.09817647   1.17717
-1.31599318 -1.01519044  0.19060349   -0.09348693 -0.26285947  0.11651152   0.76051
-0.28896420 -0.48877519 -1.22428177    0.19809960 -0.20733078  0.08022720   1.29951
-1.37359327  0.64010635 -0.83783722    0.15601137 -0.23775338  0.09068488   1.19544
-0.33898147 -0.54580123  1.17347081   -0.00183008 -0.29664161  0.04740782   0.88444
 0.75216504  0.37481829  0.43297451    0.23829136  0.12946436  0.12239494   0.76263
 1.41988447  0.72831683 -1.16464432    0.13132497 -0.24994507 -0.09288422   0.71559
 1.56434575  1.13456698  0.33607867    0.10274972  0.25513439  0.11847088   1.28304
-0.80190264  1.35596682  0.73396032    0.27942380 -0.00455242  0.09975757   0.78223
 0.24662323 -0.56543372 -0.40383582    0.28480354 -0.06765573 -0.03980520   0.74430
 1.25570022 -0.96211185  0.27678585   -0.16311229  0.10833085 -0.22774129   1.13598
 0.84310234 -0.71913738  1.33064387    0.15741657  0.08045839  0.24208737   1.06976
-1.10861150 -0.55501792  1.51009195    0.02011103 -0.10936471  0.28090122   1.18710
 0.10976200  0.13276137 -1.90720891   -0.28296832 -0.04084412 -0.10092111   1.23169
 0.64274294 -0.91520753  1.21100964    0.15639379  0.13275858  0.21830927   1.28778
 0.86930995  0.69725303 -1.43921119   -0.00776053  0.26460103 -0.13868838   0.79164
 0.00456207  1.15087476  1.56512235    0.02714376  0.19118689  0.23163093   1.27529
 1.41700794  0.77270263 -0.17401523    0.06657400 -0.27927217  0.08617129   0.99589
 1.01409971 -1.31309944  0.13772976   -0.04806565 -0.07616696  0.28948149   0.73582
-0.90205674 -0.77180424 -0.78379487   -0.16566510 -0.06934558 -0.24065289   1.25471
-1.69181275  0.55190452 -0.44436525   -0.29055791 -0.05045398  0.07715606   1.22856
-1.01922013 -0.65708154  0.11702129    0.10890075 -0.16962530 -0.21738619   1.01692
-0.27293045  0.23796610 -1.16460357   -0.01138123  0.29726036 -0.03710994   1.24161
 0.50823457 -0.94401486  0.73127009   -0.29020781 -0.03015283 -0.08336364   1.28161
 0.33764681  0.86172011 -1.52730687   -0.14402308 -0.23423093  0.12768317   0.71432
 0.19461489  0.64932664  1.88208390    0.15132958  0.03647500  0.25643407   0.71063
 1.26570656 -0.47646793  1.44187283   -0.19161482  0.18401820 -0.14255217   1.20938
 0.65884230 -1.71661630 -0.46528448   -0.12396641  0.25125477  0.11469412   0.90768
-0.76880753  1.47406262 -0.26393888   -0.15037498  0.06381117  0.25680166   0.74999
-0.47628371  0.49372123  0.91675098   -0.28226106  0.06218627 -0.09178443   1.27812
 1.11882088  1.24672097  0.78983751    0.20450613  0.19973688 -0.07780216   1.08236
 0.44992744  1.47190528 -0.90027258    0.17835479 -0.01622713  0.23998912   0.75993
-0.62531529  1.13859882  1.12346405    0.05538751  0.18815240  0.22849386   1.18128
 1.20896746  0.71399949  1.11573544    0.14995182  0.21658338 -0.13619273   1.25473
-0.27161753  0.07165228  1.46633931    0.02052833  0.21680242 -0.20322395   0.79236
 1.43399786 -0.31675752 -1.24749458   -0.26792955  0.04753241 -0.13258519   0.95491
-0.07922020 -0.09582879  0.87168132    0.20104966 -0.12336213 -0.17789934   0.88158
 0.06763706 -0.00275632 -1.03677914   -0.04070404 -0.14683847  0.26169694   0.76673
 0.90648367  0.25685896  1.20921169    0.13314063  0.06127736 -0.25686912   1.16335
-1.06735374  0.30539154 -0.92326704   -0.15745401 -0.15007367 -0.20726532   0.85133
-1.23246446 -0.38641966  0.24696047   -0.24938631 -0.12839308  0.11875961   0.80764
-0.13314408 -1.38032294  0.69079807   -0.29620716  0.01641362  0.07018113   1.01973
-0.68545983  0.61908638  1.65624687    0.21985523 -0.14358094  0.14085025   0.73467
 1.19468358 -0.13216829  1.52724611    0.26121642 -0.01840105  0.14089832   1.14351
 0.44384163  0.33631540 -1.74483893    0.28432624 -0.08144803 -0.00177317   1.04475
 0.15507553 -1.26907866 -1.48687010    0.12722892 -0.09623235  0.25445297   1.18883
 1.13224353 -1.23173220 -0.42051496   -0.10364093  0.27886522 -0.04609067   0.72080
 1.42056580  0.32694488 -0.91894617   -0.24448246  0.13766894 -0.11310991   1.02316
-1.37209010 -1.34883647  0.11318793    0.24775105  0.00403947 -0.15991192   0.73278
 0.29208510 -0.16313046 -0.97855182   -0.19699168  0.12908373  0.19296482   1.11913
 0.59023514 -0.12483768 -1.69594266   -0.12336456 -0.25681572  0.10209133   0.81648
-1.49833941 -0.44859201  0.77737804   -0.04734888  0.10354275  0.28087618   1.17194
-0.70284997 -0.50304954 -1.39419867    0.03078197 -0.23824558  0.18152927   0.94179
 0.80226400 -1.56228596 -0.40167101   -0.29291492  0.04767943 -0.06425005   0.93569
 0.11714659 -1.49053871 -1.23186447    0.26432815  0.11714246 -0.06119449   0.72835
-0.73814754 -0.85210571  1.37507269    0.05804053 -0.26599933  0.12653701   1.06530
-1.38814724  0.81787288 -0.24830472    0.02995914  0.18423209 -0.23163655   1.11446
 0.74229839  0.54757586  0.32221622    0.24549784  0.08929193 -0.13733779   1.27586
 0.28796239  0.52816556  1.08470271    0.23871308  0.09257911 -0.14682892   1.18897
 1.91849909  0.37245374 -0.08608827   -0.14282057 -0.06772915 -0.25477191   0.81337
-0.97222496 -1.00045683  1.16218101   -0.01109543  0.00879344 -0.29718008   0.99400
 0.37073911  1.64002872 -0.13165535    0.02435521  0.29859119  0.00555017   1.16679
 0.00955526  0.33567551 -1.65443799   -0.12399017 -0.09943182 -0.25391738   0.91844
 1.77912332 -0.36534387 -0.62520430   -0.00353671 -0.27706496 -0.11246207   0.72379
 0.73251612 -0.55085460 -0.73861836   -0.25755880 -0.05260228 -0.14948171   0.98901
 0.37468925 -0.93397766 -1.42176919    0.09878286  0.20162281 -0.19410821   0.72221
 0.78262216 -0.40178947  0.36890071    0.25865380  0.14415851  0.00798135   1.23496
 0.53776171 -1.51744274 -0.63992559    0.11415213 -0.21939356  0.16942082   0.99927
 0.37220864 -0.44654863  0.91696858   -0.21787471  0.20456740  0.05325669   0.70176
-0.36654555  0.69346941  0.86708574    0.29213026  0.04305182 -0.01250997   0.86980
-1.00999878  1.31180304  0.50206650   -0.11264135  0.25541468 -0.11155256   1.21732
-0.70802693  0.71483296 -0.27571949   -0.19739147  0.22107761  0.06477036   0.84780
 1.61055289  0.24707038  0.45322463    0.22758054  0.00365824 -0.18760113   1.01166
-0.14431164  0.83719676 -1.44125650   -0.15005001 -0.25417696  0.06727742   1.14241
 0.47784555 -0.00152376  1.77760831    0.16915473 -0.15821089  0.18932621   0.73019
 0.04097927  0.52532098  1.35482725    0.08081172  0.15677723 -0.23854649   0.71656
 1.25114878 -1.11445338 -0.99084496    0.10363214  0.16216228  0.23072159   1.15166
 1.51671049 -0.80280601 -0.85255398   -0.18610366 -0.18250796  0.15647171   0.82756
-1.19471591 -1.24528351 -0.13185967   -0.02170505  0.26930100  0.13364369   1.17264
 0.06708005  0.96221386 -0.50861817   -0.03252118  0.11151640 -0.27445612   1.23659
-0.50452457 -1.70976511  0.80140101    0.14852267 -0.00900141  0.26057071   1.05954
 1.01415101 -1.43762940  0.02540703   -0.12161033 -0.05376494 -0.26824867   0.71026
 1.23856694 -0.55438574  1.30499132   -0.06140866  0.28445295  0.07893804   0.82636
 0.27937348 -0.76366730 -1.68916414    0.17805868 -0.22402307  0.08347209   1.01431
 0.15137162 -0.24916044  1.65791608    0.11507425  0.27513086 -0.00248460   0.84481
-0.68993803 -1.58212846 -0.29190500   -0.17819939  0.23021269  0.08496071   0.73928
-0.88423826 -0.25845942 -0.27880065   -0.24080745 -0.14295195  0.11953271   1.20159
 0.26819938 -0.77521485  1.80569819   -0.19949643 -0.22435567 -0.03738163   0.79581
 1.16790297 -0.55398526  1.03755772    0.25159909 -0.05970250  0.14723124   0.97553
-1.23201811  0.59036950 -0.64896092    0.15507975  0.23623520 -0.09097577   0.75446
 0.05393798  0.36985774  1.61179890    0.25303558  0.15308285  0.01993003   0.92286
 1.39319785  0.81156802 -0.37127217   -0.09215473  0.23009391  0.17391844   1.05027
-0.62663879  0.78291515  0.72514881    0.08859362  0.13484181  0.25395181   0.85125
 0.68605184 -0.07519554  0.33991687   -0.01988327  0.13097128  0.27206297   0.87748
 1.18320913 -0.83694512  0.80635000    0.27002896  0.07784880  0.09555961   0.76743
 0.76058648  0.25465279  0.61684622    0.03986477 -0.12137359  0.27338246   1.22916
-0.52722151  0.21917562 -1.51608987   -0.04493496 -0.23956305 -0.17337315   1.16176
 0.52529773  0.53444787  1.76832003   -0.06372554 -0.25087012  0.15607411   0.74940
 1.18642935  0.02089995  0.81197005    0.17467992  0.00556582 -0.23802455   1.24276
 1.16641604  0.95696648  0.53649099    0.22807552 -0.04777363  0.18615018   1.12191
-0.85347683  1.03282862 -1.07736248   -0.19029706 -0.21352678  0.10184497   1.10039
 1.42526471  0.08587336  0.65698068   -0.03996383 -0.04690724 -0.29155254   1.03846
-1.21971728  0.95424963 -0.81026486    0.28845662 -0.00720651 -0.06216794   1.10286
 0.74177790 -0.49172702 -0.60665186    0.10536735 -0.00925946  0.28166862   0.90641
-1.21808347  0.56935498 -1.30759411   -0.11647933  0.15937549 -0.22548028   0.74940
 0.74125020 -0.67207882  1.36209749   -0.16727254 -0.04597801  0.25030949   1.29418
-0.52131434  1.46282674  0.26135181   -0.10875270  0.27598160 -0.05152680   1.27072
 0.21550383  1.01047025  1.23215816   -0.03605806  0.11911805  0.27611764   0.89405
-0.94293114 -1.48263747  0.38680961    0.11951645 -0.23353372 -0.13922837   0.98226
 0.99048629  1.43720244 -0.77962243   -0.08565908  0.24414743 -0.15158502   1.08011
 1.66171332 -1.06443481 -0.40917291    0.17952783  0.08717546 -0.21778626   0.71517
 0.42251190  0.71371042  1.23954664    0.22698705  0.18984899 -0.01793459   1.07151
-1.46712704 -0.98975738  0.73536241    0.04080555  0.19163045  0.22895673   1.03102
 0.27062012 -1.47118853 -0.82604245   -0.27172699  0.08650298 -0.10244882   0.76523
 1.26249676 -0.90731090  1.24199450   -0.11528878 -0.07852599 -0.26484427   1.04477
 0.06850963 -0.76289784 -1.34009342    0.16495785 -0.16417239  0.18802897   1.18777
-0.25130464  0.39663098  0.32401225    0.22366696  0.07601139 -0.17687280   1.17702
-1.12633608 -0.59546465 -0.55520128   -0.04988602 -0.23185921  0.18748642   0.78017
-0.00122685 -0.73660347 -0.84397948   -0.16992010 -0.24847752  0.03197462   0.88457
-0.12340668 -1.89329688  0.19891844   -0.27868780 -0.01636246  0.12297416   0.72054
-0.86270568 -0.30686084 -1.19243900    0.29020982  0.00317510 -0.05402862   0.78399
-1.07380678  1.05757918  0.51795287    0.12215641 -0.22144272 -0.15536970   1.14738
 1.42867872  0.20371161 -0.90795634    0.15767612 -0.06412643 -0.24157442   1.08004
-1.30863416 -0.23669262  0.78822827   -0.00103586 -0.26962124  0.13415044   1.00535
 0.24143060 -0.11832722  1.94108512    0.16646037  0.09095344  0.23182990   0.91305
-0.59990973  0.33368011  0.81840520    0.21250333  0.04467319 -0.19978514   1.28610
 0.54556522 -1.42240326 -1.02826234   -0.10791965 -0.13622880  0.24903927   1.23358
-0.70913335  0.51997662 -0.53521721    0.25222129  0.06301567  0.14468745   1.26559
-0.44347783 -1.34317138 -0.27054084   -0.17967387 -0.21406060  0.11861343   1.21825
 0.20076416 -1.37164403 -1.32667338   -0.19760298  0.06197826 -0.21833820   1.10407
 1.33240560  1.17129573  0.06208946    0.26490630 -0.12872808 -0.02771013   1.27695
 0.50946882  0.78896442  0.30138259   -0.23521308 -0.10307693  0.16414834   0.86805
 0.62174920 -0.90513317  1.66668655    0.01096511 -0.13610858 -0.26429903   0.95634
 0.84295357 -1.56367376  0.69502770   -0.10714395 -0.12330595  0.25606813   1.00522
 1.23495289  0.22452784  0.34780549   -0.14271178 -0.06116822 -0.25646725   1.25470
-0.88410708 -0.17005309 -0.65390295   -0.12104642  0.20997435 -0.17708594   0.96777
 0.38132041  0.57384355  1.32962001    0.20213443 -0.20299543 -0.07582057   1.03088
-0.49660215 -0.69001880  1.11972621   -0.02219769 -0.00141927  0.30208223   1.22534
-1.50297717 -0.21958230  0.35501631    0.18478466  0.02028841  0.23457583   1.10446
 0.61669236  1.64312064  0.44474938    0.16201464 -0.02062655  0.25139041   1.22333
 0.76514004  0.66193310  1.30262683   -0.22578174  0.19491047  0.05723935   0.74411
 1.35805333  0.99900270 -0.55172773    0.11782077 -0.17568480  0.21287225   0.84229
 0.20108042  0.90268724 -0.92841139   -0.27577494  0.08646067 -0.09153864   0.70168
-0.95837730  0.90480476 -0.29953472   -0.25546898  0.08478448 -0.13796108   1.02481
 0.24137950  0.63346448 -1.46033566   -0.27144204  0.05122419 -0.12407599   0.75864
-0.01377173 -1.16357149  0.06727953   -0.01428265 -0.22099303  0.20527445   0.75901
 0.01589744 -1.44876121 -0.95249301   -0.10218317 -0.19380067 -0.20446239   1.12110
 1.77270902 -0.85608484  0.12051665    0.18467030  0.02118827 -0.22935797   0.94205
-1.13211725 -0.66206712  1.26448985    0.09260797 -0.14027879  0.24943529   0.83912
-0.02528454 -1.85866233 -0.29567529    0.17487228  0.09805418  0.22227897   0.86127
 0.71295290  1.21043841  0.77027043    0.06805023 -0.29114126  0.00247907   0.76349
-0.61924198 -1.39962893 -0.80215333    0.15938808 -0.19677981  0.15902757   1.12706
 0.51236572  1.61985345 -0.92035662   -0.12747879  0.07896494  0.26454661   0.96884
-1.64733124  0.17271254 -0.42176612   -0.07688629 -0.28642938  0.05466693   1.24663
 0.64347005  1.46744650  0.22684007    0.02394633 -0.03231596  0.29952347   1.11103
 0.83988432  1.70831741  0.54137676   -0.16047279  0.18762739  0.17704078   1.26336
 1.31347754 -0.23480038  1.11474531    0.28220838 -0.00846883  0.09091851   1.23029
-0.00812623  0.19513441  0.54174592    0.26631250 -0.11188290  0.06752245   0.75093
 0.39257684 -1.27058287  0.03939456    0.21880871  0.17674423  0.09718945   0.92025
-0.44482226  1.10356891  1.34593194    0.01775599 -0.01484109  0.30143017   1.07736
-0.49190342 -0.15751194 -0.75064217    0.26252661 -0.09154811 -0.09928816   1.17931
-0.80974662 -0.38708649  1.58707338   -0.02090846 -0.25939439 -0.14721533   0.82266
 0.02830010  0.59865398  1.76814991   -0.11277247  0.27136337 -0.06523733   0.97533
 0.55375456 -1.16272899 -0.34896640    0.07913541 -0.26390754 -0.11308525   0.79698
-0.11252842  0.42614727  1.62939027    0.18382358 -0.08803713  0.21902410   0.79337
 1.06995582  0.42454882  1.50348512   -0.06971546  0.20065933  0.21583006   1.10668
-1.21059561  1.17811201  0.94232585    0.10605305 -0.24688669 -0.12722993   0.77284
-1.06644015  0.92711061  0.10678144    0.21641347  0.11085129  0.17279236   0.76020
-1.50768456 -0.30638702 -0.93085614   -0.21423703  0.17065487 -0.12711664   1.17345
-0.33929701 -0.20108675  1.86730212    0.10247302 -0.15528327  0.23601405   1.19829
-0.74092694  1.49844695  0.34316888    0.26442054 -0.05866527  0.12223204   1.09869
 0.21601790  1.15897281  0.37316721    0.03452281 -0.24684885  0.16862745   0.82001
 0.79137977  1.60018616  0.15139874   -0.19801302  0.16625802  0.16028009   0.74914
 0.59553435  0.83719928  1.26519771   -0.24177522  0.13330103  0.12858650   0.91672
-0.62962881 -0.11310448 -1.17417268   -0.27219322 -0.11541975 -0.06778498   1.15538
 0.31320311 -0.71755742 -0.41152310    0.04901617 -0.10292451  0.27930806   0.73673
-1.67199846 -0.37512472  0.93629897   -0.10047496 -0.01597769  0.28635875   1.06249
-0.09765053 -1.78946997  0.38967687    0.11374524  0.16126437 -0.22107207   0.88553
 0.78344081  0.91472699 -1.59870469   -0.29601341  0.05299138  0.04885799   1.21770
-0.70965676 -0.65665069 -1.10802137    0.22693373 -0.01091002  0.19334215   1.19994
 0.50852724  1.14586063 -0.83214960    0.00128704 -0.08408037  0.29054061   0.85975
-0.45399574 -1.28006860  1.37292909    0.01647920  0.26995773 -0.12653412   1.06116
-1.55391043  0.21925036 -0.88893787   -0.09058986 -0.26393775 -0.11101688   0.98706
-1.14505721  0.51407314  1.07571213   -0.17347070 -0.24601524 -0.02723953   1.10402
-0.33018234 -0.09418689  1.12544158   -0.28605399  0.06726020  0.08092219   0.80776
-0.23191783 -1.38439427  0.54174821   -0.15581601 -0.23141288  0.11889663   1.07782
 0.70060034 -1.64177263 -0.06092413   -0.09126715  0.17646932 -0.22388688   1.15420
 1.60786694 -0.65834857 -0.89950739   -0.00097823  0.09318020 -0.28252159   1.18490
 0.61204920 -0.12931457 -0.01215341    0.00828404 -0.04508056  0.29894083   1.27156
-0.53429117  1.01331833  1.15073505   -0.27175548 -0.03145733  0.13497864   1.19869
 0.48091507 -0.67433044  1.73631575    0.22536173  0.18922937  0.04012048   0.90083
 0.34796126  0.57947318 -1.74511988   -0.16295593  0.08784630 -0.23640981   1.00277
 1.05867540  0.14167666 -1.33856987    0.20925336  0.03263875 -0.20546128   0.85351
-1.33212977  0.49402423  1.28790596    0.02801712  0.13331370  0.26939985   0.90697
-0.98838018 -0.82127797  0.94595144    0.09703051  0.01461900 -0.27934639   0.85280
 1.82113821 -0.35352829  0.75160370   -0.20512486  0.03836556 -0.21699148   1.16054
-0.70396626 -1.27545619  0.34253760   -0.18034991  0.18497352  0.16013542   1.13575
 0.62223512 -1.76680975  0.28209512    0.21265455  0.20492623 -0.02732359   0.89105
 0.11569867  1.23333689 -1.00342201   -0.11341320  0.13029522  0.24986056   1.29326
-1.43401415  0.79020583  0.96033158   -0.27644353 -0.02523505  0.12648486   1.17883
-1.18182304  0.31674615 -1.42348739    0.04995201  0.01013133 -0.29224980   1.03843
-0.60953603  0.67080435  1.46679940   -0.07792275 -0.27924446 -0.07876098   0.88012
 0.08710202 -0.91627310 -0.03929131   -0.00702251 -0.09873085 -0.28066593   1.01258
-0.40918141  1.66446334 -0.23454640   -0.18172906 -0.02836500  0.24291194   1.01449
-1.08026757 -0.00716645 -1.15432660   -0.26529702 -0.11210093  0.09934930   0.80120
 0.12873186  1.12745980  1.25431585   -0.27558133 -0.08151529  0.10163988   0.82649
-0.28775867 -0.25207014  0.83248634    0.22723020 -0.03967143 -0.18389365   1.27310
-1.31724878 -0.80504771  0.94219311   -0.08235439  0.04484336  0.28880962   1.15083
-0.69412631 -1.39586870 -1.22516078   -0.07761930 -0.26778082  0.11635705   0.96719
 0.65840156  0.17651597 -0.54762470   -0.10635161  0.20722257 -0.18883599   1.14600
-1.24106143  0.30775305  1.51296900    0.03139862  0.26953666 -0.12412000   0.97605
 0.43284609 -0.91650589 -0.77912914   -0.22625087 -0.16839454 -0.10883134   1.16143
-1.08015393  0.15258880 -1.27181299    0.20643378  0.01551278 -0.21026441   0.80372
 0.71156177 -0.07191560  1.78711849   -0.03273961  0.24182602  0.17785315   1.23445
 0.00102924  1.25969694 -0.16984934    0.15957257 -0.14563257 -0.20211922   1.12916
-0.27131390  0.55206675 -0.72074682   -0.07079022 -0.27648314  0.09829610   0.74133
 0.72573421  1.20849079 -1.41296215   -0.21780843  0.09691918  0.18983346   1.04133
 1.26813282 -0.69914384 -0.40117866    0.22548548 -0.17746652 -0.07271334   0.99164
-0.58577281 -0.16420153  1.48485641    0.22288583 -0.03639850  0.19504178   1.25645
-0.43189275  1.17169628 -0.68313439    0.08677937 -0.20979136 -0.19150986   1.05447
 1.66676408 -0.48960539 -0.12993938    0.05742170 -0.28233938 -0.07784637   0.88337
 0.50820889  1.71327289 -0.54995245   -0.08509506  0.01393954  0.29121506   1.02921
 0.43964909  1.26790779  1.39566971   -0.09287793 -0.27137728  0.09497465   1.07971
-1.09431498 -0.96087142  0.97376994    0.24088894  0.02061540  0.17413519   0.76406
 0.84154828  0.98294992 -1.40785755   -0.10615039 -0.21698118  0.18308125   0.77541
 1.43850879 -0.93258954  0.96338702    0.09356965  0.26366353  0.10692226   1.24288
-1.24361938 -0.64474926  1.25513079   -0.25462882 -0.11571754  0.12088166   0.86538
 0.17872024 -1.19176038  0.95249462    0.02279756  0.15115799  0.26031313   1.07339
-1.61113971  0.07062615  1.03626079   -0.25264230 -0.07713023 -0.14710961   1.17526
 0.94873264 -1.55149929 -0.63711035    0.24068191  0.17137657  0.02651155   1.01163
-1.18445241 -0.81515619 -1.26513773   -0.02920981  0.06403494  0.29464420   1.02857
-1.65078681 -0.30939936 -0.45165667   -0.03330884 -0.28148707 -0.09706723   0.70713
 0.45474613 -0.46641945 -1.72478621   -0.18348351  0.16623061  0.17663563   1.21138
 0.33161404 -1.21526042  1.08501263    0.17266559 -0.24011411  0.03437324   0.84191
-0.08846191  1.31848272  1.42063351    0.10825711  0.23416497  0.15252587   0.91365
-1.72770218  0.58008354 -0.34792187    0.04354027  0.15598464 -0.24911464   1.25543
-1.15389547  0.58743528 -1.40253732    0.23290056  0.12999839 -0.12698362   0.88003
 1.29095450  0.56444143  1.23663784    0.09574514  0.18564636 -0.21070449   0.86724
-0.72132112  0.39476647  0.36565798   -0.13254715  0.23956629  0.12978844   1.06145
-1.38935668 -0.91519381 -0.34431661   -0.27749917  0.07779327  0.09931069   1.22619
 1.21224281  1.28981629 -0.82801101   -0.12201173  0.04866449 -0.26903210   0.98296
-1.38407424  0.55188006  0.34158380    0.24434078  0.13040349  0.10811641   0.74467
 1.13699722 -0.19380801 -1.25040230   -0.27090956  0.10825122 -0.08246496   1.01090
-0.25346827  1.48995266  1.09656721   -0.06508901 -0.07250158  0.28732527   1.12821
 1.43174722 -0.54429771  0.83765317   -0.17248378 -0.23652038  0.07880858   0.93404
-0.60035602  1.27093779 -1.21137047    0.12392396  0.23634244 -0.13032797   1.23226
-0.11308258  0.65051714 -1.60026626   -0.26420565 -0.01300812 -0.14678406   1.10051
-0.50334364 -1.48213372  0.46102961   -0.17232896 -0.17026972  0.18373824   0.91434
 0.00503412  0.49074455 -1.09014788   -0.11019290  0.16126605  0.23237880   0.82134
 0.15287708 -0.21051837 -1.63368584    0.02137905  0.27169447 -0.12192553   0.90901
 1.68241325  1.00726273 -0.25440059    0.04154506 -0.22941709  0.19040777   1.12936
-1.49953790 -0.33059437  0.06750154   -0.20534176 -0.21080897 -0.06935092   1.00295
 0.57647871 -0.43906187 -0.31435136    0.05523599  0.19639631  0.22140463   1.03266
 0.98443089 -0.69294941  0.90363791    0.13591483  0.21713128  0.15481778   0.75456
-1.27434698 -0.25139193 -0.14412368   -0.29295870  0.06923248  0.04649285   1.07529
-0.95310873  0.43591817 -1.00774760    0.13185930  0.25881379  0.06930263   0.78145
 0.34034324  1.71817556  0.30899293    0.25377829 -0.14804215  0.04061537   0.77020
-0.64627054  1.52160428  0.19958899   -0.13951556 -0.23803743 -0.12019760   1.00299
 0.96375154  0.59330549 -0.14112986   -0.21144755  0.11869089  0.18435836   1.25297
-0.63887212 -1.02496332 -0.90971428    0.21000140  0.20926570 -0.01298672   1.26396
 1.35094988  0.85650513 -1.08617711   -0.22731279 -0.15176845 -0.12880216   0.82139
 0.30523119 -1.87454665  0.10317614    0.26854278  0.02013263  0.12553376   1.18430
-0.98542385  1.14956719  0.74685160   -0.21741890 -0.13251703 -0.16187293   1.29920
 1.15241865 -0.62987716 -0.31788657    0.29250629  0.04311553  0.00222828   0.87656
-0.29895053  1.94112006 -0.01996961   -0.24433762  0.16627710  0.07164889   0.91910
 0.46967241  0.43230075 -1.20164346    0.19350037 -0.09149757  0.20871143   1.04119
-0.75634907 -0.00351873  0.96797136   -0.12774568  0.13444497  0.24073406   1.08376
-0.44827093 -1.21934670  1.09774904    0.14237030 -0.21225349  0.15565205   0.91403
-0.05974666  1.20036920 -1.36212536   -0.26444409 -0.09788533  0.11569261   1.16793
-1.10131945 -0.43694792  1.12732511   -0.30334201  0.02137579  0.01535233   0.78929
 0.02422166 -0.94643027 -1.03947692   -0.27607943  0.10397714  0.07584955   0.96147
 1.17282404 -1.23965685  0.58981499   -0.03642147  0.06177196  0.29442939   0.78757
-1.56232314  1.13446371  0.07149398    0.13948004  0.08232280 -0.24743598   0.94183
 0.77279531 -1.75026585 -0.00489153    0.02995977 -0.27802211  0.11000818   0.76848
 0.87410594  1.11210695 -0.47603322    0.10327287 -0.05774953  0.27661950   0.85710
 0.77542907  0.67289256  0.35509025    0.08226503 -0.20491608 -0.19865288   0.70425
-1.49095108  1.12461928  0.45375419    0.22934582  0.15504226 -0.10383126   1.18934
-1.06498301 -0.86467596 -0.05271060   -0.15440858 -0.08461913  0.24824238   0.81969
-0.38658390 -1.02110457  1.27620669    0.27637317  0.09353915 -0.04664934   0.97930
 1.32059543  0.87545601 -0.61596455    0.18266663 -0.22191258 -0.07338708   1.22654
-1.01734595  1.41125733  0.25764785   -0.07963132  0.12434227  0.26504994   1.22315
 1.11179400 -0.05125663  1.02939411    0.22997900  0.18609395  0.02360771   1.04248
-0.24545309  1.51241278  1.17891616    0.22141708  0.17977194 -0.07919945   0.70764
-1.67057128 -0.42337690 -0.91115585   -0.06453329 -0.25654580 -0.14081874   1.03863
-0.83812362  1.49159822 -0.78061782   -0.05033078 -0.17222296  0.24392996   1.20722
 0.91616023 -0.86070876  1.11812263   -0.23941097 -0.18479592 -0.02218566   0.71230
-1.45769981  0.38023362  0.36054032    0.22267063  0.04406431  0.19368188   1.00467
-1.77543166 -0.21021178 -0.33449501    0.00446558 -0.10503093  0.28349522   0.79128
-1.62809769 -1.03992308 -0.23188323    0.16663599 -0.24649251  0.00451939   1.08083
 1.52443249 -0.27610329  1.19479413   -0.14238469 -0.24813531 -0.09428831   1.28296
-0.99509761  1.01032648 -1.32676512    0.21651862  0.14650608 -0.13787199   0.71386
-0.76210203  0.82941226  0.34607588   -0.06804741 -0.02323830 -0.28962904   1.18712
-0.46479012 -0.87172798 -0.81695160    0.23644880 -0.11849578 -0.13141981   0.92939
-0.52104160 -0.98649622  1.53955630    0.25596432 -0.06260261 -0.13268188   0.82492
-0.09997657  1.30625061 -0.26991659    0.20315506  0.18024003 -0.11754511   1.20255
-0.35374838 -0.23177546  1.55139360   -0.11293153 -0.27564708 -0.04474523   0.70497
-0.53057355 -0.86558558 -0.22433129    0.03152056  0.26751749 -0.12829523   1.27034
-1.16582898  0.76376760  0.72826413    0.19592777  0.19137955  0.11770685   0.94515
-0.38587255 -1.37354231  0.83335714   -0.10788989  0.24565495 -0.13497525   0.75862
-0.19566504 -0.50890241 -1.02170189    0.23085822 -0.14380729 -0.11565707   0.96409
-0.51361069 -0.91062271 -1.29333712    0.10055882  0.28057558 -0.01342374   0.94560
-0.42292758 -1.21855816  0.14530382   -0.11148217 -0.26230744  0.10126262   0.89897
 1.26927605 -1.43719701  0.30694043   -0.20696851  0.20870702  0.07604269   0.97184
 0.04454717 -1.47003156  1.28264071   -0.09973926  0.23098596  0.16858036   0.77677
 0.67714673  0.13386441 -1.32300475    0.09798878 -0.05196548 -0.27455337   0.73572
 1.62636325  0.04392873  0.40861885   -0.10217966  0.04966706 -0.27660910   0.84140
 1.72431544 -0.30482945 -0.48816375   -0.21403949 -0.14637867  0.15952080   0.87704
-0.36274891  1.86778499 -0.10784091    0.08714890 -0.27970902 -0.05564697   0.82138
 1.06924703  0.56794437 -0.30564120   -0.16548394  0.01168484  0.25541482   1.09609
 0.37770324 -0.04475269  1.58679490    0.21199288  0.14447743 -0.14673661   0.83015
 0.70086465  0.04554431 -1.52014402   -0.29799636  0.01724652 -0.05645750   1.23862
 0.19272019 -0.84528655 -1.66749784    0.06268233 -0.05816032 -0.28395448   0.78463
-0.83506366  0.04312052 -1.58489934   -0.19257363 -0.06385579 -0.22212091   1.03402
 0.28290456 -1.50983799  0.58045868    0.11250719 -0.27625532 -0.00282532   1.10237
 1.14608836  0.55371484  0.96826369   -0.22862810 -0.17821103  0.09182100   0.85654
 0.65896656 -1.64082195  0.56199612   -0.24738707 -0.13645875 -0.10842171   1.20727
 1.04106291  0.32469778 -1.66264565    0.06599609  0.25829969 -0.13273980   1.29404
 1.44467167  0.68974454  0.08535738    0.02224042  0.29855538 -0.00951109   1.04080
 1.53360726 -0.37101484  0.81358742   -0.20677468  0.08349210 -0.20247399   1.22087
 0.71090601 -0.67388739  1.75258800   -0.07184248 -0.00311900 -0.28968379   0.83294
 0.82394074 -0.41886827 -0.44165716    0.16753377 -0.01374311 -0.24286037   1.01930
-1.33680721  0.84558814  1.09730985    0.07613834  0.08009903  0.28028235   0.75104
-0.72345482 -1.22105041  1.23315428   -0.29307695  0.08051529 -0.01030952   1.10613
 0.30362863 -1.22176317 -0.85824279   -0.20777406  0.02151863  0.22208248   0.84915
 0.17114244 -1.83883445  0.64527308   -0.03430580 -0.07236679  0.29221764   1.29730
 1.77035079  0.43576376 -0.85216701    0.04154168  0.16948371  0.24584679   0.81240
 0.59249605  1.22559303  0.24473427    0.18403463  0.08569158 -0.21453777   0.87857
-0.14743645  0.22576637 -1.38432719   -0.08100700  0.28612434  0.05006949   0.97843
-0.35609798 -0.00778838  0.89180837   -0.24372344  0.10725368  0.14823999   0.98709
-1.03637230  0.71505357  0.24311823   -0.20633393  0.20843515 -0.07329071   1.25344
-1.51754365  0.28378088  0.91751465    0.16712328  0.10099691 -0.22184905   0.86321
-0.63702985 -1.75058431  0.54471253    0.06500222  0.28965004  0.03839959   0.97595
 0.59205555  1.75078593 -0.63426288   -0.18392832 -0.24022065 -0.00530107   0.86288
-0.44126401  0.56258940  1.84594167   -0.15623203 -0.06927793  0.25189964   0.76582
-1.57597982  0.25921762  0.25059738    0.17036078 -0.05754938  0.23958914   1.21481
-1.20688983  0.24126344  1.31580474   -0.27815436 -0.01310282 -0.11934608   1.03467
 0.52030109 -1.73815001 -0.30048821   -0.05553942  0.00377577 -0.29296552   0.92315
 0.16148247  0.45378969  1.83111498    0.23204757 -0.11917833  0.14369572   1.18290
-0.24371696  1.27317045 -0.57792263    0.15126450 -0.20002167  0.16315578   0.73705
-1.06796947 -1.27357672 -0.45168551    0.26168734 -0.03266218  0.13731512   1.03633
 0.00329292  1.46084087  0.50533650    0.12564182 -0.10178206 -0.24786163   1.23861
-1.69060108  0.85332207  0.46449627    0.17135907  0.23869359  0.04882073   1.22578
 1.52695148  0.34204309  0.10430359   -0.00935003 -0.08818977 -0.28409107   1.28102
-0.73879719  0.64942450  1.20134017   -0.12249475 -0.14830577 -0.22988870   1.00213
-0.63790591 -1.32485363 -1.00757670   -0.11892528  0.26274115  0.09114596   1.12446
-0.35917175 -1.80989566  0.16841715   -0.28151942 -0.06898081  0.09446159   0.77435
-0.74763501  1.10306992 -0.66809253    0.24463472 -0.12570625  0.11304649   0.87645
 1.65436437  0.61833508  0.65350931   -0.23795705 -0.16832481 -0.08171856   1.09003
 1.54708402 -0.81387267  0.44418126    0.01245640  0.00997275  0.30197608   1.02104
-1.17453675 -1.18530275  0.44669980   -0.28025920  0.06979004 -0.09233797   1.18073
-0.25492379  0.95032050  0.05150429   -0.08249777  0.09517335 -0.27094682   0.95041
-1.64602422 -0.59827908 -0.45475724    0.08773910  0.15417682  0.24290561   0.82617
 0.89236565 -1.38491445  0.71891194   -0.20310518 -0.17720710 -0.13562407   0.99665
 0.53165293 -0.23863212  1.00746519   -0.27064246 -0.07354477  0.11964534   0.90949
 1.26316093 -1.20840612  0.43953881    0.23962219 -0.12871583 -0.11528581   1.13118
-1.44192845 -0.11450344  0.51936422    0.10684627 -0.26479160  0.08935025   1.08214
 1.64073071  1.02131834  0.24826656    0.27172953 -0.06491873  0.10035389   1.25620
-0.27348291  0.40006895  1.04404210   -0.13982935  0.09136527 -0.24898399   1.12355
 0.44464393  0.66256393  1.79723520    0.26720789 -0.12368192  0.03341012   1.22270
-1.69309339 -0.68543199 -0.41752870   -0.19695339  0.07922167  0.21856843   0.91807
-0.23009498 -1.87514360 -0.21120774   -0.21082154  0.16297685 -0.14165572   0.88309
-0.47287714  0.33953252 -0.31629577   -0.22677007  0.07645282  0.18887818   0.84151
 0.91882642  0.07516378  0.87228431    0.01882006 -0.17615576  0.24435163   0.94885
 0.93882734  0.33358276 -0.82782352    0.27159639 -0.11696739 -0.01007357   0.85940
 1.23569171  0.43374164 -0.93637394    0.11818792 -0.26078033  0.08615870   1.29880
 0.29895822  0.50794117  0.04213306    0.16258497 -0.19286201 -0.15528950   1.12092
-0.09899725  0.04323572  0.56470644    0.17524132  0.11741558 -0.20702083   1.16668
 1.06476269 -1.12677255 -1.22478440    0.15828407 -0.09725640  0.23517842   1.05941
 1.78544642  0.67472682  0.36174874   -0.12567781 -0.03656235  0.27455349   0.79842
 1.22166428  0.57148150 -0.22910976   -0.23786841  0.15753567  0.10585945   1.20396
-0.44251392  0.79644611  0.33460290   -0.28892360  0.09502728  0.00244870   1.00875
 1.92656848 -0.02386347 -0.47102571   -0.16198032 -0.13996428 -0.21086874   1.24599
 0.79189970 -1.35551374  0.98454974    0.26841173 -0.03173284 -0.11813407   0.90746
-1.70887032  0.20960526  0.05038394    0.12976945  0.25700598  0.07971794   1.05052
-0.09613933 -0.53852180 -1.84870610   -0.16311959  0.05892552 -0.24502701   1.18652
-0.07288658  1.87433236  0.03372119    0.05253373  0.19202575 -0.22072617   0.72287
-1.30361756  0.61617535 -1.17746659   -0.17481697 -0.24601358 -0.01824184   1.29659
-1.30679010 -0.82424249  0.55727932   -0.15207474 -0.17835067 -0.18812494   0.70462
 1.75816200 -0.95021222  0.07203600   -0.03450579  0.25624948  0.15565315   1.04220
 0.08321052 -1.96641373  0.08868077   -0.16794486  0.16191406 -0.18980188   0.71118
 1.15682127 -1.22698957 -0.12188465    0.03199038 -0.29589907  0.03623440   1.10897
 0.34682748 -1.13716097  1.24685087   -0.25542916  0.16251773 -0.02095854   0.94401
 0.72184312 -0.10032042 -1.26212744   -0.29016584  0.01988711  0.09165757   0.96668
-0.84862729 -1.71741024 -0.40082884    0.15782402  0.16239516 -0.19055230   0.78341
 1.36166948 -1.20863043  0.71894248   -0.24794552 -0.17287418  0.03079524   0.81287
 1.67339777  0.15226664 -1.04652763    0.15580513  0.17330451  0.18782321   1.02016
 0.19899701  1.61076021  0.35853074    0.12381811  0.04642903 -0.26460930   0.89572
-0.73265453 -1.01870549 -0.31385381    0.27408183 -0.07185296 -0.08282554   1.18126
-0.75115169 -1.70650470  0.51817923    0.05217644  0.29456853 -0.00208308   1.06654
 0.14183250  1.44930995 -0.57179826    0.02297927 -0.29832477  0.01883649   0.92277
-1.40239750  0.69048959  1.04692422    0.20722682  0.14200127 -0.15567300   1.25351
 1.25987423 -0.60252051 -0.39233106    0.23825527  0.03600755 -0.17010419   0.70171
 0.54247492 -1.51870903  0.41630764    0.05850335 -0.18948717  0.22654946   1.29576
-1.79546365  0.13196022 -0.42366835   -0.02556308 -0.25993300  0.15091887   1.20456
-0.99468130  0.15565434  0.57602957    0.10226264  0.14652108 -0.23645605   0.81318
-0.16468216  1.05041237  1.22694667    0.09677965  0.17032190 -0.22266807   0.89256
-1.57969853 -0.57269324 -0.56863897    0.15032694  0.01609564 -0.25391382   1.21095
 0.71727326 -1.13490895 -0.50492625   -0.10291598  0.27815575 -0.05133727   1.29205
-0.22543481  1.13195188 -1.29670599   -0.02483914  0.29003303  0.07646131   1.12282
 0.79605058 -0.46437830  0.35871226    0.18748009  0.23026001  0.01542885   0.90152
-0.05384856 -1.66302756  0.37609273    0.11958803 -0.19754049 -0.18610814   0.79735
 0.86408434  0.72288112 -0.45658653   -0.10684504  0.14522112  0.24428994   1.07898
 0.96925149  0.92719556 -0.17355969   -0.10028450 -0.21918791  0.18362661   1.12639
-0.09898580  1.32291112 -1.46214844    0.09950575 -0.21912226  0.17925212   0.93548
 0.18396154  1.75160220  0.57197195   -0.07430980 -0.29137462 -0.01218827   1.17679
-0.02084581 -1.26832885 -0.72903586    0.15695640 -0.04244184  0.25195759   0.89408
 1.45280204 -0.22150426 -0.88042664    0.06990638  0.25768423 -0.13182034   0.79182
 1.62852870 -0.63481699 -0.10642717    0.23203631  0.17790059  0.05216075   0.78902
 1.90653553 -0.27290266 -0.01706353   -0.11505331 -0.01136854 -0.27599164   0.74521
-0.41572442 -1.27739598 -0.59103088   -0.05826533  0.08418247  0.28546995   0.83539
 0.83581464  1.15029050  0.29502419   -0.26907683  0.09439085 -0.10236745   0.79043
-0.88167051 -0.19300250  1.46476491   -0.20931642 -0.12771238  0.18064120   0.86372
-0.12126017  1.02485992  0.73450619   -0.04604097 -0.10390820  0.28095029   1.28523
-0.62479074 -1.18511083 -0.39687738   -0.24074716  0.07740459  0.17035085   0.71909
-0.87579153  1.43665245  0.30130432   -0.10154339  0.22766690  0.17208344   1.09936
-0.98566454  0.89193864 -0.37445883    0.16586961  0.23983756 -0.05643334   0.94680
-1.79302018 -0.34451056  0.41441736   -0.25003638 -0.15186191  0.08381875   1.02112
-0.47438019  1.67315936 -0.93144444    0.06434424  0.16728380  0.24196528   0.78243
-0.12935247  0.51579974 -0.35088247   -0.23820688 -0.13666997 -0.12641576   1.23510
-0.76714777 -0.73153545 -0.98174282   -0.29853907 -0.02308984  0.05680143   1.01569
 0.96937798 -1.34884502  0.99501464   -0.00455658  0.05810102 -0.29170164   1.08430
 1.27182032 -1.09568982  0.74709114    0.20266754 -0.06769278 -0.20366703   0.90740
 1.15494800  1.29404339 -0.41776468    0.29107652  0.02276827  0.04939385   0.94006
-0.11396657  0.00269166 -0.84759212    0.14848294 -0.01135025 -0.25527114   1.08172
-0.21017967 -1.03733979 -1.47300454    0.07067440 -0.28720819  0.04606156   0.90886
 0.37786062  0.30077485  0.31604215   -0.10429420 -0.03436642  0.28339371   0.80539
 0.94885776 -0.31085322  1.26258266    0.04424229 -0.18574175 -0.22790994   0.90700
-1.12617846 -0.54752036 -0.94507108   -0.07189591 -0.25494548  0.14562507   1.00885
 0.44397511  0.63029775 -0.52441004    0.05813810  0.26711554  0.12399477   1.09982
 0.34721682  0.30970981 -1.94552004   -0.16220900 -0.08562273 -0.23771859   1.27527
-0.65862485 -0.74623321 -0.43381200   -0.24163677 -0.10044597 -0.15107728   1.01784
-0.74733718  1.25684189 -0.57371576   -0.21932481  0.04430363 -0.20191634   0.99182
 1.66960556  0.90268565  0.18237381    0.20953124  0.09959700 -0.18264324   0.93242
-0.10590681 -1.17258560 -0.13692104   -0.02465722  0.01962014  0.30128426   0.73854
-1.43346925  0.05497472 -0.04963049   -0.08837256  0.28651853 -0.02642014   0.82367
 0.01790030 -1.18917210 -1.17420723   -0.10307897 -0.24122763  0.15119025   1.12993
-0.86918682 -0.42192803  1.58250363   -0.27706659 -0.01261669 -0.12180938   0.77798
 0.93395250 -1.27993878 -0.71343475   -0.26646537 -0.03363195  0.14466991   0.94945
-0.52051059  1.42070861  0.94154007   -0.12095927  0.23368640  0.15023652   1.12309
-1.10754089 -1.62585832 -0.10455346   -0.06701262 -0.28784891 -0.05420539   0.90641
 0.71856386 -1.50394549 -0.26770544    0.07405238  0.15780265  0.24539573   1.08822
 0.61143850  0.57359355  1.43115373    0.15491213  0.24461090  0.07178925   0.97955
 0.77775599 -1.31423522 -0.37627332    0.09152726  0.27248837  0.08351111   0.95029
 1.06775170  1.53003367 -0.48320474    0.16890830  0.22817626 -0.08627149   1.01601
 0.71003179  0.59036058  0.76559810   -0.26888137  0.03363779 -0.13487947   0.78133
-0.40875411 -0.13324500  0.65008292   -0.05258472  0.28309829 -0.08411804   1.05877
-0.04228928  0.85412433  0.88241528   -0.02903763  0.22598722  0.19835667   0.83181
-1.35555568  1.25814021  0.43489900    0.27354949 -0.00315103 -0.11028791   1.08307
-1.31026401 -1.20192738 -0.14082633    0.11333961  0.02470797 -0.27221484   0.73779
-0.84052049  0.37365629 -0.23322155    0.25437072 -0.08714046  0.12694921   1.00294
-0.83438722  0.60878949  0.75112963   -0.00008381 -0.04612826 -0.29378844   0.73419
-0.04942916  0.11944144  0.67453882   -0.06550513  0.01290532  0.29603715   0.77919
-1.01225210  0.20133688  0.81653604    0.18193377  0.22140955 -0.07650097   1.09695
-0.94821000 -0.48306636 -1.31560452    0.02016421  0.29749019  0.03241796   0.70182
-0.34929669  0.02661383 -1.60341647   -0.18689079  0.17339206 -0.16053656   1.15238
 1.20013968 -0.46633177  0.29767860    0.23288100 -0.03805878  0.18222995   0.82404
-1.61399023 -0.47623718  0.21029586   -0.23073821  0.19546210 -0.02081738   0.86046
 0.45776928  0.72811810 -0.17433253   -0.19285345  0.11602169  0.20512941   1.09905
-1.58029829 -0.22951296 -0.23784930   -0.28214969  0.10556637  0.04378248   0.93156
-0.89491995  0.54180177  1.47671032    0.01621082 -0.16752955  0.25063775   0.78977
-1.66846040  0.15454249  0.98211069    0.02936452 -0.28563611 -0.08272107   1.28947
-0.91032305  1.34596525 -0.23448335    0.25439594  0.07656638  0.13365688   1.03867
 0.00006386 -1.15429339  1.25830531   -0.29603976  0.06483768 -0.02434420   1.21608
-1.21296236 -0.06042089 -0.56552941   -0.05815012  0.25293947  0.15467546   1.17249
-0.00664530 -1.92523658 -0.34163416    0.01342403  0.26210997  0.14743743   0.80740
-1.70205264  0.16659597 -0.36622312    0.13216349  0.17909220 -0.19556956   1.14609
-0.57151060 -1.29791544 -0.09963257    0.10094754  0.23872121 -0.14541051   1.16973
 0.23071020 -1.13153905 -1.17920618   -0.21049612  0.12002138 -0.17933530   0.72983
-0.47389692 -1.05872615  1.29290641    0.19155673  0.20888324 -0.08666758   0.85352
-1.06854110  0.17213217  0.28843828   -0.24371415  0.09413100 -0.15183247   0.78181
 0.57612496  1.72348189 -0.71082573    0.20939611  0.21030828 -0.00545370   0.93616
-1.46993394 -0.18946503 -0.65458717    0.01657179  0.28060675  0.10659798   0.76264
-1.27240356  1.12132753 -0.30403808    0.03817808  0.14336003  0.26267794   0.94853
-0.60043184  0.16901202  1.25266231    0.06783142  0.22354787  0.18917751   0.85119
-1.19394564 -0.63669407 -0.02167103   -0.24041333  0.11900952 -0.13922916   1.15947
-0.80623178 -0.59183618 -1.69122824    0.19139789  0.01449045 -0.22423675   0.97100
 0.23645141 -0.68612813  1.39378600   -0.04422393 -0.29075869 -0.05967848   0.90569
-0.96230911 -0.16926891 -1.66498732    0.11885071 -0.09678163  0.25844973   1.09235
 0.87132515 -0.21982621  0.71575556    0.12275732 -0.19392481  0.19297292   0.86489
-0.83978125 -1.07341702 -1.36174876   -0.19207813  0.21244164  0.10074911   0.91967
-0.27754709  0.65261047  1.39917361    0.18174588 -0.23473193  0.01893895   1.07236
 0.49592830  0.23930413  1.05317673    0.08923691  0.28413284 -0.01966212   0.95994
 1.48678509 -0.65295358 -1.02702148   -0.09826196 -0.02988865 -0.28074520   0.83258
 1.29849880 -0.05500341  1.05650120    0.20003301  0.21936982  0.01193054   0.93251
-0.12620844 -1.79600468 -0.57823376    0.07436325 -0.26093614  0.12799605   0.82377
-1.35626514  0.42790677 -0.00246060    0.13143215 -0.24522467 -0.10428798   1.18701
 1.64393403  0.86748891  0.09596351   -0.16148190 -0.23562873  0.10163208   1.19009
-0.46718961 -1.06810774  0.93847560    0.18812323 -0.03403408 -0.22495109   1.13127
-1.44378663  0.50537622 -1.21916728    0.05239487 -0.27101989 -0.11285552   1.09582
 1.59963460 -0.44556717  1.06518434    0.03240108 -0.29714691  0.02159468   0.73906
 0.60405642 -1.48001071 -0.91359129    0.27304898  0.01221898  0.11612849   0.73695
-1.25315045 -0.04541688 -0.07329564    0.03257043 -0.29060437 -0.06213745   0.84276
-0.65098937 -0.97493415  0.05822680    0.28208893 -0.03668104 -0.07858201   0.98377
 0.40447395  0.64704746 -0.18014350   -0.05931515  0.20540685 -0.20900585   1.00722
-0.32809893  0.17748167  1.17751353   -0.04565804 -0.00278001 -0.29451804   0.81558
-1.26182545 -0.76137097  0.42181648    0.05219446  0.21497518 -0.19882643   0.87806
-0.93732434  0.47404001 -0.09258586    0.00881373 -0.00319237 -0.29707775   1.01802
-1.63809314 -0.55692830  0.05150107    0.27604193 -0.06578803 -0.08128513   0.74657
-1.13191575  0.84526560 -0.77369878    0.02455060  0.01313696  0.30092758   1.00289
 1.13145654 -1.22235435 -0.19908969    0.06550115 -0.28842660 -0.04138488   1.16163
-1.17100889 -0.27305413  1.55080833    0.16504413 -0.11542064  0.22165446   0.75085
-1.52962794 -0.22940435 -1.20802982    0.23245883 -0.17250749  0.06707716   0.88622
-0.32327097 -0.24046301 -1.65598144    0.22825262  0.18904685  0.01440657   1.13598
-0.94006591 -0.65772542  1.44141356   -0.17702986  0.11739177 -0.21280639   0.93766
 1.29797736 -0.68418952  0.49145714   -0.23697406  0.05827828  0.18289390   0.80450
-0.37998565 -1.10597577 -0.13018150    0.17218414 -0.24254122 -0.00010973   1.07497
 1.60428973 -0.00122451 -0.99820994   -0.14422132 -0.18020342  0.19748902   0.88235
-1.77439039  0.27909163 -0.58345316   -0.23044095 -0.03554633 -0.19137584   0.91804
 0.03342859 -1.82243210 -0.30908307   -0.04487931  0.28494301 -0.08199138   1.03560
-0.85217255 -0.15890564 -1.25268681   -0.10822729  0.28030892  0.02778250   1.02659
-1.23495258 -0.31430814  0.24265096    0.23440337  0.17451708 -0.04760873   1.29770
-0.77719907 -0.42848111  0.06606461    0.18819968 -0.22890047  0.02554753   0.80136
 0.27777265  1.82821907  0.32232952    0.12988818  0.07698417 -0.25437495   1.16477
 0.89211822  1.36055795 -1.12895354    0.15644601 -0.10293594 -0.22877911   0.98126
 0.95958017  1.55408021 -0.70787712    0.15177301  0.25155714  0.05086999   0.74389
-0.49744934 -0.10901684 -1.83420782   -0.15220147  0.17146296  0.19944787   1.13759
 0.96514167  1.01278388 -0.94744396    0.08261044  0.17924050  0.22689315   0.90457
 1.35641961  0.23140718 -0.15872242    0.20651768  0.19533162 -0.08319308   0.79013
 0.84095157  0.20803294 -1.61850893   -0.15565042 -0.12261755 -0.22560608   1.24666
-0.12250805  1.57544421 -0.26944002    0.09471358 -0.26114195 -0.10690177   0.75914
-0.02066871 -1.70422133  0.55662788    0.12984971 -0.25832435  0.07513902   0.72183
-1.71514421  0.70817676  0.27618498    0.21193731  0.19322100  0.07921760   0.88388
 0.07835301 -1.18028522  0.51602995   -0.21498597 -0.13861785 -0.15996739   0.96846
-0.86721411  0.36925734  0.26453364   -0.03963609  0.08372652 -0.28329393   1.11360
-1.21958455 -0.61682564  0.37432765    0.00831441  0.26930911  0.13415719   1.17078
 0.54060241 -1.64035111  0.97828672    0.17560300  0.09429279 -0.21809547   0.84367
 0.29329439  0.51401916 -1.55333885   -0.21724424  0.16334290 -0.13155455   1.04629
-0.59712944 -0.78338202 -1.25345462    0.25142690 -0.01353149 -0.15353134   0.95625
-0.01640618  1.19379770  0.71091405    0.29242885 -0.00559161 -0.04068945   0.91573
-0.08582352  0.94468541 -0.28462108   -0.09244834 -0.12177809  0.26226359   0.91700
-0.55191881  1.17708251 -1.22383209   -0.27195976  0.02281652  0.13632422   1.11348
-1.10965509 -1.49599490  0.03960621    0.27816044  0.07440711  0.07068877   0.84920
 0.05182032 -1.14843496 -1.24950321   -0.27932601  0.01747064  0.12134684   1.28875
-0.95666847 -0.13141641 -0.81457940    0.08283790  0.28479901  0.03831370   1.06257
-0.19072723 -1.26479059 -1.53108500   -0.08566302 -0.14191520 -0.24889412   1.01861
-0.25967443 -1.50527404  0.43447433   -0.03600898 -0.28076797  0.10349822   0.98600
-0.44117917 -1.84799050  0.15595080   -0.19971583 -0.21866020  0.06615344   1.17939
-0.97539978  1.18971184  0.79245666   -0.12874657 -0.22198424 -0.15632487   1.28018
 0.59060000 -1.18159586  0.09366501    0.12748914 -0.20209489  0.18087135   1.12617
-0.62397311  0.80078717  1.24836658    0.24566371  0.14915888 -0.06968124   1.11886
-1.47070211  0.55106971  1.07250336   -0.23302463  0.18074094  0.07365994   1.01985
-1.21111856 -1.03154370 -0.96755445   -0.20316565  0.20595770  0.09238226   0.80380
 1.18898530  1.08693133  0.10682744   -0.24476484  0.09131822  0.15712024   1.13462
 0.44619591 -0.40153019 -1.32499364    0.12385923  0.25258982 -0.09610730   0.97911
 1.41683820 -1.21650097  0.08708890    0.09989085 -0.08761602  0.26992480   1.01760
 0.66962078  0.70302350 -1.30052899    0.14072543 -0.24163538  0.10540192   0.84893
-0.03745804  0.94585370  0.89363336   -0.11848277 -0.02082907 -0.27405531   1.29537
 1.05225139  0.36095673 -1.14400414   -0.01302434 -0.09759836  0.28616912   1.19125
 1.98133572  0.11614633 -0.15487495    0.06900504  0.29064826  0.01400703   1.00941
 0.06940193 -0.45290696  1.78766730    0.14023062 -0.08574494 -0.24585830   1.24119
 0.27714224 -1.38468657 -0.39574400   -0.13630401  0.26929581  0.01078360   0.90438
 0.89502899 -0.52516659  0.09385767   -0.25883260  0.13813733 -0.07590920   0.95550
 0.80727559  0.02375235 -0.16070559   -0.02277258 -0.29882873 -0.01667606   1.26751
 0.22951378 -0.12370852  1.44887392   -0.19029423 -0.14244996  0.19009087   1.17788
 0.02275677 -1.59630408 -1.09005463   -0.23507010 -0.15929057  0.10944232   0.93471
-0.83829780  1.00522870 -0.04749093   -0.20565752  0.16613392 -0.14530530   1.11212
 0.00656455 -1.45035866 -0.72565721    0.11868206 -0.20846583 -0.17459901   0.96348
 1.32618033 -0.26756229  0.82128438   -0.11076556  0.21914567 -0.17245581   1.08736
 1.44587747 -0.14701168 -1.12582505   -0.15593144  0.10856942 -0.23241779   0.85172
-1.23393575 -1.34636008 -0.53854972    0.02079511 -0.06309760  0.29482583   1.01243
-0.23118558  0.38013119 -1.58488451   -0.22515414 -0.18676527  0.08250170   0.73492
-0.69835965 -0.84253340  0.55527578   -0.22654646  0.17122305 -0.10377110   0.98389
 0.81705440 -1.13912239  0.59610597   -0.27385511 -0.09022615  0.09875819   0.81187
 0.38909980  1.65218796 -0.69110477    0.17349016  0.17519277 -0.16371407   1.14240
-0.86793719  1.58000304 -0.34805276   -0.00088401  0.29928383  0.02280956   1.10192
 1.73554305 -0.71343049 -0.54488116   -0.20618794 -0.21833548  0.04272248   1.05328
 0.96995698 -1.54621238 -0.24220618    0.22296633 -0.03083834 -0.19068508   0.97360
-0.09207196  1.10650538 -0.98641782    0.15531364  0.16766328  0.19335814   0.73155
-0.82674263  1.73246778  0.09144724    0.03180190 -0.19662973  0.22629784   0.73218
 0.18928922 -1.31626840  0.74771258   -0.02964264  0.25349891  0.16102035   0.70542
 1.89383437  0.01902750  0.67993285    0.00571152 -0.19352842 -0.22640635   1.17463
-0.45533021 -0.11744164 -0.34246702    0.09818742 -0.01711063  0.28401950   1.01989
 1.23797596 -0.05587203  0.87240539    0.10878401  0.27731432 -0.01420388   0.76192
-0.10329018 -0.82484463  0.52079460    0.08634041  0.28589533  0.00766233   1.21102
-1.59029259 -0.68454289 -0.77201045   -0.07580865 -0.28165724 -0.07205287   1.01096
 0.64170243 -1.21320726 -1.40267797    0.16743721 -0.22617483 -0.09398608   0.92826
-0.64915121  0.18854458 -1.79962119   -0.24079607 -0.10354312  0.15554644   0.85987
-1.22743781 -0.46698972  0.64808692   -0.18067891 -0.11386562 -0.21175749   0.92714
-0.67557655  1.45754808 -0.22122953   -0.10705187  0.14125502 -0.24131200   1.19329
 0.05811998 -1.71955636  0.50842136   -0.10241964  0.26695300  0.09809047   0.85696
-1.04499096  0.20813924 -1.01449020   -0.27977297 -0.11263844 -0.03576439   1.22549
 0.28695940  0.01119948  0.31511279    0.20517655 -0.18775018  0.10674509   1.03905
-1.31260699  0.56550767  0.66640271    0.27390634 -0.10804920 -0.02717010   1.00412
-0.65106571 -1.21266328 -1.01857653    0.00432353 -0.21357112 -0.20790367   1.18717
-0.86187493 -1.36035978  0.71773597    0.28701782 -0.04214777  0.06018285   1.06913
-0.47080505  0.98825531 -0.14658776    0.12989549 -0.20393622  0.17693459   0.77785
-0.99794435 -1.44517030 -0.56988026   -0.14575384  0.16310617 -0.20572076   1.01043
 1.22188051 -0.73903216 -1.14308432   -0.25163384 -0.03205188 -0.16423082   1.16621
-0.54782397  1.18258162 -1.07157946   -0.14725157 -0.02497621 -0.25999423   0.97118
-0.22955827 -0.04348105  1.56878031    0.16088684 -0.24176660  0.06776321   1.05170
 0.89615303 -1.11245054  1.15858432   -0.21662244 -0.20172759  0.06791433   1.12826
 0.92624794 -1.30324825  0.79623733   -0.29604855  0.04773932  0.05406519   0.95436
 1.29075182 -1.34003994 -0.35608328    0.03783175  0.02834261  0.29827432   1.23003
-0.23170738 -0.15856988  0.05356460   -0.02692325 -0.29826103  0.02587832   0.81760
-0.70405044 -1.15707786  1.12412082   -0.24981767  0.05820523  0.16500111   0.74397
-1.76804915  0.10636908  0.27702836   -0.01825489  0.16791233 -0.24559369   1.12052
 0.65437626  0.26642138 -0.00680092    0.10317808  0.27943703  0.02100861   0.92410
 0.72714506  0.39352364  1.71619041    0.15836665 -0.03855058 -0.24644213   0.85467
-1.19883194 -0.39887726 -0.51217942    0.06392301 -0.08115824  0.28324131   1.04278
 1.17374232  0.03904548  1.29083796    0.11184262 -0.25075916  0.11932252   1.00581
-0.33677988  0.92433755  1.16193441    0.20378731  0.20626132 -0.06155351   1.02102
 0.64455715  1.52953884 -0.17683725    0.02945265 -0.22563972 -0.19219026   1.04366
-1.00298306  0.55034696  0.80580969   -0.00600052 -0.29944207  0.02108145   1.05445
-1.53784238  0.57022354 -1.10145851   -0.26663133 -0.07521045 -0.12215757   0.96364
-1.86638549  0.34244460 -0.17361457   -0.04701518 -0.27617682 -0.10654883   1.23436
-0.93352584 -1.55483098 -0.75554853   -0.17759572 -0.17020870 -0.17353644   0.97583
-0.50303994  0.06269919  1.39134628   -0.05164894 -0.01552715  0.29846108   1.09662
 1.51283023 -0.52277532 -0.12140367   -0.13385190 -0.19879062  0.18625786   1.14694
-0.18422696 -1.03445865 -0.18859149    0.28471935  0.07459444  0.03188616   0.78299
-0.63971062  1.38144241 -0.07339600   -0.01735732  0.26277832 -0.14150618   1.05492
-0.24342871  1.38766247  0.08255901   -0.30429735 -0.00269248 -0.00374933   1.06222
-0.42896161  1.23326006 -0.81663791   -0.11499514 -0.03148452 -0.27446462   1.29924
-0.77476417 -0.98300763 -1.28847802    0.21328519  0.17603418 -0.10522635   1.12938
-0.76244971 -0.73177765  0.98296028    0.06888857  0.28650167 -0.04778496   1.24080
 0.88042617  0.51399948  1.13406688    0.06052723 -0.28428462  0.07317337   0.76763
 1.17538148  0.51414546 -0.90823582    0.22093311  0.09237851  0.17782605   1.29407
-1.75835038 -0.18192528  0.79002597   -0.06439881 -0.27437587 -0.10285347   0.81230
-0.33242919 -1.19954050  0.50778878   -0.14280395 -0.26601954  0.01154272   0.91067
 0.29920722 -0.84231772 -0.95642362   -0.18931168  0.06984669 -0.22303576   0.88293
-0.43768770  1.80310039  0.12427615    0.02016545 -0.10408630 -0.27768261   1.16842
 1.81363795  0.33668424  0.71230528   -0.06382109  0.27884019  0.09592108   1.24915
-0.13567119 -1.50150662 -0.79037701    0.13135386  0.26739674 -0.00562876   0.70030
-0.91022722 -0.97314519 -1.21234330   -0.09609682 -0.21097474 -0.18995567   1.28211
-0.13829126 -1.81992736  0.45024613    0.07257743 -0.25538430 -0.13473368   0.80890
-0.85553734  0.32618210  0.28574186   -0.03709222  0.05959918  0.29480668   0.89230
 0.48948136  1.18138839  1.32596207   -0.03280166  0.10898746  0.28066280   1.10753
 0.22534326 -0.70166209  1.86010738    0.25578852  0.14935304  0.00437129   0.70542
 0.89568151 -0.26069657 -1.51421823    0.24508536 -0.06695603 -0.14998735   1.05795
 0.10225323  0.83788568 -1.26088744    0.17529249 -0.23996225  0.01463274   1.14037
-0.47380595  1.37274409 -0.96654464   -0.17620836  0.07812475 -0.23055428   0.87626
 0.86609204  0.16017302 -0.93006558    0.13650811 -0.03486268 -0.25994347   0.98843
-0.18630068  1.90179836  0.53847796    0.14229061  0.24630575  0.09101543   0.74516
 0.75804199  1.10467720  0.04052057    0.04760823  0.08753999  0.28480604   1.15073
 1.79423863  0.15526849  0.73569843   -0.04583968  0.18427621 -0.23044576   1.28306
-0.76137461  1.18635464 -1.16921048    0.18671543 -0.23122486 -0.00247450   1.29067
 0.19247303 -1.69897169 -0.18816278   -0.09044849  0.21829306 -0.18428873   1.13292
-0.45870863 -1.37425163  0.51431169   -0.09920894  0.28346656  0.02800978   0.71946
 1.25523941  0.16679724  0.15069402    0.24004106 -0.13145796 -0.11132652   1.08649
 1.81014348  0.30392429 -0.13622586    0.13228242  0.23636410  0.12690935   1.19331
-0.40867539  1.65976133 -0.86862927   -0.08856081  0.28598075  0.03607116   0.94469
-0.89099903 -1.68312239  0.40137064    0.07569831 -0.02040729  0.29101110   0.94294
-0.95657039  0.98157583 -0.94588906    0.15707025 -0.21344912  0.13819133   1.12372
 0.27940599 -0.71412745 -1.27970729    0.22899710  0.04989736  0.18439905   0.71939
 1.45700395  0.02311997  1.32004517    0.21816101  0.05210262 -0.19170566   0.80718
 1.22912744  0.68603595 -0.83692226    0.13589421  0.05663352 -0.25645024   0.77226
-1.10490075  0.20002904 -1.10035910   -0.11679344  0.10519811  0.26008885   1.13847
-1.39690358 -0.54319163 -0.53958699   -0.13559351  0.26969131  0.00897947   1.16074
-0.74049993  0.50407339  0.66173421    0.03867386 -0.28990384 -0.06150409   0.75557
 1.90008218  0.06360123  0.42091458    0.11435787 -0.21418341 -0.17068823   1.28740
-1.05758119 -0.02215697 -0.88078536   -0.07940002  0.24763479  0.15440770   1.07671
-0.96101439  1.25483630 -0.92914723    0.29130296  0.05065281  0.00012454   1.07001
 0.47742296 -0.02260145 -1.64591314    0.02107707 -0.24902675 -0.16274920   1.09151
-1.11995037 -1.08483102 -0.85973089    0.06061960 -0.08061584 -0.27895002   1.08754
 1.02542167  0.02942430  1.38475957   -0.02407333 -0.20104730  0.22442196   0.78466
 0.29380617 -0.84811757 -1.15605586   -0.00160032  0.23675028  0.18682803   1.09583
-0.91777645  0.72632109 -1.53564826   -0.07269465 -0.11400290 -0.26634476   0.86105
-0.30640904  0.30356608  1.59910374   -0.22552263 -0.20270855  0.00577639   0.89324
 1.07208986 -1.16731934 -1.11983542    0.19539635 -0.22379683  0.00615430   1.05402
-0.01956684  0.55949301  1.41023396    0.17797405  0.17423600 -0.15981818   1.01448
 0.74996205  0.75075837 -1.58647404    0.29483970  0.00694277 -0.01790440   1.06461
 0.01940030  1.91174879 -0.12925168   -0.22012084  0.18887479  0.09079144   0.96592
-0.19413928 -0.69154305 -0.95292108    0.11091764  0.05690579  0.27366357   1.24835
-0.45836170  0.16210823 -1.44919798   -0.09598087  0.28105019 -0.04848133   0.88255
 1.16838950 -0.19358641 -1.00901824    0.11069051  0.21934264 -0.16662296   0.92437
-1.58516863 -1.04325105  0.30802482    0.19199115  0.06029933 -0.21602085   0.93028
-1.45410703  0.48466714  0.39784141   -0.15291171 -0.00506597 -0.25798378   1.01147
 0.94622071  0.84765783 -0.53310576   -0.07218568 -0.12414622 -0.26194753   0.72967
 0.98998025  1.45142434 -0.73326151   -0.07871278 -0.09831381  0.27613234   1.17883
-1.41283150 -0.87159805  0.31022261   -0.16145875  0.02843114 -0.25138484   0.73821
 0.11170416  0.51723264 -1.48348126    0.28300183 -0.03959367 -0.07385084   1.05624
 0.47640674  0.74896696 -1.27317812    0.16403246  0.24122152  0.06129316   0.93981
 0.44604055  0.01410364 -1.45331454    0.06444472 -0.24253914 -0.16000636   0.96800
-1.23560124 -1.22835225 -0.28218357   -0.11914732 -0.14613840  0.23814826   1.09656
-1.49275765 -0.18679054  0.52970294   -0.26483293  0.13699322 -0.05561933   0.74067
 0.09865770 -0.06202798 -0.64902633    0.10685434 -0.26215011  0.09702394   0.71754
-0.49809316 -1.46875848  0.01058190    0.06949831 -0.09552966  0.27724136   0.92465
-0.86982354  0.92374548 -0.40472903   -0.25560146 -0.16232581 -0.02065468   0.84836
 1.15964133 -0.39623866 -0.74408653   -0.17166323  0.22476435 -0.10457310   1.03985
-0.76165224 -1.00132311 -1.47607256    0.10329801  0.23349527 -0.15191279   0.91337
 0.82556309  0.31183199 -0.81012054    0.22325622  0.16655295 -0.09955224   0.93049
 1.40891202  1.01428755 -0.38502372    0.26490568  0.11722329 -0.05855693   0.95078
 1.04085695  0.98784563  1.21860662   -0.01569781 -0.07194126 -0.28841477   0.96186
-1.01153106 -1.65091358  0.40078707   -0.18782764 -0.23638393  0.02442554   0.90678
 1.85653633 -0.71450575  0.04945994    0.18121847  0.20875211 -0.10679468   1.01685
 1.82434202 -0.04860468 -0.31859657   -0.22553628 -0.12013482 -0.16066301   0.74605
 0.23553127  1.85384955 -0.25913230   -0.04507062 -0.00409755  0.29981447   0.94220
 1.39092981  0.25787208 -0.90777270    0.06223699  0.16543975 -0.23860497   1.26572
-0.13765642  1.87645768  0.66624607   -0.13707576  0.19607792 -0.18160855   1.19366
 1.86522690  0.51114293 -0.07871970   -0.28017453 -0.02340215 -0.11309417   1.28991
-1.07876396 -0.84684154 -1.05436161    0.08571693 -0.25998883  0.12218494   0.84431
-1.18149395  0.70172326 -0.41909820    0.24503931  0.00106616  0.16931989   1.16167
-1.21034788 -0.86442095 -0.37332777    0.05751427 -0.00855583  0.29603743   0.89097
 0.86662278  0.14031767 -0.60149776   -0.19071318 -0.14443222 -0.18291779   1.01433
 0.57517573  1.86938549  0.14383229    0.00630690 -0.29176187  0.07167917   1.08979
-1.55361839 -0.80586055  0.49643175    0.25623440  0.13299525  0.06887218   1.17904
-0.53468599 -0.60352883  0.98810832   -0.18380951  0.22986844 -0.06779321   0.73217
 0.62383472 -0.04454982  1.39872438   -0.00043856  0.06713246 -0.28974692   0.88361
-0.72357793 -0.30313768  1.21658927   -0.06913842 -0.21850967  0.19772081   1.18884
-1.53173615 -1.00439276 -0.07452766   -0.02967142  0.05607658 -0.29100671   1.09419
-0.28160432  1.43623357  0.32987106   -0.19632851  0.11329801 -0.19816975   0.73223
-0.88796042 -1.32795272 -0.28390718    0.18943083  0.11713308  0.19937617   0.91609
 0.90436804  0.12661922 -1.32114555    0.20259570  0.17454289  0.13181205   1.12027
-1.06759552 -0.66477815  1.49452732    0.28121264 -0.01288947  0.09357086   0.94989
-0.09522094 -1.52248572 -1.20842076   -0.29372587 -0.01046710  0.08115119   0.96002
 0.32221517  0.46413490  1.69004033    0.28433325  0.07965412  0.01991489   0.94860
 0.22118037  0.20205409  1.52367538   -0.05773035 -0.29454093 -0.01758563   0.87530
-0.68683453  0.99060170 -0.85056610    0.25326086 -0.12434326  0.09297786   1.03846
 0.40115780  1.77516488  0.17158723    0.04821285 -0.09496065 -0.27706259   1.24718
-0.31211960  1.06813189  1.38746752    0.15214233  0.24675730 -0.06524501   0.86028
-0.20193498  1.59682546  0.99023791   -0.17031518  0.24792007 -0.02888855   0.80409
-0.36083188  0.15824845 -1.53923383   -0.21920872 -0.07945210  0.19636011   0.72404
 0.29480464 -1.38525018  1.08604875   -0.04341964  0.05199914 -0.29025013   1.22924
 1.53757322  0.19828785 -0.77468829    0.16722020 -0.04754528  0.24405963   0.93324
-0.09976343  1.42768470  0.93405532   -0.18942211  0.17343908  0.16283953   0.77794
-0.19633023  0.18310405  1.58339527    0.20443003  0.05707312  0.21031846   1.26780
 1.10784352 -0.73726055  1.07933682   -0.21606079 -0.01296230 -0.20956923   0.82701
 0.40782419 -0.49198839 -1.49752950    0.05588836  0.28394604  0.07833876   0.79172
-0.87019961  0.47140976 -0.67376662    0.10386700  0.13319388  0.24866118   0.81131
-1.04198513  0.29088659 -0.87986014   -0.18658976 -0.22433435 -0.07787960   0.79673
-0.61146415 -0.30927575  1.76922736    0.05194403 -0.09151599 -0.27748397   0.82944
 1.74655487 -0.73467960  0.67235243   -0.04049742 -0.16146641  0.25287286   0.93984
 0.40106226 -0.27561364 -1.36720780   -0.02743372  0.28500570 -0.08811170   0.72905
 0.75024526 -0.67683611  1.59635798   -0.17016835 -0.11619933  0.22400736   1.18364
 0.90036992 -1.12304765  0.23035938    0.19640761  0.16850585  0.14851327   0.78971
-1.37462165 -1.15666608  0.44103514   -0.14936302 -0.26056339 -0.03045612   0.71036
-0.79399319  0.99408199  0.22319449   -0.15909411 -0.25682693 -0.00789041   0.89694
 0.10054538  1.55473027  1.14757671   -0.25969080  0.06702168 -0.13993579   0.81812
 0.02662082  1.22228201  0.07138244    0.28468624 -0.02083052  0.08013480   1.29369
-0.87744189 -1.46520427  0.86140213   -0.05291409  0.10899582 -0.27263133   1.02025
-0.12160093 -1.23870309  0.98930364    0.10800984 -0.06654469 -0.26746448   1.08694
-1.31658247  0.17924906 -0.34427976   -0.28582366 -0.03988832  0.09852055   1.13772
-0.02756571  1.82680253 -0.32680959    0.17439917 -0.09862240 -0.21719325   0.80525
 0.19332909 -0.76558392  0.57603129    0.08644956  0.10178628 -0.26456816   0.92857
-0.33940903  1.90606868 -0.13580201   -0.26823686  0.01881596  0.14411886   1.19821
-1.56686623 -0.44249660  0.10762928   -0.01583215  0.12532029  0.27493818   0.86434
-1.22215448  0.13409007 -1.05781217    0.10479370 -0.20914871  0.18793942   1.02500
-1.10032301  0.09204355  1.22216049    0.21936869  0.14490190  0.14022686   1.25038
-0.81488284 -1.03731658 -1.27387774   -0.04355484 -0.24538830 -0.16548347   1.02245
 1.19223763 -1.23472589 -0.65496483   -0.10014544  0.12788202 -0.25129540   0.89401
 0.83049087 -1.09608446 -1.08547423    0.19134332  0.06307213  0.22104972   0.91661
-1.23327199  0.17542715 -0.90731727    0.13997446 -0.20899973  0.16226563   0.99014
 0.49667937  0.50394524  1.81321975   -0.08114418  0.19070498  0.22109305   1.28459
-0.65184347 -1.27044341  1.39169715   -0.06753387 -0.17282569 -0.23433992   0.87803
 0.55223978 -0.04745486 -1.85633734   -0.16496009 -0.24156942  0.07919624   1.03888
-1.72101846  0.09837583 -0.43922381    0.01363874  0.28280087 -0.09582469   1.27047
-0.13474173  1.22970963 -0.94327283    0.13966882  0.25844190 -0.04688933   1.19571
 0.12983901 -0.74448362 -1.46991363   -0.22206044 -0.17703465  0.10881325   1.08042
-0.14621947  1.19700386  0.81976430    0.20153476  0.20030372 -0.08382947   1.26307
-0.00262528  0.10021385  1.73692730    0.11125910 -0.27084697 -0.05464343   0.74303
-0.35063301  0.79472285  1.54400474    0.18005235 -0.22955436  0.06004107   1.09536
 0.70021041  1.33761572  0.38592818   -0.14580835 -0.14592897  0.22331040   0.84603
 0.70543037  0.61319507 -1.10385455    0.03000059  0.28844379  0.07751202   1.20913
-0.30406618  0.40318878  0.84612314   -0.22682103  0.20108332  0.01144161   0.85775
-0.99694302 -0.96021574 -1.40139481   -0.03157034 -0.01884813  0.30078611   1.12282
-0.28858414 -1.32768519  1.41414091    0.09666309  0.26204355  0.10804808   0.85051
 0.46903439 -0.97510940  1.07769673    0.19593733  0.20441505 -0.08728721   1.26288
-1.04491620  0.35895078 -0.87556317   -0.09254074  0.05445630  0.28414675   1.00339
-0.96376576  1.20885712 -1.20406775    0.03234272  0.26573735  0.13688063   0.70258
 0.64248967 -0.47785231  0.00711306    0.16689048  0.01614720  0.24839219   0.93338
 1.85992399 -0.31292070 -0.40865156    0.01817537 -0.17052477  0.24841589   0.91740
-0.94667056  0.87369252 -0.54774834    0.20283294 -0.14049857  0.16792886   0.91802
 1.85124211 -0.34068797  0.48272554    0.03603049  0.23614463 -0.17792756   1.26159
-0.64032465  1.13275013  1.22655022   -0.16176576  0.10501312  0.23541938   0.99373
 0.83933387 -1.19032385  0.97788001   -0.04198114  0.02388959 -0.29405704   0.73417
 0.15042392 -1.73622423  0.68268431   -0.09005950  0.02458697 -0.28383402   0.71555
 1.62129000  1.16649746  0.07084999    0.18617447 -0.07878901  0.22052563   1.29626
-1.25273034 -0.22259968 -1.48657604   -0.15339969 -0.05164494 -0.25258378   1.03594
 0.72558085 -0.34164617 -0.09600892    0.04380135 -0.17090672 -0.23920076   0.90998
 1.38831969 -0.80217711  0.10302036    0.10154070  0.13821498 -0.24166704   0.93375
-0.72673769  1.30376365  0.32457418   -0.27087331 -0.13647051  0.02157850   1.24819
 1.74715533  0.33900313 -0.56345483   -0.08516483  0.26225678 -0.11857313   0.81715
-0.79525258 -1.42364350 -0.11759973   -0.09464503 -0.13590272 -0.24915101   1.17295
 0.23566925  1.51356130 -0.42121142   -0.14484044 -0.17604077 -0.19558919   1.29116
-0.10717178  0.38860863 -1.91230048   -0.23464183  0.11659029  0.15552427   0.91608
-0.58983410  0.01851153  0.43971461   -0.15047468  0.18430667 -0.18361256   1.14491
 1.43296068  1.13347429 -0.26225077   -0.23342705  0.01628662  0.19567031   0.78203
 1.40078929  1.31437851 -0.29411183    0.28187237 -0.08814423  0.01978213   1.28370
 1.15443756 -0.88080818  0.52232096    0.22873164 -0.00034066  0.19145475   0.74144
 0.01267311  1.27248358  0.36244320   -0.30310555  0.01451730 -0.02083567   0.92970
-0.90634904 -0.56579814  0.12868700   -0.10630318 -0.04531760  0.28110896   0.93762
-1.02830429 -0.74171832  0.94004730    0.08470628  0.27600700  0.07926951   1.17710
 0.47642513  1.64995151 -0.15649750    0.09142383 -0.27095412 -0.08349169   1.04907
-1.42685396  0.43712456 -0.15752344   -0.07823046 -0.07217343  0.28428682   0.94897
 1.04931618 -0.30109731  1.61680032    0.28690527 -0.05145044  0.05270698   0.84253
 0.65219095 -0.26905990  0.37574891    0.08170100 -0.26625574  0.11081260   0.76744
-1.09434213  0.31862390  0.03358236    0.18845673  0.21372561  0.08705478   0.95064
-1.55475328  1.09513349 -0.05184739    0.10864860 -0.17058555 -0.21677262   1.12296
-1.48168482 -0.66929208 -0.22377034   -0.00391831  0.29550631  0.05425581   1.16516
-1.35569893  0.66740471 -0.04333494    0.03341869  0.25158512  0.16157663   0.98938
 0.99775491 -0.27781107  0.21784843    0.24609136 -0.12489314  0.11064874   0.76108
 0.37655850  1.66436993 -0.62463995    0.10900755 -0.07352514  0.27045908   0.74550
 1.58977827 -0.25919600  0.94040862   -0.29145336  0.08592897 -0.01154935   0.97104
-1.00785264  0.95247966  0.69384753    0.08708935  0.04627705 -0.27932611   1.22477
 0.95099035 -0.01537019 -1.76287826    0.27238450  0.07646192 -0.08430077   1.29090
-0.82194720 -1.41623628  0.32417964   -0.05093276 -0.28903798  0.06817789   1.15896
 0.50377439 -1.04047253  1.18819332   -0.03082164 -0.25103839 -0.15952077   1.19989
 1.35010559  0.38407860  0.82019715    0.21876487 -0.15635931  0.12817145   0.76036
-0.66282105  0.62224340 -1.55906657   -0.17739324  0.17860975  0.17041993   0.82220
 0.41688905  1.26353158  1.08125311    0.08802159  0.26312165 -0.10793541   1.02800
-1.08032211 -0.25068485 -1.09145224   -0.21007974 -0.18331429 -0.11607677   0.97297
 0.21346628 -0.22708206 -1.79221518    0.00097491 -0.09663914  0.28657867   0.82547
 1.18108739  0.28472298 -1.40022464    0.27356809  0.05302085  0.10228369   0.89322
 1.46526797 -0.00195970 -1.35514060   -0.26178016 -0.07711145  0.13603084   0.77432
 0.54503595 -1.44470763  1.10364891   -0.28508805  0.08679420 -0.05792651   1.01452
 1.12123812  1.07522456 -0.15011388    0.12509956 -0.19967136 -0.18006843   1.09326
 0.10903067  0.40356975  1.10089040    0.25087052 -0.14617071 -0.05643895   1.12404
-1.31650572  0.86962469  0.90751395   -0.21855885  0.19863309  0.07091509   1.12417
 1.43160876 -0.71543389  1.18239005    0.16613397 -0.21908152 -0.11112158   1.08346
-0.82678593 -1.31857309 -0.74999016   -0.15519062 -0.22404969 -0.12801323   1.02929
 1.45125546 -0.05786529 -0.61950063    0.16925546  0.21490317  0.11949927   0.73689
-0.16014217 -0.36340211  1.82669629   -0.17939489 -0.24344293 -0.00795282   0.82751
-1.64363920 -0.24471511 -1.01170321    0.00634078 -0.29641408 -0.04247261   1.29726
-0.43418437 -0.92497795  1.68799574    0.21949901  0.14695248  0.13781910   1.07352
-0.72777486 -0.70080892 -0.99118258    0.02493085 -0.29344840  0.05773425   1.21546
 0.64301731  0.17976490 -1.24256370   -0.24696275  0.14871130  0.09765452   1.15127
 0.45841154  0.06493366  0.77177051    0.10676809 -0.21956186  0.17421405   0.99255
-1.07552577  0.51781066 -1.26908242    0.10020828  0.05871372 -0.27236263   0.92249
-0.85675788  1.28465092 -1.11521895    0.04994300  0.21224619  0.20754064   0.81470
 0.03808760 -1.70514768 -0.78366861    0.26413300 -0.13093869 -0.02498090   1.16927
-0.12878262 -0.24122369 -1.93689447    0.20120482 -0.18993616 -0.10539523   0.98333
 0.93842982 -0.92971977 -1.02510849   -0.02620124 -0.00291546 -0.29657576   1.21440
-0.82482830 -1.60021401 -0.40856548    0.04525126 -0.29483023 -0.02230932   0.87911
 1.81288562  0.16515720 -0.81566780    0.02101203  0.29821929 -0.01767046   1.21154
-0.52166093 -1.75242295  0.22956230    0.24528783 -0.01579322  0.16820098   1.03819
 0.34492728 -0.40968093 -0.91723590   -0.16315903  0.05101342  0.25198304   1.07822
-1.65612066  0.56255761 -0.45147850    0.05125056  0.20566192  0.21380823   0.82833
 0.71490575 -0.19522930 -0.81553659    0.21283232  0.14720231 -0.14280532   0.99725
 1.42184795  0.24955572  1.00689880   -0.06730215 -0.02986819 -0.28918809   1.11441
 0.37050240  1.15752967 -0.94101588    0.16449096  0.12195051  0.21850416   1.22004
 0.94607065  1.67646854 -0.55941793    0.00744658 -0.06619433 -0.28975528   1.25349
-1.31704403  1.06967569  0.61551351   -0.12897179 -0.12342915  0.24601851   1.21364
 0.81186753 -0.69385607  0.70432441    0.24268500 -0.01770241  0.17187138   0.83718
-1.72217343 -0.62097607  0.20303428   -0.19325176 -0.09181979  0.21685394   1.26544
 0.64906083 -1.03460514 -1.48717056   -0.19576535  0.23090040 -0.00433804   0.78230
-1.04331473  0.02044948 -0.76540968   -0.27029990 -0.02800146 -0.13340564   1.04298
-0.02521219  0.40519397  1.75274592    0.06217706  0.29026652  0.03876808   0.91060
-1.08606369  0.00547433  0.99394623   -0.25259722  0.00803080 -0.16567580   0.92645
-0.96432489 -0.99016882  1.03435769    0.10528725 -0.16667842 -0.22143205   1.12818
 1.04429944  1.35865811 -0.13577298    0.25423788 -0.06928285 -0.13273776   0.74693
-0.80108193  1.01610898  1.39558521   -0.06995394 -0.20731514 -0.20408844   0.89376
-1.57570400 -0.55274592 -0.03206325    0.21344006  0.13006422 -0.15749441   1.21102
 0.14561170 -1.78041675 -0.87848933    0.02653921 -0.27207803  0.12519624   0.87045
 0.21251811  1.73260152 -0.84714338   -0.10356165 -0.23249618 -0.15898615   1.06385
 0.83650243 -0.76010229  1.08127235   -0.24821678 -0.17310713  0.02672554   1.26306
 1.61682799 -0.76186173 -0.31435813    0.15676603 -0.15931044 -0.19400122   0.96027
 1.41883774  1.23100471  0.03742530   -0.26528901  0.14516987  0.03170286   0.75322
-1.43974658 -0.03797712  0.79674533   -0.15334254  0.03775013  0.26026424   0.78603
 1.75729868  0.36804453 -0.53407368    0.23466003  0.08360315 -0.15822417   0.80111
-1.38849586 -0.05511730  0.64703525   -0.13376435  0.00293958  0.27326291   0.84081
 1.38790931  0.07049867  0.80862991    0.29483029  0.01876214 -0.00845317   1.13793
 1.54762914 -0.13574023  0.87624762    0.20424962 -0.20148432 -0.07410017   0.72859
 0.11946081 -1.36771867 -1.06063269    0.22700910 -0.00517341  0.19349208   1.11616
 0.53505708  0.99545610  1.64313001   -0.18021761 -0.11489382  0.21681835   0.92580
 0.56004648 -0.06178245  0.84728269    0.28695944  0.04938896  0.05440715   0.74203
-0.22919346 -0.18104091 -1.95801303    0.28067726  0.08393617 -0.03857103   0.77385
-0.85789944 -1.34523485  1.04256550   -0.11566061  0.26772573 -0.07439535   1.14595
-1.09341763 -0.09430064  1.31885251    0.26823886 -0.10909962  0.06410765   0.87996
-0.26678631 -1.32885651  1.41849030    0.06392789  0.21814504  0.19688447   1.15598
-0.00574495  0.35382862  1.72000626    0.25396814 -0.15048828 -0.02219951   1.03802
-1.07739880  0.53512403 -1.33941596    0.22904392 -0.08173276  0.17242996   1.15674
-1.87520757 -0.15577826 -0.38934042   -0.29861246  0.05205401 -0.02410871   0.73962
-1.64343083  0.29002842 -0.95576230    0.06866236 -0.29044334 -0.01518518   1.11494
-0.91797597 -0.03263225 -1.34894007   -0.15583209  0.18639322 -0.17714330   1.05847
 0.15534762 -0.17182680 -1.56065754   -0.06211845 -0.18342840  0.23288807   1.06550
-0.24135204  0.41418637  1.12756039   -0.17856546  0.20936746 -0.12315100   0.86592
 0.68269325  1.18265895  1.42700286    0.06110369 -0.28762392  0.05732914   0.91329
 1.80481661 -0.20097445 -0.81262174    0.06292857 -0.18073302 -0.22719138   1.22708
-0.42516929  1.25311100 -0.46912088   -0.13207285 -0.16332189  0.21946707   1.18216
 0.96049389 -0.86376759  1.00166791    0.29524474 -0.01459854  0.00639036   1.19468
-1.05356245  0.32899275  0.91542722   -0.08317530  0.07460038  0.28229957   0.79121
-1.53045027 -0.89587947 -0.57791778    0.27173307 -0.08805984 -0.07491853   0.84171
 0.52861818  0.55432804 -1.54339407   -0.16873939 -0.04325133 -0.24460039   1.08280
 0.76912806 -0.30744777 -0.74932133    0.03800384 -0.10814183 -0.27399371   0.72209
-0.37148911  1.03508723 -0.98553244    0.11674716 -0.26892106 -0.05232736   0.84016
-0.62110267 -1.08694488 -0.10164088    0.01981820 -0.29521031  0.05030735   0.87766
 0.84369435  0.25768613  1.20888280    0.04356614 -0.26143092  0.14176762   1.29866
 1.24081317  0.70447018 -1.05761442    0.21439338 -0.07688617 -0.18772776   0.93143
-0.85138174 -0.32411456  1.11627489   -0.28430152 -0.02438945  0.10772506   0.82801
 0.59021072  1.70815501 -0.05847508   -0.25279522  0.04144352  0.16561671   1.20347
-0.02352830  0.39919832 -1.55928534   -0.21606346  0.19643754  0.08382508   0.82541
 0.43621760 -1.54846968  1.00498988   -0.09589596 -0.21339276 -0.18736977   1.13039
 0.25240032  1.07137341 -1.32506994    0.13824192 -0.17699517 -0.19318572   0.72671
 0.93947764 -1.15790836  0.90754133    0.23213089 -0.16624793 -0.07757716   0.74498
-0.17383819 -1.40895676 -1.19185487    0.17612531 -0.21392101 -0.10538168   1.17535
-1.13352623  1.29480226 -0.29139353    0.28943157 -0.05483247  0.02853270   1.11024
 1.01022578 -1.47130460 -0.64616133   -0.21986527  0.02291757 -0.20484269   0.78811
-0.30618708  1.52916919 -0.25678720   -0.24310313 -0.16990197 -0.06179185   0.89340
 0.14240963  1.52025654 -0.61178694   -0.28493580 -0.04198912  0.10021067   1.24739
 0.45228135 -1.09745166 -0.44288492   -0.06687623 -0.13696849  0.26211030   1.19059
 0.04379380  1.78613699  0.21640018   -0.25123170  0.09970560  0.14088461   0.90516
-0.44680161 -0.00125100 -1.26946487    0.21223659 -0.19418335 -0.07071556   0.79642
